
G28
G90

G1 F1200.00

G1 Z15.0000
G1 X0.0000 Y0.0000

M106 S255

G1 Z15.0000


G1 F120.00
G1 X-9.0136 Y-15.5543
G1 F60.00
G1 Z0.3
G1 F120.00
G1 X-9.6846 Y-15.5543
G1 Z2.0000
G1 X-8.9715 Y-16.0643
G1 F60.00
G1 Z0.3
G1 F120.00
G1 X-9.6468 Y-16.0643
G1 X-9.5183 Y-16.5743
G1 X-8.7394 Y-16.5743
G1 X-8.6143 Y-17.0843
G1 X-9.2691 Y-17.0843
G1 Z2.0000
G1 X-9.2646 Y-17.5943
G1 F60.00
G1 Z0.3
G1 F120.00
G1 X-8.6143 Y-17.5943
G1 X-8.6143 Y-18.1043
G1 X-9.2646 Y-18.1043
G1 X-9.2646 Y-18.6143
G1 X-8.6143 Y-18.6143
G1 Z2.0000
G1 X-8.5646 Y-19.1243
G1 F60.00
G1 Z0.3
G1 F120.00
G1 X-9.2646 Y-19.1243
G1 X-9.2646 Y-19.6343
G1 X-5.6690 Y-19.6343
G1 X-4.9686 Y-20.1443
G1 X-8.7332 Y-20.1443
G1 Z2.0000
G1 X-9.2110 Y-22.1843
G1 F60.00
G1 Z0.3
G1 F120.00
G1 X-6.1823 Y-22.1843
G1 X-5.6723 Y-22.6943
G1 X-8.6860 Y-22.6943
G1 Z2.0000
G1 X-9.4352 Y-24.7343
G1 F60.00
G1 Z0.3
G1 F120.00
G1 X-6.2323 Y-24.7343
G1 X-5.7223 Y-25.2443
G1 X-8.6416 Y-25.2443
G1 Z2.0000
G1 X-8.2783 Y-25.7543
G1 F60.00
G1 Z0.3
G1 F120.00
G1 X-5.2123 Y-25.7543
G1 X-4.7023 Y-26.2643
G1 X-7.7683 Y-26.2643
G1 X-7.2583 Y-26.7743
G1 X-4.1519 Y-26.7743
G1 Z2.0000
G1 X-4.4964 Y-27.7943
G1 F60.00
G1 Z0.3
G1 F120.00
G1 X-6.2383 Y-27.7943
G1 X-6.7483 Y-27.2843
G1 X12.3282 Y-27.2843
G1 X11.9123 Y-26.7743
G1 X12.8724 Y-26.7743
G1 X12.4627 Y-26.2643
G1 X13.3824 Y-26.2643
G1 X12.9727 Y-25.7543
G1 X15.3454 Y-25.7543
G1 X16.2545 Y-25.2443
G1 X13.4827 Y-25.2443
G1 Z2.0000
G1 X11.6587 Y-24.7343
G1 F60.00
G1 Z0.3
G1 F120.00
G1 X10.7622 Y-24.7343
G1 Z2.0000
G1 X11.1282 Y-24.2243
G1 F60.00
G1 Z0.3
G1 F120.00
G1 X11.8722 Y-24.2243
G1 Z2.0000
G1 X11.7272 Y-23.7143
G1 F60.00
G1 Z0.3
G1 F120.00
G1 X11.2732 Y-23.7143
G1 Z2.0000
G1 X11.2551 Y-23.2043
G1 F60.00
G1 Z0.3
G1 F120.00
G1 X11.7453 Y-23.2043
G1 Z2.0000
G1 X11.9339 Y-22.6943
G1 F60.00
G1 Z0.3
G1 F120.00
G1 X11.0665 Y-22.6943
G1 Z2.0000
G1 X10.6188 Y-22.1843
G1 F60.00
G1 Z0.3
G1 F120.00
G1 X12.3816 Y-22.1843
G1 X11.9746 Y-21.6743
G1 X16.1058 Y-21.6743
G1 X15.6988 Y-22.1843
G1 X16.5975 Y-22.1843
G1 X16.8651 Y-22.6943
G1 X16.1465 Y-22.6943
G1 Z2.0000
G1 X16.3351 Y-23.2043
G1 F60.00
G1 Z0.3
G1 F120.00
G1 X16.9949 Y-23.2043
G1 X17.0085 Y-23.7143
G1 X16.3532 Y-23.7143
G1 Z2.0000
G1 X16.2082 Y-24.2243
G1 F60.00
G1 Z0.3
G1 F120.00
G1 X16.9074 Y-24.2243
G1 X16.6735 Y-24.7343
G1 X15.8422 Y-24.7343
G1 Z2.0000
G1 X11.0258 Y-21.6743
G1 F60.00
G1 Z0.3
G1 F120.00
G1 X6.8946 Y-21.6743
G1 X7.3016 Y-22.1843
G1 X5.5388 Y-22.1843
G1 X5.9458 Y-21.6743
G1 X1.8146 Y-21.6743
G1 X2.2216 Y-22.1843
G1 X-3.8483 Y-22.1843
G1 X-3.4386 Y-21.6743
G1 X-4.3583 Y-21.6743
G1 X-3.9486 Y-21.1643
G1 X-4.8683 Y-21.1643
G1 X-4.4586 Y-20.6543
G1 X-5.3783 Y-20.6543
G1 Z2.0000
G1 X-5.4283 Y-23.2043
G1 F60.00
G1 Z0.3
G1 F120.00
G1 X-5.1623 Y-23.2043
G1 X-4.9183 Y-23.7143
G1 X-4.6523 Y-23.7143
G1 X-4.4083 Y-24.2243
G1 X-4.1086 Y-24.2243
G1 X-3.8983 Y-24.7343
G1 X2.0782 Y-24.7343
G1 Z2.0000
G1 X1.7739 Y-22.6943
G1 F60.00
G1 Z0.3
G1 F120.00
G1 X-3.3383 Y-22.6943
G1 Z2.0000
G1 X-4.6245 Y-28.3043
G1 F60.00
G1 Z0.3
G1 F120.00
G1 X-5.7283 Y-28.3043
G1 X-5.2183 Y-28.8143
G1 X-4.2986 Y-28.8143
G1 X-4.7083 Y-29.3243
G1 X-3.7886 Y-29.3243
G1 X-4.1983 Y-29.8343
G1 X12.1593 Y-29.8343
G1 Z2.0000
G1 X11.7316 Y-30.3443
G1 F60.00
G1 Z0.3
G1 F120.00
G1 X12.7314 Y-30.3443
G1 X12.3217 Y-30.8543
G1 X13.2414 Y-30.8543
G1 X12.8317 Y-31.3643
G1 X14.9096 Y-31.3643
G1 Z2.0000
G1 X15.7519 Y-32.3843
G1 F60.00
G1 Z0.3
G1 F120.00
G1 X16.6227 Y-32.3843
G1 X16.8791 Y-32.8943
G1 X16.1695 Y-32.8943
G1 Z2.0000
G1 X16.3411 Y-33.4043
G1 F60.00
G1 Z0.3
G1 F120.00
G1 X16.9994 Y-33.4043
G1 X17.0040 Y-33.9143
G1 X16.3472 Y-33.9143
G1 Z2.0000
G1 X16.1893 Y-34.4243
G1 F60.00
G1 Z0.3
G1 F120.00
G1 X16.8934 Y-34.4243
G1 X16.6484 Y-34.9343
G1 X15.7980 Y-34.9343
G1 X16.2074 Y-35.4443
G1 X11.8643 Y-35.4443
G1 Z2.0000
G1 X12.2824 Y-34.9343
G1 F60.00
G1 Z0.3
G1 F120.00
G1 X10.7180 Y-34.9343
G1 Z2.0000
G1 X11.1093 Y-34.4243
G1 F60.00
G1 Z0.3
G1 F120.00
G1 X11.8911 Y-34.4243
G1 Z2.0000
G1 X11.7332 Y-33.9143
G1 F60.00
G1 Z0.3
G1 F120.00
G1 X11.2672 Y-33.9143
G1 Z2.0000
G1 X11.2611 Y-33.4043
G1 F60.00
G1 Z0.3
G1 F120.00
G1 X11.7393 Y-33.4043
G1 Z2.0000
G1 X11.9109 Y-32.8943
G1 F60.00
G1 Z0.3
G1 F120.00
G1 X11.0895 Y-32.8943
G1 Z2.0000
G1 X10.6719 Y-32.3843
G1 F60.00
G1 Z0.3
G1 F120.00
G1 X11.5177 Y-32.3843
G1 Z2.0000
G1 X13.3417 Y-31.8743
G1 F60.00
G1 Z0.3
G1 F120.00
G1 X16.1560 Y-31.8743
G1 Z2.0000
G1 X15.1757 Y-35.9543
G1 F60.00
G1 Z0.3
G1 F120.00
G1 X12.9047 Y-35.9543
G1 Z2.0000
G1 X11.1339 Y-35.4443
G1 F60.00
G1 Z0.3
G1 F120.00
G1 X6.7843 Y-35.4443
G1 Z2.0000
G1 X7.2024 Y-34.9343
G1 F60.00
G1 Z0.3
G1 F120.00
G1 X5.6380 Y-34.9343
G1 X6.0539 Y-35.4443
G1 X1.7130 Y-35.4443
G1 X2.1224 Y-34.9343
G1 X-5.7079 Y-34.9343
G1 X-5.2846 Y-34.4243
G1 X-6.2720 Y-34.4243
G1 X-5.8623 Y-33.9143
G1 X-6.7820 Y-33.9143
G1 X-6.3723 Y-33.4043
G1 X-7.2920 Y-33.4043
G1 X-6.8823 Y-32.8943
G1 X-7.8177 Y-32.8943
G1 X-7.3923 Y-32.3843
G1 X-9.2646 Y-32.3843
G1 X-9.2646 Y-31.8743
G1 X-7.9023 Y-31.8743
G1 X-8.4123 Y-31.3643
G1 X-9.2646 Y-31.3643
G1 X-9.2646 Y-30.8543
G1 X-8.9223 Y-30.8543
G1 Z2.0000
G1 X-7.6083 Y-29.8343
G1 F60.00
G1 Z0.3
G1 F120.00
G1 X-6.5323 Y-29.8343
G1 X-7.0423 Y-29.3243
G1 X-8.1183 Y-29.3243
G1 X-8.4017 Y-28.8143
G1 X-7.5523 Y-28.8143
G1 X-8.0623 Y-28.3043
G1 X-8.3843 Y-28.3043
G1 Z2.0000
G1 X-8.5723 Y-27.7943
G1 F60.00
G1 Z0.3
G1 F120.00
G1 X-8.6039 Y-27.7943
G1 Z2.0000
G1 X-9.0823 Y-27.2843
G1 F60.00
G1 Z0.3
G1 F120.00
G1 X-19.4410 Y-27.2843
G1 Z2.0000
G1 X-18.8279 Y-27.7943
G1 F60.00
G1 Z0.3
G1 F120.00
G1 X-17.7893 Y-27.7943
G1 Z2.0000
G1 X-17.8970 Y-28.3043
G1 F60.00
G1 Z0.3
G1 F120.00
G1 X-18.5620 Y-28.3043
G1 Z2.0000
G1 X-18.5442 Y-28.8143
G1 F60.00
G1 Z0.3
G1 F120.00
G1 X-17.8864 Y-28.8143
G1 X-18.0199 Y-29.3243
G1 X-18.7632 Y-29.3243
G1 X-18.3330 Y-29.8343
G1 X-19.4246 Y-29.8343
G1 X-19.4246 Y-30.3443
G1 X-18.7380 Y-30.3443
G1 Z2.0000
G1 X-18.7743 Y-30.8543
G1 F60.00
G1 Z0.3
G1 F120.00
G1 X-19.4246 Y-30.8543
G1 X-19.4246 Y-31.3643
G1 X-18.7406 Y-31.3643
G1 X-19.4246 Y-31.8743
G1 X-17.9716 Y-31.8743
G1 X-17.1229 Y-32.3843
G1 X-19.1083 Y-32.3843
G1 Z2.0000
G1 X-17.5399 Y-32.8943
G1 F60.00
G1 Z0.3
G1 F120.00
G1 X-16.7751 Y-32.8943
G1 X-16.6244 Y-33.4043
G1 X-17.2870 Y-33.4043
G1 Z2.0000
G1 X-17.2775 Y-33.9143
G1 F60.00
G1 Z0.3
G1 F120.00
G1 X-16.6190 Y-33.9143
G1 X-16.7582 Y-34.4243
G1 X-17.5080 Y-34.4243
G1 X-17.0819 Y-34.9343
G1 X-20.8777 Y-34.9343
G1 X-21.2014 Y-34.4243
G1 X-20.4516 Y-34.4243
G1 Z2.0000
G1 X-20.6821 Y-33.9143
G1 F60.00
G1 Z0.3
G1 F120.00
G1 X-21.3406 Y-33.9143
G1 Z2.0000
G1 X-21.3922 Y-33.4043
G1 F60.00
G1 Z0.3
G1 F120.00
G1 X-20.6726 Y-33.4043
G1 X-20.9173 Y-32.8943
G1 X-21.6462 Y-32.8943
G1 X-21.7253 Y-32.3843
G1 X-21.0750 Y-32.3843
G1 X-21.0750 Y-31.8743
G1 X-21.7253 Y-31.8743
G1 X-21.7253 Y-31.3643
G1 X-21.0750 Y-31.3643
G1 X-21.0750 Y-30.8543
G1 X-21.7253 Y-30.8543
G1 Z2.0000
G1 X-21.7583 Y-30.3443
G1 F60.00
G1 Z0.3
G1 F120.00
G1 X-21.0750 Y-30.3443
G1 X-21.0750 Y-29.8343
G1 X-22.1666 Y-29.8343
G1 X-22.4797 Y-29.3243
G1 X-21.7364 Y-29.3243
G1 Z2.0000
G1 X-21.9554 Y-28.8143
G1 F60.00
G1 Z0.3
G1 F120.00
G1 X-22.6132 Y-28.8143
G1 X-22.6026 Y-28.3043
G1 X-21.9376 Y-28.3043
G1 Z2.0000
G1 X-21.6717 Y-27.7943
G1 F60.00
G1 Z0.3
G1 F120.00
G1 X-22.4462 Y-27.7943
G1 Z2.0000
G1 X-22.3057 Y-27.2843
G1 F60.00
G1 Z0.3
G1 F120.00
G1 X-21.0586 Y-27.2843
G1 Z2.0000
G1 X-21.7723 Y-26.7743
G1 F60.00
G1 Z0.3
G1 F120.00
G1 X-22.5004 Y-26.7743
G1 X-22.5296 Y-26.7040
G1 X-22.5932 Y-26.4665
G1 X-22.6253 Y-26.2227
G1 X-22.6253 Y-25.9769
G1 X-22.5932 Y-25.7331
G1 X-22.5296 Y-25.4956
G1 X-22.4355 Y-25.2685
G1 X-22.3883 Y-25.1868
G1 X-22.3783 Y-25.1685
G1 X-22.3693 Y-25.1497
G1 X-22.3651 Y-25.1401
G1 X-22.3611 Y-25.1305
G1 X-22.3539 Y-25.1109
G1 X-22.3195 Y-25.0090
G1 X-22.3137 Y-24.9889
G1 X-22.3113 Y-24.9788
G1 X-22.3070 Y-24.9584
G1 X-22.3038 Y-24.9378
G1 X-22.3026 Y-24.9274
G1 X-22.3008 Y-24.9066
G1 X-22.3002 Y-24.8858
G1 X-22.3002 Y-24.8753
G1 X-22.3011 Y-24.8545
G1 X-22.3074 Y-24.7576
G1 X-22.3094 Y-24.7363
G1 X-22.3124 Y-24.7151
G1 X-22.3164 Y-24.6941
G1 X-22.3215 Y-24.6733
G1 X-22.3277 Y-24.6528
G1 X-22.3349 Y-24.6326
G1 X-22.3389 Y-24.6227
G1 X-22.3637 Y-24.5627
G1 X-22.3728 Y-24.5423
G1 X-22.3777 Y-24.5324
G1 X-22.3883 Y-24.5128
G1 X-22.4355 Y-24.4311
G1 X-22.5296 Y-24.2040
G1 X-22.5932 Y-23.9665
G1 X-22.6253 Y-23.7227
G1 X-22.6253 Y-23.4769
G1 X-22.5932 Y-23.2331
G1 X-22.5296 Y-22.9956
G1 X-22.4355 Y-22.7685
G1 X-22.3883 Y-22.6868
G1 X-22.3783 Y-22.6685
G1 X-22.3693 Y-22.6497
G1 X-22.3651 Y-22.6401
G1 X-22.3574 Y-22.6207
G1 X-22.3195 Y-22.5090
G1 X-22.3137 Y-22.4889
G1 X-22.3113 Y-22.4788
G1 X-22.3070 Y-22.4584
G1 X-22.3038 Y-22.4378
G1 X-22.3026 Y-22.4274
G1 X-22.3008 Y-22.4066
G1 X-22.3002 Y-22.3858
G1 X-22.3002 Y-22.3753
G1 X-22.3011 Y-22.3545
G1 X-22.3074 Y-22.2576
G1 X-22.3094 Y-22.2363
G1 X-22.3124 Y-22.2151
G1 X-22.3164 Y-22.1941
G1 X-22.3215 Y-22.1733
G1 X-22.3277 Y-22.1528
G1 X-22.3349 Y-22.1326
G1 X-22.3389 Y-22.1227
G1 X-22.3637 Y-22.0627
G1 X-22.3728 Y-22.0423
G1 X-22.3777 Y-22.0324
G1 X-22.3883 Y-22.0128
G1 X-22.4355 Y-21.9311
G1 X-22.5296 Y-21.7040
G1 X-22.5932 Y-21.4665
G1 X-22.6253 Y-21.2227
G1 X-22.6253 Y-20.9769
G1 X-22.5932 Y-20.7331
G1 X-22.5296 Y-20.4956
G1 X-22.4355 Y-20.2685
G1 X-22.3126 Y-20.0556
G1 X-22.1629 Y-19.8605
G1 X-21.9891 Y-19.6867
G1 X-21.9808 Y-19.6802
G1 X-21.9649 Y-19.6667
G1 X-21.9497 Y-19.6524
G1 X-21.9423 Y-19.6450
G1 X-21.9282 Y-19.6297
G1 X-21.8641 Y-19.5567
G1 X-21.8508 Y-19.5406
G1 X-21.8382 Y-19.5240
G1 X-21.8322 Y-19.5154
G1 X-21.8209 Y-19.4979
G1 X-21.8105 Y-19.4798
G1 X-21.8010 Y-19.4613
G1 X-21.7924 Y-19.4423
G1 X-21.7847 Y-19.4229
G1 X-21.7812 Y-19.4130
G1 X-21.7500 Y-19.3210
G1 X-21.7413 Y-19.2920
G1 X-21.7346 Y-19.2624
G1 X-21.7301 Y-19.2324
G1 X-21.7283 Y-19.2122
G1 X-21.7262 Y-19.1797
G1 X-21.7253 Y-19.1519
G1 X-21.7253 Y-17.0731
G1 X-21.7001 Y-16.8813
G1 X-21.6500 Y-16.6945
G1 X-21.5760 Y-16.5158
G1 X-21.4724 Y-16.3363
G1 X-21.4623 Y-16.3199
G1 X-21.4516 Y-16.3005
G1 X-21.4020 Y-16.1986
G1 X-21.3978 Y-16.1890
G1 X-21.3900 Y-16.1695
G1 X-21.3865 Y-16.1596
G1 X-21.3802 Y-16.1395
G1 X-21.3750 Y-16.1192
G1 X-21.3707 Y-16.0986
G1 X-21.3689 Y-16.0882
G1 X-21.3576 Y-16.0024
G1 X-21.3559 Y-15.9802
G1 X-21.3553 Y-15.9579
G1 X-21.3553 Y-15.7769
G1 X-21.3232 Y-15.5331
G1 X-21.2596 Y-15.2956
G1 X-21.1655 Y-15.0685
G1 X-21.0426 Y-14.8556
G1 X-20.8929 Y-14.6605
G1 X-20.7191 Y-14.4867
G1 X-20.5240 Y-14.3370
G1 X-20.3111 Y-14.2141
G1 X-20.0840 Y-14.1200
G1 X-19.8465 Y-14.0564
G1 X-19.6027 Y-14.0243
G1 X-18.3569 Y-14.0243
G1 X-18.1131 Y-14.0564
G1 X-17.8756 Y-14.1200
G1 X-17.6485 Y-14.2141
G1 X-17.4356 Y-14.3370
G1 X-17.2405 Y-14.4867
G1 X-17.0667 Y-14.6605
G1 X-16.9170 Y-14.8556
G1 X-16.7941 Y-15.0685
G1 X-16.7000 Y-15.2956
G1 X-16.6364 Y-15.5331
G1 X-16.6043 Y-15.7769
G1 X-16.6043 Y-16.0227
G1 X-16.6364 Y-16.2665
G1 X-16.7000 Y-16.5039
G1 X-16.7941 Y-16.7311
G1 X-16.9170 Y-16.9440
G1 X-17.0667 Y-17.1391
G1 X-17.2405 Y-17.3129
G1 X-17.4356 Y-17.4626
G1 X-17.6485 Y-17.5855
G1 X-17.8756 Y-17.6796
G1 X-18.1131 Y-17.7432
G1 X-18.1883 Y-17.7531
G1 X-18.2089 Y-17.7563
G1 X-18.2293 Y-17.7606
G1 X-18.2394 Y-17.7631
G1 X-18.2595 Y-17.7688
G1 X-18.3712 Y-17.8067
G1 X-18.3906 Y-17.8144
G1 X-18.4002 Y-17.8186
G1 X-18.4190 Y-17.8277
G1 X-18.4373 Y-17.8376
G1 X-18.4551 Y-17.8485
G1 X-18.4723 Y-17.8602
G1 X-18.4808 Y-17.8664
G1 X-18.4971 Y-17.8794
G1 X-18.5050 Y-17.8862
G1 X-18.5781 Y-17.9502
G1 X-18.5934 Y-17.9644
G1 X-18.6080 Y-17.9792
G1 X-18.6219 Y-17.9948
G1 X-18.6286 Y-18.0028
G1 X-18.6413 Y-18.0194
G1 X-18.6531 Y-18.0365
G1 X-18.6642 Y-18.0542
G1 X-18.6693 Y-18.0633
G1 X-18.6790 Y-18.0818
G1 X-18.7220 Y-18.1689
G1 X-18.7310 Y-18.1883
G1 X-18.7351 Y-18.1982
G1 X-18.7389 Y-18.2082
G1 X-18.7459 Y-18.2284
G1 X-18.7519 Y-18.2490
G1 X-18.7545 Y-18.2593
G1 X-18.7589 Y-18.2803
G1 X-18.7622 Y-18.3014
G1 X-18.7720 Y-18.3769
G1 X-18.7730 Y-18.3880
G1 X-18.7742 Y-18.4102
G1 X-18.7742 Y-19.1624
G1 X-18.7738 Y-19.1728
G1 X-18.7723 Y-19.1936
G1 X-18.7711 Y-19.2040
G1 X-18.7680 Y-19.2246
G1 X-18.7450 Y-19.3403
G1 X-18.7400 Y-19.3606
G1 X-18.7370 Y-19.3706
G1 X-18.7305 Y-19.3904
G1 X-18.7230 Y-19.4099
G1 X-18.7189 Y-19.4194
G1 X-18.7100 Y-19.4383
G1 X-18.7001 Y-19.4567
G1 X-18.6894 Y-19.4746
G1 X-18.6837 Y-19.4833
G1 X-18.6297 Y-19.5641
G1 X-18.6181 Y-19.5807
G1 X-18.5992 Y-19.6044
G1 X-18.5787 Y-19.6267
G1 X-18.5566 Y-19.6475
G1 X-18.5251 Y-19.6751
G1 X-18.5105 Y-19.6867
G1 X-18.3367 Y-19.8605
G1 X-18.1870 Y-20.0556
G1 X-18.0641 Y-20.2685
G1 X-17.9700 Y-20.4956
G1 X-17.9064 Y-20.7331
G1 X-17.8743 Y-20.9769
G1 X-17.8743 Y-21.2227
G1 X-17.8821 Y-21.2823
G1 X-17.8844 Y-21.3031
G1 X-17.8856 Y-21.3239
G1 X-17.8857 Y-21.3448
G1 X-17.8849 Y-21.3656
G1 X-17.8777 Y-21.4729
G1 X-17.8766 Y-21.4833
G1 X-17.8737 Y-21.5040
G1 X-17.8719 Y-21.5142
G1 X-17.8675 Y-21.5346
G1 X-17.8649 Y-21.5447
G1 X-17.8591 Y-21.5648
G1 X-17.8522 Y-21.5845
G1 X-17.8444 Y-21.6038
G1 X-17.8356 Y-21.6227
G1 X-17.7926 Y-21.7099
G1 X-17.7829 Y-21.7283
G1 X-17.7724 Y-21.7463
G1 X-17.7668 Y-21.7551
G1 X-17.7609 Y-21.7637
G1 X-17.7486 Y-21.7806
G1 X-17.7422 Y-21.7888
G1 X-17.7287 Y-21.8047
G1 X-17.7217 Y-21.8124
G1 X-17.7070 Y-21.8273
G1 X-17.6917 Y-21.8414
G1 X-17.6186 Y-21.9055
G1 X-17.6026 Y-21.9188
G1 X-17.5944 Y-21.9252
G1 X-17.5774 Y-21.9374
G1 X-17.5687 Y-21.9431
G1 X-17.5509 Y-21.9540
G1 X-17.5326 Y-21.9640
G1 X-17.5138 Y-21.9731
G1 X-17.4946 Y-21.9812
G1 X-17.4750 Y-21.9884
G1 X-17.3830 Y-22.0196
G1 X-17.3540 Y-22.0283
G1 X-17.3244 Y-22.0350
G1 X-17.3044 Y-22.0382
G1 X-17.2843 Y-22.0405
G1 X-17.2324 Y-22.0439
G1 X-17.2139 Y-22.0443
G1 X-13.1152 Y-22.0443
G1 X-13.0943 Y-22.0438
G1 X-13.0735 Y-22.0423
G1 X-13.0528 Y-22.0397
G1 X-13.0425 Y-22.0380
G1 X-12.9370 Y-22.0172
G1 X-12.9268 Y-22.0150
G1 X-12.9065 Y-22.0100
G1 X-12.8866 Y-22.0039
G1 X-12.8669 Y-21.9969
G1 X-12.8476 Y-21.9889
G1 X-12.8382 Y-21.9845
G1 X-12.8195 Y-21.9752
G1 X-12.8014 Y-21.9649
G1 X-12.7838 Y-21.9537
G1 X-12.6944 Y-21.8938
G1 X-12.6859 Y-21.8877
G1 X-12.6695 Y-21.8749
G1 X-12.6615 Y-21.8682
G1 X-12.6460 Y-21.8542
G1 X-12.6313 Y-21.8394
G1 X-12.6242 Y-21.8318
G1 X-12.6106 Y-21.8160
G1 X-12.5977 Y-21.7995
G1 X-12.5857 Y-21.7825
G1 X-12.5317 Y-21.7017
G1 X-12.5206 Y-21.6841
G1 X-12.5153 Y-21.6751
G1 X-12.5055 Y-21.6567
G1 X-12.4966 Y-21.6378
G1 X-12.4925 Y-21.6282
G1 X-12.4850 Y-21.6088
G1 X-12.4784 Y-21.5890
G1 X-12.4728 Y-21.5689
G1 X-12.4683 Y-21.5485
G1 X-12.4475 Y-21.4433
G1 X-12.4433 Y-21.4132
G1 X-12.4413 Y-21.3829
G1 X-12.4415 Y-21.3526
G1 X-12.4442 Y-21.3100
G1 X-12.4458 Y-21.2915
G1 X-12.4653 Y-21.1427
G1 X-12.4653 Y-20.8969
G1 X-12.4332 Y-20.6531
G1 X-12.3696 Y-20.4156
G1 X-12.2755 Y-20.1885
G1 X-12.1526 Y-19.9756
G1 X-12.0029 Y-19.7805
G1 X-11.8291 Y-19.6067
G1 X-11.8208 Y-19.6002
G1 X-11.8049 Y-19.5867
G1 X-11.7897 Y-19.5724
G1 X-11.7823 Y-19.5650
G1 X-11.7682 Y-19.5497
G1 X-11.6973 Y-19.4687
G1 X-11.6844 Y-19.4524
G1 X-11.6782 Y-19.4440
G1 X-11.6722 Y-19.4354
G1 X-11.6609 Y-19.4179
G1 X-11.6505 Y-19.3998
G1 X-11.6410 Y-19.3813
G1 X-11.6324 Y-19.3623
G1 X-11.6284 Y-19.3526
G1 X-11.6212 Y-19.3330
G1 X-11.5900 Y-19.2410
G1 X-11.5839 Y-19.2217
G1 X-11.5788 Y-19.2022
G1 X-11.5729 Y-19.1724
G1 X-11.5701 Y-19.1524
G1 X-11.5683 Y-19.1322
G1 X-11.5662 Y-19.0997
G1 X-11.5653 Y-19.0719
G1 X-11.5653 Y-18.4213
G1 X-11.5658 Y-18.4005
G1 X-11.5665 Y-18.3901
G1 X-11.5685 Y-18.3693
G1 X-11.5716 Y-18.3487
G1 X-11.5924 Y-18.2431
G1 X-11.5970 Y-18.2228
G1 X-11.6026 Y-18.2027
G1 X-11.6091 Y-18.1829
G1 X-11.6127 Y-18.1731
G1 X-11.6207 Y-18.1538
G1 X-11.6296 Y-18.1350
G1 X-11.6344 Y-18.1257
G1 X-11.6447 Y-18.1076
G1 X-11.6559 Y-18.0899
G1 X-11.7099 Y-18.0092
G1 X-11.7158 Y-18.0006
G1 X-11.7282 Y-17.9838
G1 X-11.7347 Y-17.9757
G1 X-11.7483 Y-17.9599
G1 X-11.7627 Y-17.9447
G1 X-11.7702 Y-17.9375
G1 X-11.7856 Y-17.9235
G1 X-11.8018 Y-17.9102
G1 X-11.8101 Y-17.9039
G1 X-11.8271 Y-17.8919
G1 X-11.9169 Y-17.8321
G1 X-11.9260 Y-17.8265
G1 X-11.9446 Y-17.8160
G1 X-11.9638 Y-17.8064
G1 X-11.9833 Y-17.7978
G1 X-12.0034 Y-17.7902
G1 X-12.0237 Y-17.7837
G1 X-12.1076 Y-17.7612
G1 X-12.1184 Y-17.7588
G1 X-12.1403 Y-17.7547
G1 X-12.2265 Y-17.7432
G1 X-12.4640 Y-17.6796
G1 X-12.6911 Y-17.5855
G1 X-12.9040 Y-17.4626
G1 X-13.0991 Y-17.3129
G1 X-13.2729 Y-17.1391
G1 X-13.4226 Y-16.9440
G1 X-13.5455 Y-16.7311
G1 X-13.6396 Y-16.5040
G1 X-13.7032 Y-16.2665
G1 X-13.7353 Y-16.0227
G1 X-13.7353 Y-15.7769
G1 X-13.7032 Y-15.5331
G1 X-13.6396 Y-15.2956
G1 X-13.5455 Y-15.0685
G1 X-13.4226 Y-14.8556
G1 X-13.2729 Y-14.6605
G1 X-13.0991 Y-14.4867
G1 X-12.9040 Y-14.3370
G1 X-12.6911 Y-14.2141
G1 X-12.4640 Y-14.1200
G1 X-12.2265 Y-14.0564
G1 X-11.9827 Y-14.0243
G1 X-10.7369 Y-14.0243
G1 X-10.4931 Y-14.0564
G1 X-10.2556 Y-14.1200
G1 X-10.0285 Y-14.2141
G1 X-9.8156 Y-14.3370
G1 X-9.6205 Y-14.4867
G1 X-9.4467 Y-14.6605
G1 X-9.2970 Y-14.8556
G1 X-9.1741 Y-15.0685
G1 X-9.0800 Y-15.2956
G1 X-9.0164 Y-15.5331
G1 X-8.9843 Y-15.7769
G1 X-8.9843 Y-15.9579
G1 X-8.9838 Y-15.9788
G1 X-8.9823 Y-15.9996
G1 X-8.9797 Y-16.0203
G1 X-8.9761 Y-16.0409
G1 X-8.9572 Y-16.1362
G1 X-8.9550 Y-16.1466
G1 X-8.9497 Y-16.1674
G1 X-8.9435 Y-16.1878
G1 X-8.9362 Y-16.2079
G1 X-8.9322 Y-16.2178
G1 X-8.9234 Y-16.2374
G1 X-8.9136 Y-16.2564
G1 X-8.8770 Y-16.3205
G1 X-8.7635 Y-16.5161
G1 X-8.6896 Y-16.6945
G1 X-8.6395 Y-16.8813
G1 X-8.6143 Y-17.0731
G1 X-8.6143 Y-18.8703
G1 X-8.6138 Y-18.8912
G1 X-8.6123 Y-18.9120
G1 X-8.6111 Y-18.9223
G1 X-8.6080 Y-18.9430
G1 X-8.5850 Y-19.0587
G1 X-8.5800 Y-19.0789
G1 X-8.5739 Y-19.0989
G1 X-8.5669 Y-19.1185
G1 X-8.5589 Y-19.1378
G1 X-8.5500 Y-19.1567
G1 X-8.5401 Y-19.1751
G1 X-8.5349 Y-19.1841
G1 X-8.5237 Y-19.2017
G1 X-8.4697 Y-19.2825
G1 X-8.4577 Y-19.2995
G1 X-8.4449 Y-19.3160
G1 X-8.4382 Y-19.3240
G1 X-8.4242 Y-19.3394
G1 X-8.4094 Y-19.3542
G1 X-8.3940 Y-19.3682
G1 X-8.3778 Y-19.3814
G1 X-8.3611 Y-19.3938
G1 X-8.2630 Y-19.4594
G1 X-8.2451 Y-19.4701
G1 X-8.2267 Y-19.4800
G1 X-8.2173 Y-19.4845
G1 X-8.1982 Y-19.4930
G1 X-8.1788 Y-19.5005
G1 X-8.1590 Y-19.5070
G1 X-8.1389 Y-19.5126
G1 X-8.1185 Y-19.5172
G1 X-8.0232 Y-19.5361
G1 X-8.0027 Y-19.5397
G1 X-7.9923 Y-19.5411
G1 X-7.9820 Y-19.5423
G1 X-7.9612 Y-19.5438
G1 X-7.9403 Y-19.5443
G1 X-6.0831 Y-19.5443
G1 X-5.8913 Y-19.5695
G1 X-5.7045 Y-19.6196
G1 X-5.5258 Y-19.6936
G1 X-5.3583 Y-19.7903
G1 X-5.2049 Y-19.9081
G1 X-3.2660 Y-21.8469
G1 X-3.2509 Y-21.8613
G1 X-3.2351 Y-21.8749
G1 X-3.2270 Y-21.8814
G1 X-3.2102 Y-21.8938
G1 X-3.1208 Y-21.9537
G1 X-3.1032 Y-21.9649
G1 X-3.0942 Y-21.9701
G1 X-3.0758 Y-21.9800
G1 X-3.0570 Y-21.9889
G1 X-3.0474 Y-21.9930
G1 X-3.0377 Y-21.9969
G1 X-3.0180 Y-22.0039
G1 X-2.9981 Y-22.0100
G1 X-2.9880 Y-22.0126
G1 X-2.9676 Y-22.0172
G1 X-2.8621 Y-22.0380
G1 X-2.8518 Y-22.0397
G1 X-2.8311 Y-22.0423
G1 X-2.8103 Y-22.0438
G1 X-2.7894 Y-22.0443
G1 X1.1378 Y-22.0443
G1 X1.1586 Y-22.0438
G1 X1.1794 Y-22.0423
G1 X1.1898 Y-22.0411
G1 X1.2001 Y-22.0397
G1 X1.2207 Y-22.0361
G1 X1.3160 Y-22.0172
G1 X1.3363 Y-22.0126
G1 X1.3564 Y-22.0070
G1 X1.3762 Y-22.0005
G1 X1.3957 Y-21.9930
G1 X1.4053 Y-21.9889
G1 X1.4241 Y-21.9800
G1 X1.4425 Y-21.9701
G1 X1.4515 Y-21.9649
G1 X1.4692 Y-21.9537
G1 X1.5500 Y-21.8997
G1 X1.5586 Y-21.8938
G1 X1.5753 Y-21.8814
G1 X1.5914 Y-21.8682
G1 X1.6069 Y-21.8542
G1 X1.6782 Y-21.7831
G1 X1.8824 Y-21.6202
G1 X2.1035 Y-21.4813
G1 X2.3389 Y-21.3679
G1 X2.5854 Y-21.2817
G1 X2.8401 Y-21.2235
G1 X3.0996 Y-21.1943
G1 X4.6608 Y-21.1943
G1 X4.9204 Y-21.2235
G1 X5.1750 Y-21.2817
G1 X5.4215 Y-21.3679
G1 X5.6569 Y-21.4813
G1 X5.8780 Y-21.6202
G1 X6.0000 Y-21.7175
G1 X6.0166 Y-21.7301
G1 X6.0338 Y-21.7418
G1 X6.0426 Y-21.7474
G1 X6.0607 Y-21.7579
G1 X6.1655 Y-21.8121
G1 X6.1845 Y-21.8207
G1 X6.1942 Y-21.8247
G1 X6.2137 Y-21.8319
G1 X6.2236 Y-21.8352
G1 X6.2437 Y-21.8409
G1 X6.2640 Y-21.8457
G1 X6.2742 Y-21.8477
G1 X6.2948 Y-21.8510
G1 X6.3155 Y-21.8533
G1 X6.4124 Y-21.8615
G1 X6.4332 Y-21.8627
G1 X6.4540 Y-21.8629
G1 X6.4645 Y-21.8626
G1 X6.4749 Y-21.8621
G1 X6.4957 Y-21.8603
G1 X6.5060 Y-21.8590
G1 X6.5266 Y-21.8556
G1 X6.5470 Y-21.8513
G1 X6.5571 Y-21.8487
G1 X6.5771 Y-21.8429
G1 X6.6800 Y-21.8100
G1 X6.7003 Y-21.8023
G1 X6.7201 Y-21.7937
G1 X6.7299 Y-21.7890
G1 X6.7491 Y-21.7788
G1 X6.7677 Y-21.7677
G1 X6.8214 Y-21.7318
G1 X6.8404 Y-21.7175
G1 X6.9624 Y-21.6202
G1 X7.1835 Y-21.4813
G1 X7.4189 Y-21.3679
G1 X7.6654 Y-21.2817
G1 X7.9201 Y-21.2235
G1 X8.1796 Y-21.1943
G1 X9.7408 Y-21.1943
G1 X10.0004 Y-21.2235
G1 X10.2550 Y-21.2817
G1 X10.5015 Y-21.3679
G1 X10.7369 Y-21.4813
G1 X10.9580 Y-21.6202
G1 X11.0800 Y-21.7175
G1 X11.0966 Y-21.7301
G1 X11.1138 Y-21.7418
G1 X11.1316 Y-21.7528
G1 X11.1407 Y-21.7579
G1 X11.2455 Y-21.8121
G1 X11.2550 Y-21.8165
G1 X11.2742 Y-21.8247
G1 X11.2937 Y-21.8319
G1 X11.3036 Y-21.8352
G1 X11.3237 Y-21.8409
G1 X11.3440 Y-21.8457
G1 X11.3542 Y-21.8477
G1 X11.3748 Y-21.8510
G1 X11.3852 Y-21.8523
G1 X11.5028 Y-21.8622
G1 X11.5132 Y-21.8627
G1 X11.5340 Y-21.8629
G1 X11.5549 Y-21.8621
G1 X11.5653 Y-21.8613
G1 X11.5860 Y-21.8590
G1 X11.5963 Y-21.8574
G1 X11.6066 Y-21.8556
G1 X11.6270 Y-21.8513
G1 X11.6371 Y-21.8487
G1 X11.6571 Y-21.8429
G1 X11.7600 Y-21.8100
G1 X11.7803 Y-21.8023
G1 X11.8001 Y-21.7937
G1 X11.8099 Y-21.7890
G1 X11.8291 Y-21.7788
G1 X11.8477 Y-21.7677
G1 X11.9014 Y-21.7318
G1 X11.9204 Y-21.7175
G1 X12.0424 Y-21.6202
G1 X12.2635 Y-21.4813
G1 X12.4989 Y-21.3679
G1 X12.7454 Y-21.2817
G1 X13.0001 Y-21.2235
G1 X13.2596 Y-21.1943
G1 X14.8208 Y-21.1943
G1 X15.0804 Y-21.2235
G1 X15.3350 Y-21.2817
G1 X15.5815 Y-21.3679
G1 X15.8169 Y-21.4813
G1 X16.0380 Y-21.6202
G1 X16.2422 Y-21.7831
G1 X16.4269 Y-21.9678
G1 X16.5898 Y-22.1720
G1 X16.7287 Y-22.3931
G1 X16.8421 Y-22.6285
G1 X16.9283 Y-22.8750
G1 X16.9865 Y-23.1296
G1 X17.0157 Y-23.3892
G1 X17.0157 Y-23.6504
G1 X16.9865 Y-23.9100
G1 X16.9762 Y-23.9550
G1 X16.9283 Y-24.1646
G1 X16.8421 Y-24.4111
G1 X16.7287 Y-24.6465
G1 X16.5898 Y-24.8676
G1 X16.4269 Y-25.0718
G1 X16.2422 Y-25.2565
G1 X16.0380 Y-25.4194
G1 X15.8169 Y-25.5583
G1 X15.5815 Y-25.6717
G1 X15.3350 Y-25.7579
G1 X15.0803 Y-25.8161
G1 X14.8208 Y-25.8453
G1 X14.0806 Y-25.8453
G1 X14.0701 Y-25.8454
G1 X14.0493 Y-25.8465
G1 X14.0285 Y-25.8485
G1 X14.0182 Y-25.8499
G1 X13.9976 Y-25.8535
G1 X13.9024 Y-25.8724
G1 X13.8921 Y-25.8746
G1 X13.8719 Y-25.8796
G1 X13.8520 Y-25.8857
G1 X13.8421 Y-25.8891
G1 X13.8226 Y-25.8966
G1 X13.8036 Y-25.9051
G1 X13.7849 Y-25.9144
G1 X13.7758 Y-25.9195
G1 X13.7668 Y-25.9247
G1 X13.7492 Y-25.9359
G1 X13.6598 Y-25.9958
G1 X13.6513 Y-26.0019
G1 X13.6349 Y-26.0147
G1 X13.6191 Y-26.0283
G1 X13.6114 Y-26.0354
G1 X12.4752 Y-27.1715
G1 X12.3217 Y-27.2893
G1 X12.1542 Y-27.3860
G1 X11.9755 Y-27.4600
G1 X11.7887 Y-27.5101
G1 X11.5969 Y-27.5353
G1 X-3.8365 Y-27.5353
G1 X-3.8855 Y-27.5288
G1 X-3.9069 Y-27.5266
G1 X-3.9409 Y-27.5250
G1 X-3.9617 Y-27.5249
G1 X-3.9722 Y-27.5252
G1 X-3.9930 Y-27.5267
G1 X-4.0033 Y-27.5278
G1 X-4.0385 Y-27.5332
G1 X-4.0740 Y-27.5360
G1 X-4.0947 Y-27.5389
G1 X-4.1152 Y-27.5428
G1 X-4.1355 Y-27.5477
G1 X-4.1455 Y-27.5505
G1 X-4.1806 Y-27.5617
G1 X-4.2002 Y-27.5686
G1 X-4.2195 Y-27.5765
G1 X-4.2384 Y-27.5853
G1 X-4.2569 Y-27.5950
G1 X-4.2873 Y-27.6135
G1 X-4.3190 Y-27.6297
G1 X-4.3281 Y-27.6349
G1 X-4.3458 Y-27.6459
G1 X-4.3630 Y-27.6578
G1 X-4.3713 Y-27.6640
G1 X-4.3876 Y-27.6771
G1 X-4.4155 Y-27.7010
G1 X-4.4232 Y-27.7081
G1 X-4.4380 Y-27.7228
G1 X-4.4521 Y-27.7381
G1 X-4.4654 Y-27.7542
G1 X-4.4865 Y-27.7829
G1 X-4.5096 Y-27.8100
G1 X-4.5221 Y-27.8267
G1 X-4.5281 Y-27.8352
G1 X-4.5394 Y-27.8528
G1 X-4.5447 Y-27.8617
G1 X-4.5547 Y-27.8800
G1 X-4.5713 Y-27.9128
G1 X-4.5757 Y-27.9223
G1 X-4.5838 Y-27.9415
G1 X-4.5909 Y-27.9611
G1 X-4.5971 Y-27.9810
G1 X-4.6056 Y-28.0156
G1 X-4.6136 Y-28.0395
G1 X-4.6193 Y-28.0596
G1 X-4.6218 Y-28.0697
G1 X-4.6260 Y-28.0901
G1 X-4.6278 Y-28.1004
G1 X-4.6305 Y-28.1211
G1 X-4.6343 Y-28.1681
G1 X-4.6349 Y-28.1890
G1 X-4.6348 Y-28.1994
G1 X-4.6339 Y-28.2203
G1 X-4.6320 Y-28.2410
G1 X-4.6306 Y-28.2514
G1 X-4.6266 Y-28.2762
G1 X-4.6248 Y-28.3014
G1 X-4.6224 Y-28.3221
G1 X-4.6209 Y-28.3324
G1 X-4.6170 Y-28.3529
G1 X-4.6146 Y-28.3631
G1 X-4.6092 Y-28.3832
G1 X-4.5981 Y-28.4182
G1 X-4.5911 Y-28.4379
G1 X-4.5833 Y-28.4572
G1 X-4.5745 Y-28.4761
G1 X-4.5647 Y-28.4946
G1 X-4.5463 Y-28.5250
G1 X-4.5304 Y-28.5562
G1 X-4.5147 Y-28.5822
G1 X-4.5033 Y-28.5989
G1 X-4.4847 Y-28.6228
G1 X-4.4608 Y-28.6508
G1 X-4.4376 Y-28.6753
G1 X-3.6860 Y-29.4269
G1 X-3.6709 Y-29.4413
G1 X-3.6631 Y-29.4482
G1 X-3.6470 Y-29.4614
G1 X-3.6302 Y-29.4738
G1 X-3.6216 Y-29.4797
G1 X-3.5321 Y-29.5394
G1 X-3.5142 Y-29.5501
G1 X-3.5051 Y-29.5552
G1 X-3.4864 Y-29.5645
G1 X-3.4674 Y-29.5730
G1 X-3.4577 Y-29.5769
G1 X-3.4381 Y-29.5839
G1 X-3.4181 Y-29.5900
G1 X-3.3979 Y-29.5950
G1 X-3.2821 Y-29.6180
G1 X-3.2615 Y-29.6211
G1 X-3.2511 Y-29.6223
G1 X-3.2303 Y-29.6238
G1 X-3.2094 Y-29.6243
G1 X11.4969 Y-29.6243
G1 X11.6887 Y-29.6495
G1 X11.8755 Y-29.6996
G1 X12.0542 Y-29.7736
G1 X12.2217 Y-29.8703
G1 X12.3751 Y-29.9881
G1 X13.5514 Y-31.1642
G1 X13.5669 Y-31.1782
G1 X13.5749 Y-31.1849
G1 X13.5913 Y-31.1977
G1 X13.5998 Y-31.2038
G1 X13.6979 Y-31.2694
G1 X13.7158 Y-31.2801
G1 X13.7342 Y-31.2900
G1 X13.7436 Y-31.2945
G1 X13.7626 Y-31.3030
G1 X13.7821 Y-31.3105
G1 X13.8019 Y-31.3170
G1 X13.8220 Y-31.3226
G1 X13.8424 Y-31.3272
G1 X13.9376 Y-31.3461
G1 X13.9582 Y-31.3497
G1 X13.9789 Y-31.3523
G1 X13.9997 Y-31.3538
G1 X14.0206 Y-31.3543
G1 X14.8208 Y-31.3543
G1 X15.0804 Y-31.3835
G1 X15.3350 Y-31.4417
G1 X15.5815 Y-31.5279
G1 X15.8169 Y-31.6413
G1 X16.0380 Y-31.7802
G1 X16.2422 Y-31.9431
G1 X16.4269 Y-32.1278
G1 X16.5898 Y-32.3320
G1 X16.7287 Y-32.5531
G1 X16.8421 Y-32.7885
G1 X16.9283 Y-33.0350
G1 X16.9865 Y-33.2896
G1 X17.0157 Y-33.5492
G1 X17.0157 Y-33.8104
G1 X16.9865 Y-34.0700
G1 X16.9283 Y-34.3246
G1 X16.8421 Y-34.5711
G1 X16.7287 Y-34.8065
G1 X16.5898 Y-35.0276
G1 X16.4269 Y-35.2318
G1 X16.2422 Y-35.4165
G1 X16.0380 Y-35.5794
G1 X15.8169 Y-35.7183
G1 X15.5815 Y-35.8317
G1 X15.3350 Y-35.9179
G1 X15.0803 Y-35.9761
G1 X14.8208 Y-36.0053
G1 X13.2596 Y-36.0053
G1 X13.0000 Y-35.9761
G1 X12.7454 Y-35.9179
G1 X12.4989 Y-35.8317
G1 X12.2635 Y-35.7183
G1 X12.0424 Y-35.5794
G1 X11.9204 Y-35.4821
G1 X11.9038 Y-35.4695
G1 X11.8866 Y-35.4578
G1 X11.8688 Y-35.4468
G1 X11.8505 Y-35.4368
G1 X11.7642 Y-35.3922
G1 X11.7549 Y-35.3875
G1 X11.7359 Y-35.3789
G1 X11.7165 Y-35.3712
G1 X11.6968 Y-35.3644
G1 X11.6868 Y-35.3614
G1 X11.6666 Y-35.3561
G1 X11.6462 Y-35.3519
G1 X11.6359 Y-35.3501
G1 X11.6152 Y-35.3473
G1 X11.6049 Y-35.3463
G1 X11.5080 Y-35.3381
G1 X11.4872 Y-35.3369
G1 X11.4664 Y-35.3367
G1 X11.4559 Y-35.3370
G1 X11.4351 Y-35.3383
G1 X11.4144 Y-35.3406
G1 X11.4041 Y-35.3422
G1 X11.3836 Y-35.3460
G1 X11.3633 Y-35.3509
G1 X11.3433 Y-35.3567
G1 X11.2404 Y-35.3896
G1 X11.2201 Y-35.3973
G1 X11.2003 Y-35.4059
G1 X11.1905 Y-35.4106
G1 X11.1713 Y-35.4208
G1 X11.1527 Y-35.4319
G1 X11.0990 Y-35.4678
G1 X11.0800 Y-35.4821
G1 X10.9580 Y-35.5794
G1 X10.7369 Y-35.7183
G1 X10.5015 Y-35.8317
G1 X10.2550 Y-35.9179
G1 X10.0003 Y-35.9761
G1 X9.7408 Y-36.0053
G1 X8.1796 Y-36.0053
G1 X7.9200 Y-35.9761
G1 X7.6654 Y-35.9179
G1 X7.4189 Y-35.8317
G1 X7.1835 Y-35.7183
G1 X6.9624 Y-35.5794
G1 X6.8404 Y-35.4821
G1 X6.8238 Y-35.4695
G1 X6.8066 Y-35.4578
G1 X6.7888 Y-35.4468
G1 X6.7797 Y-35.4417
G1 X6.6749 Y-35.3875
G1 X6.6559 Y-35.3789
G1 X6.6463 Y-35.3749
G1 X6.6267 Y-35.3677
G1 X6.6168 Y-35.3644
G1 X6.5967 Y-35.3587
G1 X6.5866 Y-35.3561
G1 X6.5662 Y-35.3519
G1 X6.5456 Y-35.3486
G1 X6.5249 Y-35.3463
G1 X6.4176 Y-35.3374
G1 X6.3968 Y-35.3367
G1 X6.3864 Y-35.3367
G1 X6.3759 Y-35.3370
G1 X6.3551 Y-35.3383
G1 X6.3344 Y-35.3406
G1 X6.3241 Y-35.3422
G1 X6.3036 Y-35.3460
G1 X6.2833 Y-35.3509
G1 X6.2633 Y-35.3567
G1 X6.1604 Y-35.3896
G1 X6.1401 Y-35.3973
G1 X6.1203 Y-35.4059
G1 X6.1105 Y-35.4106
G1 X6.0913 Y-35.4208
G1 X6.0727 Y-35.4319
G1 X6.0190 Y-35.4678
G1 X6.0000 Y-35.4821
G1 X5.8780 Y-35.5794
G1 X5.6569 Y-35.7183
G1 X5.4215 Y-35.8317
G1 X5.1750 Y-35.9179
G1 X4.9203 Y-35.9761
G1 X4.6608 Y-36.0053
G1 X3.0996 Y-36.0053
G1 X2.8400 Y-35.9761
G1 X2.5854 Y-35.9179
G1 X2.3389 Y-35.8317
G1 X2.1035 Y-35.7183
G1 X1.8824 Y-35.5794
G1 X1.6782 Y-35.4165
G1 X1.6069 Y-35.3454
G1 X1.5914 Y-35.3314
G1 X1.5753 Y-35.3182
G1 X1.5586 Y-35.3058
G1 X1.5500 Y-35.2999
G1 X1.4692 Y-35.2459
G1 X1.4515 Y-35.2347
G1 X1.4425 Y-35.2295
G1 X1.4241 Y-35.2196
G1 X1.4053 Y-35.2107
G1 X1.3957 Y-35.2066
G1 X1.3762 Y-35.1991
G1 X1.3564 Y-35.1926
G1 X1.3464 Y-35.1896
G1 X1.3262 Y-35.1846
G1 X1.3160 Y-35.1824
G1 X1.2207 Y-35.1635
G1 X1.2001 Y-35.1599
G1 X1.1794 Y-35.1573
G1 X1.1586 Y-35.1558
G1 X1.1378 Y-35.1553
G1 X-5.0265 Y-35.1553
G1 X-5.2183 Y-35.1301
G1 X-5.4051 Y-35.0800
G1 X-5.5838 Y-35.0060
G1 X-5.7513 Y-34.9093
G1 X-5.9048 Y-34.7915
G1 X-7.7285 Y-32.9678
G1 X-7.7436 Y-32.9534
G1 X-7.7594 Y-32.9398
G1 X-7.7758 Y-32.9269
G1 X-7.7935 Y-32.9146
G1 X-7.8098 Y-32.9005
G1 X-7.8263 Y-32.8878
G1 X-7.8434 Y-32.8759
G1 X-7.8611 Y-32.8648
G1 X-7.8793 Y-32.8546
G1 X-7.9038 Y-32.8426
G1 X-7.9281 Y-32.8301
G1 X-7.9472 Y-32.8217
G1 X-7.9666 Y-32.8142
G1 X-7.9765 Y-32.8108
G1 X-7.9964 Y-32.8047
G1 X-8.0167 Y-32.7997
G1 X-8.0275 Y-32.7974
G1 X-8.0381 Y-32.7938
G1 X-8.0580 Y-32.7878
G1 X-8.0783 Y-32.7828
G1 X-8.0988 Y-32.7789
G1 X-8.1091 Y-32.7772
G1 X-8.1298 Y-32.7748
G1 X-8.1570 Y-32.7731
G1 X-8.1738 Y-32.7715
G1 X-8.1947 Y-32.7705
G1 X-8.2155 Y-32.7705
G1 X-8.2259 Y-32.7709
G1 X-8.2363 Y-32.7715
G1 X-8.2571 Y-32.7736
G1 X-8.2777 Y-32.7766
G1 X-8.2886 Y-32.7787
G1 X-8.3101 Y-32.7803
G1 X-8.3308 Y-32.7830
G1 X-8.3411 Y-32.7847
G1 X-8.3615 Y-32.7888
G1 X-8.3817 Y-32.7940
G1 X-8.3918 Y-32.7969
G1 X-8.4176 Y-32.8058
G1 X-8.4436 Y-32.8142
G1 X-8.4630 Y-32.8217
G1 X-8.4726 Y-32.8258
G1 X-8.4821 Y-32.8301
G1 X-8.5007 Y-32.8395
G1 X-8.5189 Y-32.8498
G1 X-8.5370 Y-32.8613
G1 X-8.5471 Y-32.8663
G1 X-8.5658 Y-32.8764
G1 X-8.5749 Y-32.8818
G1 X-8.5927 Y-32.8932
G1 X-8.6099 Y-32.9055
G1 X-8.6183 Y-32.9120
G1 X-8.6346 Y-32.9256
G1 X-8.6457 Y-32.9357
G1 X-8.6590 Y-32.9467
G1 X-8.6746 Y-32.9608
G1 X-8.6821 Y-32.9682
G1 X-8.6894 Y-32.9757
G1 X-8.7035 Y-32.9913
G1 X-8.7168 Y-33.0076
G1 X-8.7612 Y-33.0650
G1 X-8.7675 Y-33.0737
G1 X-8.7792 Y-33.0914
G1 X-8.7880 Y-33.1060
G1 X-8.8610 Y-33.2325
G1 X-8.8771 Y-33.2563
G1 X-8.8899 Y-33.2776
G1 X-8.9001 Y-33.2958
G1 X-8.9049 Y-33.3051
G1 X-8.9137 Y-33.3240
G1 X-8.9216 Y-33.3433
G1 X-8.9281 Y-33.3614
G1 X-8.9366 Y-33.3789
G1 X-8.9451 Y-33.3985
G1 X-8.9526 Y-33.4186
G1 X-8.9590 Y-33.4390
G1 X-8.9645 Y-33.4597
G1 X-8.9739 Y-33.5051
G1 X-8.9774 Y-33.5256
G1 X-8.9799 Y-33.5464
G1 X-8.9815 Y-33.5736
G1 X-8.9830 Y-33.5883
G1 X-8.9842 Y-33.6105
G1 X-8.9843 Y-33.8027
G1 X-9.0164 Y-34.0465
G1 X-9.0800 Y-34.2839
G1 X-9.1741 Y-34.5111
G1 X-9.2970 Y-34.7240
G1 X-9.4467 Y-34.9191
G1 X-9.6205 Y-35.0929
G1 X-9.8156 Y-35.2426
G1 X-10.0285 Y-35.3655
G1 X-10.2556 Y-35.4596
G1 X-10.4931 Y-35.5232
G1 X-10.7369 Y-35.5553
G1 X-11.9827 Y-35.5553
G1 X-12.2265 Y-35.5232
G1 X-12.4640 Y-35.4596
G1 X-12.6911 Y-35.3655
G1 X-12.9040 Y-35.2426
G1 X-13.0991 Y-35.0929
G1 X-13.2729 Y-34.9191
G1 X-13.4226 Y-34.7240
G1 X-13.5455 Y-34.5111
G1 X-13.6396 Y-34.2840
G1 X-13.7032 Y-34.0465
G1 X-13.7353 Y-33.8027
G1 X-13.7353 Y-33.5569
G1 X-13.7032 Y-33.3131
G1 X-13.6396 Y-33.0756
G1 X-13.5455 Y-32.8485
G1 X-13.4226 Y-32.6356
G1 X-13.2729 Y-32.4405
G1 X-13.0991 Y-32.2667
G1 X-12.9040 Y-32.1170
G1 X-12.6911 Y-31.9941
G1 X-12.4640 Y-31.9000
G1 X-12.2265 Y-31.8364
G1 X-12.1410 Y-31.8250
G1 X-12.1205 Y-31.8213
G1 X-12.1002 Y-31.8165
G1 X-12.0901 Y-31.8138
G1 X-12.0702 Y-31.8076
G1 X-11.9782 Y-31.7763
G1 X-11.9586 Y-31.7692
G1 X-11.9490 Y-31.7652
G1 X-11.9300 Y-31.7566
G1 X-11.9114 Y-31.7471
G1 X-11.8933 Y-31.7366
G1 X-11.8758 Y-31.7253
G1 X-11.8588 Y-31.7132
G1 X-11.8425 Y-31.7002
G1 X-11.7615 Y-31.6294
G1 X-11.7462 Y-31.6152
G1 X-11.7316 Y-31.6004
G1 X-11.7177 Y-31.5848
G1 X-11.7046 Y-31.5686
G1 X-11.6923 Y-31.5517
G1 X-11.6808 Y-31.5343
G1 X-11.6703 Y-31.5163
G1 X-11.6653 Y-31.5071
G1 X-11.6176 Y-31.4107
G1 X-11.6086 Y-31.3913
G1 X-11.6006 Y-31.3714
G1 X-11.5970 Y-31.3613
G1 X-11.5906 Y-31.3410
G1 X-11.5851 Y-31.3203
G1 X-11.5807 Y-31.2993
G1 X-11.5774 Y-31.2782
G1 X-11.5676 Y-31.2027
G1 X-11.5659 Y-31.1805
G1 X-11.5654 Y-31.1694
G1 X-11.5654 Y-30.4572
G1 X-11.5658 Y-30.4468
G1 X-11.5673 Y-30.4260
G1 X-11.5699 Y-30.4053
G1 X-11.5716 Y-30.3950
G1 X-11.5924 Y-30.2895
G1 X-11.5970 Y-30.2691
G1 X-11.5996 Y-30.2590
G1 X-11.6026 Y-30.2490
G1 X-11.6091 Y-30.2292
G1 X-11.6166 Y-30.2097
G1 X-11.6207 Y-30.2002
G1 X-11.6296 Y-30.1813
G1 X-11.6395 Y-30.1629
G1 X-11.6502 Y-30.1450
G1 X-11.6559 Y-30.1363
G1 X-11.7099 Y-30.0555
G1 X-11.7276 Y-30.0309
G1 X-11.7471 Y-30.0076
G1 X-11.7681 Y-29.9858
G1 X-11.7830 Y-29.9721
G1 X-11.8075 Y-29.9506
G1 X-11.8291 Y-29.9329
G1 X-12.0029 Y-29.7591
G1 X-12.1526 Y-29.5640
G1 X-12.2755 Y-29.3511
G1 X-12.3696 Y-29.1240
G1 X-12.4332 Y-28.8865
G1 X-12.4653 Y-28.6427
G1 X-12.4653 Y-28.3969
G1 X-12.4457 Y-28.2469
G1 X-12.4440 Y-28.2261
G1 X-12.4433 Y-28.2053
G1 X-12.4436 Y-28.1844
G1 X-12.4442 Y-28.1740
G1 X-12.4506 Y-28.0771
G1 X-12.4524 Y-28.0563
G1 X-12.4537 Y-28.0459
G1 X-12.4571 Y-28.0254
G1 X-12.4615 Y-28.0050
G1 X-12.4641 Y-27.9949
G1 X-12.4700 Y-27.9748
G1 X-12.4733 Y-27.9650
G1 X-12.4807 Y-27.9454
G1 X-12.4890 Y-27.9263
G1 X-12.4935 Y-27.9169
G1 X-12.5364 Y-27.8297
G1 X-12.5461 Y-27.8113
G1 X-12.5567 Y-27.7933
G1 X-12.5681 Y-27.7759
G1 X-12.5804 Y-27.7590
G1 X-12.5869 Y-27.7508
G1 X-12.6004 Y-27.7349
G1 X-12.6074 Y-27.7272
G1 X-12.6146 Y-27.7197
G1 X-12.6296 Y-27.7052
G1 X-12.7104 Y-27.6341
G1 X-12.7265 Y-27.6208
G1 X-12.7347 Y-27.6144
G1 X-12.7517 Y-27.6022
G1 X-12.7692 Y-27.5909
G1 X-12.7873 Y-27.5805
G1 X-12.7965 Y-27.5756
G1 X-12.8153 Y-27.5665
G1 X-12.8248 Y-27.5624
G1 X-12.8442 Y-27.5547
G1 X-12.9460 Y-27.5200
G1 X-12.9653 Y-27.5139
G1 X-12.9948 Y-27.5066
G1 X-13.0247 Y-27.5014
G1 X-13.0448 Y-27.4991
G1 X-13.0874 Y-27.4962
G1 X-13.1152 Y-27.4953
G1 X-17.2350 Y-27.4953
G1 X-17.2558 Y-27.4958
G1 X-17.2662 Y-27.4965
G1 X-17.2870 Y-27.4985
G1 X-17.3076 Y-27.5016
G1 X-17.4132 Y-27.5224
G1 X-17.4335 Y-27.5270
G1 X-17.4436 Y-27.5296
G1 X-17.4636 Y-27.5357
G1 X-17.4832 Y-27.5427
G1 X-17.5025 Y-27.5507
G1 X-17.5213 Y-27.5596
G1 X-17.5397 Y-27.5695
G1 X-17.5488 Y-27.5747
G1 X-17.5664 Y-27.5859
G1 X-17.6558 Y-27.6458
G1 X-17.6642 Y-27.6519
G1 X-17.6807 Y-27.6647
G1 X-17.6965 Y-27.6783
G1 X-17.7116 Y-27.6927
G1 X-17.7189 Y-27.7002
G1 X-17.7329 Y-27.7156
G1 X-17.7461 Y-27.7318
G1 X-17.7524 Y-27.7401
G1 X-17.7644 Y-27.7571
G1 X-17.8184 Y-27.8379
G1 X-17.8296 Y-27.8555
G1 X-17.8348 Y-27.8645
G1 X-17.8446 Y-27.8829
G1 X-17.8536 Y-27.9018
G1 X-17.8577 Y-27.9114
G1 X-17.8652 Y-27.9308
G1 X-17.8717 Y-27.9506
G1 X-17.8773 Y-27.9707
G1 X-17.8819 Y-27.9911
G1 X-17.9027 Y-28.0963
G1 X-17.9068 Y-28.1264
G1 X-17.9088 Y-28.1567
G1 X-17.9086 Y-28.1870
G1 X-17.9059 Y-28.2296
G1 X-17.9043 Y-28.2481
G1 X-17.8743 Y-28.4769
G1 X-17.8743 Y-28.7227
G1 X-17.9064 Y-28.9665
G1 X-17.9700 Y-29.2040
G1 X-18.0641 Y-29.4311
G1 X-18.1870 Y-29.6440
G1 X-18.3367 Y-29.8391
G1 X-18.5105 Y-30.0129
G1 X-18.5188 Y-30.0194
G1 X-18.5347 Y-30.0329
G1 X-18.5424 Y-30.0399
G1 X-18.5573 Y-30.0546
G1 X-18.5714 Y-30.0699
G1 X-18.6422 Y-30.1509
G1 X-18.6552 Y-30.1672
G1 X-18.6614 Y-30.1756
G1 X-18.6674 Y-30.1842
G1 X-18.6787 Y-30.2017
G1 X-18.6891 Y-30.2198
G1 X-18.6940 Y-30.2290
G1 X-18.7030 Y-30.2478
G1 X-18.7112 Y-30.2670
G1 X-18.7184 Y-30.2865
G1 X-18.7496 Y-30.3785
G1 X-18.7583 Y-30.4076
G1 X-18.7630 Y-30.4273
G1 X-18.7667 Y-30.4472
G1 X-18.7695 Y-30.4672
G1 X-18.7713 Y-30.4874
G1 X-18.7739 Y-30.5291
G1 X-18.7743 Y-30.5477
G1 X-18.7743 Y-31.1583
G1 X-18.7742 Y-31.1687
G1 X-18.7731 Y-31.1895
G1 X-18.7711 Y-31.2103
G1 X-18.7680 Y-31.2309
G1 X-18.7472 Y-31.3365
G1 X-18.7426 Y-31.3568
G1 X-18.7400 Y-31.3669
G1 X-18.7339 Y-31.3869
G1 X-18.7269 Y-31.4065
G1 X-18.7189 Y-31.4258
G1 X-18.7100 Y-31.4446
G1 X-18.7052 Y-31.4539
G1 X-18.6949 Y-31.4720
G1 X-18.6837 Y-31.4897
G1 X-18.6297 Y-31.5704
G1 X-18.6177 Y-31.5875
G1 X-18.6114 Y-31.5958
G1 X-18.5982 Y-31.6119
G1 X-18.5913 Y-31.6197
G1 X-18.5769 Y-31.6349
G1 X-18.5694 Y-31.6421
G1 X-18.5540 Y-31.6561
G1 X-18.5378 Y-31.6694
G1 X-18.5295 Y-31.6757
G1 X-18.5125 Y-31.6877
G1 X-18.4227 Y-31.7475
G1 X-18.4044 Y-31.7585
G1 X-18.3855 Y-31.7685
G1 X-18.3661 Y-31.7776
G1 X-18.3562 Y-31.7818
G1 X-18.3362 Y-31.7894
G1 X-18.3159 Y-31.7959
G1 X-18.2320 Y-31.8184
G1 X-18.2103 Y-31.8230
G1 X-18.1993 Y-31.8249
G1 X-18.1131 Y-31.8364
G1 X-17.8756 Y-31.9000
G1 X-17.6485 Y-31.9941
G1 X-17.4356 Y-32.1170
G1 X-17.2405 Y-32.2667
G1 X-17.0667 Y-32.4405
G1 X-16.9170 Y-32.6356
G1 X-16.7941 Y-32.8485
G1 X-16.7000 Y-33.0756
G1 X-16.6364 Y-33.3131
G1 X-16.6043 Y-33.5569
G1 X-16.6043 Y-33.8027
G1 X-16.6364 Y-34.0465
G1 X-16.7000 Y-34.2839
G1 X-16.7941 Y-34.5111
G1 X-16.9170 Y-34.7240
G1 X-17.0667 Y-34.9191
G1 X-17.2405 Y-35.0929
G1 X-17.4356 Y-35.2426
G1 X-17.6485 Y-35.3655
G1 X-17.8756 Y-35.4596
G1 X-18.1131 Y-35.5232
G1 X-18.3569 Y-35.5553
G1 X-19.6027 Y-35.5553
G1 X-19.8465 Y-35.5232
G1 X-20.0840 Y-35.4596
G1 X-20.3111 Y-35.3655
G1 X-20.5240 Y-35.2426
G1 X-20.7191 Y-35.0929
G1 X-20.8929 Y-34.9191
G1 X-21.0426 Y-34.7240
G1 X-21.1655 Y-34.5111
G1 X-21.2596 Y-34.2840
G1 X-21.3232 Y-34.0465
G1 X-21.3553 Y-33.8027
G1 X-21.3553 Y-33.6217
G1 X-21.3558 Y-33.6008
G1 X-21.3573 Y-33.5800
G1 X-21.3585 Y-33.5696
G1 X-21.3616 Y-33.5490
G1 X-21.3824 Y-33.4434
G1 X-21.3871 Y-33.4226
G1 X-21.3929 Y-33.4020
G1 X-21.3996 Y-33.3817
G1 X-21.4074 Y-33.3617
G1 X-21.4162 Y-33.3422
G1 X-21.4260 Y-33.3232
G1 X-21.4626 Y-33.2591
G1 X-21.5761 Y-33.0635
G1 X-21.6500 Y-32.8851
G1 X-21.7001 Y-32.6983
G1 X-21.7253 Y-32.5065
G1 X-21.7254 Y-30.5372
G1 X-21.7258 Y-30.5268
G1 X-21.7273 Y-30.5060
G1 X-21.7299 Y-30.4853
G1 X-21.7316 Y-30.4750
G1 X-21.7524 Y-30.3695
G1 X-21.7570 Y-30.3491
G1 X-21.7626 Y-30.3290
G1 X-21.7691 Y-30.3092
G1 X-21.7727 Y-30.2994
G1 X-21.7766 Y-30.2897
G1 X-21.7851 Y-30.2707
G1 X-21.7944 Y-30.2520
G1 X-21.8047 Y-30.2339
G1 X-21.8159 Y-30.2163
G1 X-21.8699 Y-30.1355
G1 X-21.8876 Y-30.1109
G1 X-21.9071 Y-30.0876
G1 X-21.9281 Y-30.0658
G1 X-21.9430 Y-30.0521
G1 X-21.9675 Y-30.0306
G1 X-21.9891 Y-30.0129
G1 X-22.1629 Y-29.8391
G1 X-22.3126 Y-29.6440
G1 X-22.4355 Y-29.4311
G1 X-22.5296 Y-29.2040
G1 X-22.5932 Y-28.9665
G1 X-22.6253 Y-28.7227
G1 X-22.6253 Y-28.4769
G1 X-22.5932 Y-28.2331
G1 X-22.5296 Y-27.9956
G1 X-22.4355 Y-27.7685
G1 X-22.3883 Y-27.6868
G1 X-22.3783 Y-27.6685
G1 X-22.3693 Y-27.6497
G1 X-22.3651 Y-27.6401
G1 X-22.3611 Y-27.6305
G1 X-22.3539 Y-27.6109
G1 X-22.3195 Y-27.5090
G1 X-22.3137 Y-27.4889
G1 X-22.3113 Y-27.4788
G1 X-22.3070 Y-27.4584
G1 X-22.3038 Y-27.4378
G1 X-22.3026 Y-27.4274
G1 X-22.3008 Y-27.4066
G1 X-22.3002 Y-27.3858
G1 X-22.3002 Y-27.3753
G1 X-22.3011 Y-27.3545
G1 X-22.3074 Y-27.2576
G1 X-22.3094 Y-27.2363
G1 X-22.3107 Y-27.2256
G1 X-22.3143 Y-27.2045
G1 X-22.3189 Y-27.1836
G1 X-22.3245 Y-27.1630
G1 X-22.3312 Y-27.1427
G1 X-22.3389 Y-27.1227
G1 X-22.3637 Y-27.0627
G1 X-22.3728 Y-27.0423
G1 X-22.3777 Y-27.0324
G1 X-22.3883 Y-27.0128
G1 X-22.4355 Y-26.9311
G1 X-22.5296 Y-26.7040
G1 X-22.6198 Y-26.2643
G1 X-21.9628 Y-26.2643
G1 Z2.0000
G1 X-21.9250 Y-25.7543
G1 F60.00
G1 Z0.3
G1 F120.00
G1 X-22.5960 Y-25.7543
G1 X-22.4215 Y-25.2443
G1 X-21.6263 Y-25.2443
G1 Z2.0000
G1 X-21.2117 Y-24.7343
G1 F60.00
G1 Z0.3
G1 F120.00
G1 X-22.3096 Y-24.7343
G1 Z2.0000
G1 X-22.5212 Y-24.2243
G1 F60.00
G1 Z0.3
G1 F120.00
G1 X-21.8026 Y-24.2243
G1 Z2.0000
G1 X-21.9694 Y-23.7143
G1 F60.00
G1 Z0.3
G1 F120.00
G1 X-22.6253 Y-23.7143
G1 X-22.5855 Y-23.2043
G1 X-21.9083 Y-23.2043
G1 Z2.0000
G1 X-21.5734 Y-22.6943
G1 F60.00
G1 Z0.3
G1 F120.00
G1 X-22.3926 Y-22.6943
G1 Z2.0000
G1 X-22.3187 Y-22.1843
G1 F60.00
G1 Z0.3
G1 F120.00
G1 X-21.3193 Y-22.1843
G1 Z2.0000
G1 X-21.8317 Y-21.6743
G1 F60.00
G1 Z0.3
G1 F120.00
G1 X-22.5375 Y-21.6743
G1 X-22.6253 Y-21.1643
G1 X-21.9721 Y-21.1643
G1 Z2.0000
G1 X-21.8904 Y-20.6543
G1 F60.00
G1 Z0.3
G1 F120.00
G1 X-22.5721 Y-20.6543
G1 X-22.3638 Y-20.1443
G1 X-21.5161 Y-20.1443
G1 Z2.0000
G1 X-21.0750 Y-19.9194
G1 F60.00
G1 Z0.3
G1 F120.00
G1 X-21.0954 Y-19.9246
G1 X-21.1153 Y-19.9307
G1 X-21.1991 Y-19.9605
G1 X-21.2186 Y-19.9680
G1 X-21.2377 Y-19.9765
G1 X-21.3086 Y-20.0101
G1 X-21.3273 Y-20.0194
G1 X-21.3454 Y-20.0297
G1 X-21.4127 Y-20.0701
G1 X-21.4304 Y-20.0812
G1 X-21.4474 Y-20.0933
G1 X-21.5105 Y-20.1400
G1 X-21.5269 Y-20.1529
G1 X-21.5427 Y-20.1665
G1 X-21.6009 Y-20.2192
G1 X-21.6085 Y-20.2263
G1 X-21.6233 Y-20.2411
G1 X-21.6831 Y-20.3069
G1 X-21.6967 Y-20.3227
G1 X-21.7096 Y-20.3391
G1 X-21.7563 Y-20.4022
G1 X-21.7684 Y-20.4192
G1 X-21.7795 Y-20.4369
G1 X-21.8199 Y-20.5042
G1 X-21.8302 Y-20.5223
G1 X-21.8395 Y-20.5410
G1 X-21.8731 Y-20.6119
G1 X-21.8816 Y-20.6310
G1 X-21.8891 Y-20.6505
G1 X-21.9155 Y-20.7244
G1 X-21.9221 Y-20.7442
G1 X-21.9276 Y-20.7643
G1 X-21.9491 Y-20.8506
G1 X-21.9532 Y-20.8711
G1 X-21.9548 Y-20.8814
G1 X-21.9663 Y-20.9590
G1 X-21.9689 Y-20.9797
G1 X-21.9704 Y-21.0005
G1 X-21.9743 Y-21.0789
G1 X-21.9748 Y-21.0998
G1 X-21.9743 Y-21.1207
G1 X-21.9704 Y-21.1991
G1 X-21.9689 Y-21.2199
G1 X-21.9663 Y-21.2406
G1 X-21.9548 Y-21.3182
G1 X-21.9513 Y-21.3388
G1 X-21.9467 Y-21.3591
G1 X-21.9276 Y-21.4353
G1 X-21.9221 Y-21.4554
G1 X-21.9155 Y-21.4752
G1 X-21.8891 Y-21.5491
G1 X-21.8816 Y-21.5686
G1 X-21.8731 Y-21.5877
G1 X-21.8395 Y-21.6586
G1 X-21.8302 Y-21.6773
G1 X-21.8199 Y-21.6954
G1 X-21.7795 Y-21.7627
G1 X-21.7684 Y-21.7804
G1 X-21.7563 Y-21.7974
G1 X-21.7096 Y-21.8605
G1 X-21.6967 Y-21.8769
G1 X-21.6831 Y-21.8927
G1 X-21.6304 Y-21.9509
G1 X-21.6160 Y-21.9660
G1 X-21.6009 Y-21.9804
G1 X-21.5349 Y-22.0400
G1 X-21.5269 Y-22.0467
G1 X-21.5105 Y-22.0596
G1 X-21.4474 Y-22.1063
G1 X-21.4304 Y-22.1184
G1 X-21.4127 Y-22.1295
G1 X-21.3454 Y-22.1699
G1 X-21.3273 Y-22.1802
G1 X-21.3086 Y-22.1895
G1 X-21.2377 Y-22.2231
G1 X-21.2186 Y-22.2316
G1 X-21.1991 Y-22.2391
G1 X-21.1252 Y-22.2655
G1 X-21.1054 Y-22.2721
G1 X-21.0853 Y-22.2776
G1 X-21.0091 Y-22.2967
G1 X-20.9888 Y-22.3013
G1 X-20.9682 Y-22.3048
G1 X-20.8906 Y-22.3163
G1 X-20.8699 Y-22.3189
G1 X-20.8491 Y-22.3204
G1 X-20.7707 Y-22.3243
G1 X-20.7498 Y-22.3248
G1 X-19.7498 Y-22.3248
G1 X-19.7289 Y-22.3243
G1 X-19.6505 Y-22.3204
G1 X-19.6401 Y-22.3198
G1 X-19.6194 Y-22.3178
G1 X-19.5211 Y-22.3032
G1 X-19.5108 Y-22.3013
G1 X-19.4905 Y-22.2967
G1 X-19.4042 Y-22.2750
G1 X-19.3843 Y-22.2689
G1 X-19.3744 Y-22.2655
G1 X-19.3005 Y-22.2391
G1 X-19.2810 Y-22.2316
G1 X-19.2619 Y-22.2231
G1 X-19.1816 Y-22.1850
G1 X-19.1632 Y-22.1751
G1 X-19.1542 Y-22.1699
G1 X-19.0869 Y-22.1295
G1 X-19.0692 Y-22.1184
G1 X-19.0522 Y-22.1063
G1 X-18.9891 Y-22.0596
G1 X-18.9727 Y-22.0467
G1 X-18.9569 Y-22.0331
G1 X-18.8987 Y-21.9804
G1 X-18.8836 Y-21.9660
G1 X-18.8692 Y-21.9509
G1 X-18.8096 Y-21.8849
G1 X-18.8029 Y-21.8769
G1 X-18.7900 Y-21.8605
G1 X-18.7433 Y-21.7974
G1 X-18.7312 Y-21.7804
G1 X-18.7201 Y-21.7627
G1 X-18.6797 Y-21.6954
G1 X-18.6694 Y-21.6773
G1 X-18.6601 Y-21.6586
G1 X-18.6265 Y-21.5877
G1 X-18.6180 Y-21.5686
G1 X-18.6105 Y-21.5491
G1 X-18.5841 Y-21.4752
G1 X-18.5775 Y-21.4554
G1 X-18.5720 Y-21.4353
G1 X-18.5529 Y-21.3591
G1 X-18.5483 Y-21.3388
G1 X-18.5448 Y-21.3182
G1 X-18.5333 Y-21.2406
G1 X-18.5307 Y-21.2199
G1 X-18.5292 Y-21.1991
G1 X-18.5253 Y-21.1207
G1 X-18.5248 Y-21.0998
G1 X-18.5253 Y-21.0789
G1 X-18.5292 Y-21.0005
G1 X-18.5307 Y-20.9797
G1 X-18.5333 Y-20.9590
G1 X-18.5448 Y-20.8814
G1 X-18.5483 Y-20.8608
G1 X-18.5529 Y-20.8405
G1 X-18.5720 Y-20.7643
G1 X-18.5775 Y-20.7442
G1 X-18.5841 Y-20.7244
G1 X-18.6105 Y-20.6505
G1 X-18.6142 Y-20.6407
G1 X-18.6222 Y-20.6214
G1 X-18.6601 Y-20.5410
G1 X-18.6694 Y-20.5223
G1 X-18.6797 Y-20.5042
G1 X-18.7201 Y-20.4369
G1 X-18.7312 Y-20.4192
G1 X-18.7433 Y-20.4022
G1 X-18.7900 Y-20.3391
G1 X-18.8029 Y-20.3227
G1 X-18.8096 Y-20.3147
G1 X-18.8692 Y-20.2487
G1 X-18.8836 Y-20.2336
G1 X-18.8987 Y-20.2192
G1 X-18.9569 Y-20.1665
G1 X-18.9727 Y-20.1529
G1 X-18.9891 Y-20.1400
G1 X-19.0522 Y-20.0933
G1 X-19.0606 Y-20.0872
G1 X-19.0780 Y-20.0756
G1 X-19.1542 Y-20.0297
G1 X-19.1723 Y-20.0194
G1 X-19.1910 Y-20.0101
G1 X-19.2714 Y-19.9722
G1 X-19.2907 Y-19.9642
G1 X-19.3005 Y-19.9605
G1 X-19.3744 Y-19.9341
G1 X-19.3942 Y-19.9275
G1 X-19.4246 Y-19.9194
G1 X-19.4246 Y-17.5116
G1 X-19.0378 Y-17.1248
G1 X-18.4798 Y-17.1248
G1 X-18.4589 Y-17.1243
G1 X-18.3701 Y-17.1198
G1 X-18.3597 Y-17.1189
G1 X-18.3390 Y-17.1163
G1 X-18.2614 Y-17.1048
G1 X-18.2408 Y-17.1013
G1 X-18.2205 Y-17.0967
G1 X-18.1443 Y-17.0776
G1 X-18.1242 Y-17.0721
G1 X-18.1044 Y-17.0655
G1 X-18.0305 Y-17.0391
G1 X-18.0110 Y-17.0316
G1 X-17.9919 Y-17.0231
G1 X-17.9210 Y-16.9895
G1 X-17.9023 Y-16.9802
G1 X-17.8842 Y-16.9699
G1 X-17.8169 Y-16.9295
G1 X-17.7992 Y-16.9184
G1 X-17.7822 Y-16.9063
G1 X-17.7108 Y-16.8533
G1 X-17.7027 Y-16.8467
G1 X-17.6869 Y-16.8331
G1 X-17.6287 Y-16.7804
G1 X-17.6136 Y-16.7660
G1 X-17.5992 Y-16.7509
G1 X-17.5465 Y-16.6927
G1 X-17.5329 Y-16.6769
G1 X-17.5200 Y-16.6605
G1 X-17.4672 Y-16.5890
G1 X-17.4556 Y-16.5716
G1 X-17.4501 Y-16.5627
G1 X-17.4097 Y-16.4954
G1 X-17.3994 Y-16.4773
G1 X-17.3901 Y-16.4586
G1 X-17.3565 Y-16.3877
G1 X-17.3480 Y-16.3686
G1 X-17.3405 Y-16.3491
G1 X-17.3141 Y-16.2752
G1 X-17.3075 Y-16.2554
G1 X-17.3020 Y-16.2353
G1 X-17.2829 Y-16.1591
G1 X-17.2805 Y-16.1490
G1 X-17.2764 Y-16.1285
G1 X-17.2633 Y-16.0406
G1 X-17.2607 Y-16.0199
G1 X-17.2592 Y-15.9991
G1 X-17.2553 Y-15.9207
G1 X-17.2548 Y-15.8998
G1 X-17.2553 Y-15.8789
G1 X-17.2592 Y-15.8005
G1 X-17.2607 Y-15.7797
G1 X-17.2633 Y-15.7590
G1 X-17.2748 Y-15.6814
G1 X-17.2783 Y-15.6608
G1 X-17.2805 Y-15.6506
G1 X-17.3020 Y-15.5643
G1 X-17.3075 Y-15.5442
G1 X-17.3141 Y-15.5244
G1 X-17.3405 Y-15.4505
G1 X-17.3480 Y-15.4310
G1 X-17.3565 Y-15.4119
G1 X-17.3901 Y-15.3410
G1 X-17.3994 Y-15.3223
G1 X-17.4097 Y-15.3042
G1 X-17.4501 Y-15.2369
G1 X-17.4612 Y-15.2192
G1 X-17.4733 Y-15.2022
G1 X-17.5200 Y-15.1391
G1 X-17.5329 Y-15.1227
G1 X-17.5465 Y-15.1069
G1 X-17.5992 Y-15.0487
G1 X-17.6136 Y-15.0336
G1 X-17.6287 Y-15.0192
G1 X-17.6869 Y-14.9665
G1 X-17.7027 Y-14.9529
G1 X-17.7191 Y-14.9400
G1 X-17.7822 Y-14.8933
G1 X-17.7906 Y-14.8872
G1 X-17.8080 Y-14.8756
G1 X-17.8932 Y-14.8245
G1 X-17.9116 Y-14.8146
G1 X-17.9210 Y-14.8101
G1 X-17.9919 Y-14.7765
G1 X-18.0110 Y-14.7680
G1 X-18.0305 Y-14.7605
G1 X-18.1044 Y-14.7341
G1 X-18.1242 Y-14.7275
G1 X-18.1443 Y-14.7220
G1 X-18.2205 Y-14.7029
G1 X-18.2408 Y-14.6983
G1 X-18.2614 Y-14.6948
G1 X-18.3390 Y-14.6833
G1 X-18.3597 Y-14.6807
G1 X-18.3805 Y-14.6792
G1 X-18.4589 Y-14.6753
G1 X-18.4798 Y-14.6748
G1 X-19.4798 Y-14.6748
G1 X-19.5007 Y-14.6753
G1 X-19.5791 Y-14.6792
G1 X-19.5999 Y-14.6807
G1 X-19.6206 Y-14.6833
G1 X-19.6982 Y-14.6948
G1 X-19.7188 Y-14.6983
G1 X-19.7391 Y-14.7029
G1 X-19.8153 Y-14.7220
G1 X-19.8354 Y-14.7275
G1 X-19.8552 Y-14.7341
G1 X-19.9291 Y-14.7605
G1 X-19.9486 Y-14.7680
G1 X-19.9677 Y-14.7765
G1 X-20.0386 Y-14.8101
G1 X-20.0573 Y-14.8194
G1 X-20.0754 Y-14.8297
G1 X-20.1427 Y-14.8701
G1 X-20.1604 Y-14.8812
G1 X-20.1774 Y-14.8933
G1 X-20.2405 Y-14.9400
G1 X-20.2569 Y-14.9529
G1 X-20.2727 Y-14.9665
G1 X-20.3309 Y-15.0192
G1 X-20.3460 Y-15.0336
G1 X-20.3604 Y-15.0487
G1 X-20.4200 Y-15.1147
G1 X-20.4267 Y-15.1227
G1 X-20.4396 Y-15.1391
G1 X-20.4863 Y-15.2022
G1 X-20.4984 Y-15.2192
G1 X-20.5095 Y-15.2369
G1 X-20.5499 Y-15.3042
G1 X-20.5602 Y-15.3223
G1 X-20.5695 Y-15.3410
G1 X-20.6031 Y-15.4119
G1 X-20.6116 Y-15.4310
G1 X-20.6191 Y-15.4505
G1 X-20.6455 Y-15.5244
G1 X-20.6521 Y-15.5442
G1 X-20.6576 Y-15.5643
G1 X-20.6767 Y-15.6405
G1 X-20.6813 Y-15.6608
G1 X-20.6848 Y-15.6814
G1 X-20.6963 Y-15.7590
G1 X-20.6989 Y-15.7797
G1 X-20.7004 Y-15.8005
G1 X-20.7043 Y-15.8789
G1 X-20.7048 Y-15.8998
G1 X-20.7043 Y-15.9207
G1 X-20.7004 Y-15.9991
G1 X-20.6989 Y-16.0199
G1 X-20.6963 Y-16.0406
G1 X-20.6848 Y-16.1182
G1 X-20.6813 Y-16.1388
G1 X-20.6767 Y-16.1591
G1 X-20.6576 Y-16.2353
G1 X-20.6521 Y-16.2554
G1 X-20.6455 Y-16.2752
G1 X-20.6191 Y-16.3491
G1 X-20.6127 Y-16.3657
G1 X-20.8333 Y-16.5863
G1 X-20.8477 Y-16.6014
G1 X-20.8810 Y-16.6383
G1 X-20.8942 Y-16.6544
G1 X-20.9300 Y-16.7027
G1 X-20.9416 Y-16.7201
G1 X-20.9725 Y-16.7717
G1 X-20.9824 Y-16.7901
G1 X-21.0081 Y-16.8444
G1 X-21.0122 Y-16.8540
G1 X-21.0197 Y-16.8735
G1 X-21.0363 Y-16.9203
G1 X-21.0424 Y-16.9403
G1 X-21.0450 Y-16.9504
G1 X-21.0546 Y-16.9885
G1 X-21.0591 Y-17.0088
G1 X-21.0627 Y-17.0294
G1 X-21.0685 Y-17.0682
G1 X-21.0699 Y-17.0785
G1 X-21.0719 Y-17.0993
G1 X-21.0745 Y-17.1489
G1 X-21.0750 Y-17.1698
G1 X-21.0750 Y-19.9194
G1 X-21.0750 Y-19.6343
G1 X-21.9323 Y-19.6343
G1 Z2.0000
G1 X-21.7253 Y-19.1243
G1 F60.00
G1 Z0.3
G1 F120.00
G1 X-21.0750 Y-19.1243
G1 X-21.0750 Y-18.6143
G1 X-21.7253 Y-18.6143
G1 X-21.7253 Y-18.1043
G1 X-21.0750 Y-18.1043
G1 X-21.0750 Y-17.5943
G1 X-21.7253 Y-17.5943
G1 Z2.0000
G1 X-21.7253 Y-17.0843
G1 F60.00
G1 Z0.3
G1 F120.00
G1 X-21.0705 Y-17.0843
G1 Z2.0000
G1 X-20.8213 Y-16.5743
G1 F60.00
G1 Z0.3
G1 F120.00
G1 X-21.6002 Y-16.5743
G1 Z2.0000
G1 X-21.3656 Y-16.0643
G1 F60.00
G1 Z0.3
G1 F120.00
G1 X-20.6928 Y-16.0643
G1 Z2.0000
G1 X-20.6550 Y-15.5543
G1 F60.00
G1 Z0.3
G1 F120.00
G1 X-21.3260 Y-15.5543
G1 X-21.1515 Y-15.0443
G1 X-20.3563 Y-15.0443
G1 Z2.0000
G1 X-20.7667 Y-14.5343
G1 F60.00
G1 Z0.3
G1 F120.00
G1 X-17.1929 Y-14.5343
G1 X-16.8081 Y-15.0443
G1 X-17.6033 Y-15.0443
G1 Z2.0000
G1 X-17.3046 Y-15.5543
G1 F60.00
G1 Z0.3
G1 F120.00
G1 X-16.6336 Y-15.5543
G1 X-16.6098 Y-16.0643
G1 X-17.2668 Y-16.0643
G1 Z2.0000
G1 X-17.4573 Y-16.5743
G1 F60.00
G1 Z0.3
G1 F120.00
G1 X-16.7292 Y-16.5743
G1 X-17.0247 Y-17.0843
G1 X-18.1710 Y-17.0843
G1 X-17.6698 Y-17.5943
G1 X-19.4246 Y-17.5943
G1 X-19.4246 Y-18.1043
G1 X-18.6901 Y-18.1043
G1 Z2.0000
G1 X-18.7743 Y-18.6143
G1 F60.00
G1 Z0.3
G1 F120.00
G1 X-19.4246 Y-18.6143
G1 X-19.4246 Y-19.1243
G1 X-18.7743 Y-19.1243
G1 Z2.0000
G1 X-18.5710 Y-19.6343
G1 F60.00
G1 Z0.3
G1 F120.00
G1 X-19.4246 Y-19.6343
G1 Z2.0000
G1 X-18.9835 Y-20.1443
G1 F60.00
G1 Z0.3
G1 F120.00
G1 X-18.1358 Y-20.1443
G1 X-17.9275 Y-20.6543
G1 X-18.6092 Y-20.6543
G1 Z2.0000
G1 X-18.5275 Y-21.1643
G1 F60.00
G1 Z0.3
G1 F120.00
G1 X-17.8743 Y-21.1643
G1 Z2.0000
G1 X-17.8102 Y-21.6743
G1 F60.00
G1 Z0.3
G1 F120.00
G1 X-18.6679 Y-21.6743
G1 Z2.0000
G1 X-19.1803 Y-22.1843
G1 F60.00
G1 Z0.3
G1 F120.00
G1 X-10.9686 Y-22.1843
G1 Z2.0000
G1 X-11.4936 Y-22.6943
G1 F60.00
G1 Z0.3
G1 F120.00
G1 X-18.9262 Y-22.6943
G1 X-18.9259 Y-22.6946
G1 X-18.9647 Y-22.6596
G1 X-18.9808 Y-22.6463
G1 X-19.0606 Y-22.5872
G1 X-19.0780 Y-22.5756
G1 X-19.0869 Y-22.5701
G1 X-19.1542 Y-22.5297
G1 X-19.1632 Y-22.5245
G1 X-19.1816 Y-22.5146
G1 X-19.2619 Y-22.4765
G1 X-19.2810 Y-22.4680
G1 X-19.3005 Y-22.4605
G1 X-19.3744 Y-22.4341
G1 X-19.3942 Y-22.4275
G1 X-19.4143 Y-22.4220
G1 X-19.4905 Y-22.4029
G1 X-19.5108 Y-22.3983
G1 X-19.5211 Y-22.3964
G1 X-19.6090 Y-22.3833
G1 X-19.6297 Y-22.3807
G1 X-19.6505 Y-22.3792
G1 X-19.7289 Y-22.3753
G1 X-19.7498 Y-22.3748
G1 X-20.7498 Y-22.3748
G1 X-20.7707 Y-22.3753
G1 X-20.8491 Y-22.3792
G1 X-20.8699 Y-22.3807
G1 X-20.8906 Y-22.3833
G1 X-20.9682 Y-22.3948
G1 X-20.9888 Y-22.3983
G1 X-21.0091 Y-22.4029
G1 X-21.0853 Y-22.4220
G1 X-21.1054 Y-22.4275
G1 X-21.1252 Y-22.4341
G1 X-21.1991 Y-22.4605
G1 X-21.2186 Y-22.4680
G1 X-21.2377 Y-22.4765
G1 X-21.3086 Y-22.5101
G1 X-21.3273 Y-22.5194
G1 X-21.3454 Y-22.5297
G1 X-21.4127 Y-22.5701
G1 X-21.4304 Y-22.5812
G1 X-21.4474 Y-22.5933
G1 X-21.5105 Y-22.6400
G1 X-21.5269 Y-22.6529
G1 X-21.5427 Y-22.6665
G1 X-21.6009 Y-22.7192
G1 X-21.6160 Y-22.7336
G1 X-21.6304 Y-22.7487
G1 X-21.6831 Y-22.8069
G1 X-21.6967 Y-22.8227
G1 X-21.7096 Y-22.8391
G1 X-21.7563 Y-22.9022
G1 X-21.7684 Y-22.9192
G1 X-21.7795 Y-22.9369
G1 X-21.8199 Y-23.0042
G1 X-21.8302 Y-23.0223
G1 X-21.8395 Y-23.0410
G1 X-21.8731 Y-23.1119
G1 X-21.8816 Y-23.1310
G1 X-21.8891 Y-23.1505
G1 X-21.9155 Y-23.2244
G1 X-21.9221 Y-23.2442
G1 X-21.9276 Y-23.2643
G1 X-21.9467 Y-23.3405
G1 X-21.9513 Y-23.3608
G1 X-21.9548 Y-23.3814
G1 X-21.9663 Y-23.4590
G1 X-21.9689 Y-23.4797
G1 X-21.9704 Y-23.5005
G1 X-21.9743 Y-23.5789
G1 X-21.9748 Y-23.5998
G1 X-21.9743 Y-23.6207
G1 X-21.9704 Y-23.6991
G1 X-21.9689 Y-23.7199
G1 X-21.9663 Y-23.7406
G1 X-21.9548 Y-23.8182
G1 X-21.9513 Y-23.8388
G1 X-21.9467 Y-23.8591
G1 X-21.9276 Y-23.9353
G1 X-21.9221 Y-23.9554
G1 X-21.9155 Y-23.9752
G1 X-21.8891 Y-24.0491
G1 X-21.8816 Y-24.0686
G1 X-21.8731 Y-24.0877
G1 X-21.8395 Y-24.1586
G1 X-21.8302 Y-24.1773
G1 X-21.8199 Y-24.1954
G1 X-21.7740 Y-24.2716
G1 X-21.7624 Y-24.2890
G1 X-21.7563 Y-24.2974
G1 X-21.7096 Y-24.3605
G1 X-21.6967 Y-24.3769
G1 X-21.6900 Y-24.3849
G1 X-21.6233 Y-24.4585
G1 X-21.6160 Y-24.4660
G1 X-21.6009 Y-24.4804
G1 X-21.5427 Y-24.5331
G1 X-21.5269 Y-24.5467
G1 X-21.5105 Y-24.5596
G1 X-21.4474 Y-24.6063
G1 X-21.4304 Y-24.6184
G1 X-21.4127 Y-24.6295
G1 X-21.3454 Y-24.6699
G1 X-21.3273 Y-24.6802
G1 X-21.3086 Y-24.6895
G1 X-21.2377 Y-24.7231
G1 X-21.2186 Y-24.7316
G1 X-21.1991 Y-24.7391
G1 X-21.1252 Y-24.7655
G1 X-21.1054 Y-24.7721
G1 X-21.0853 Y-24.7776
G1 X-21.0091 Y-24.7967
G1 X-20.9888 Y-24.8013
G1 X-20.9682 Y-24.8048
G1 X-20.8906 Y-24.8163
G1 X-20.8699 Y-24.8189
G1 X-20.8491 Y-24.8204
G1 X-20.7707 Y-24.8243
G1 X-20.7498 Y-24.8248
G1 X-19.7394 Y-24.8247
G1 X-19.6505 Y-24.8204
G1 X-19.6401 Y-24.8198
G1 X-19.6194 Y-24.8178
G1 X-19.5211 Y-24.8032
G1 X-19.5108 Y-24.8013
G1 X-19.4905 Y-24.7967
G1 X-19.4143 Y-24.7776
G1 X-19.3942 Y-24.7721
G1 X-19.3744 Y-24.7655
G1 X-19.3005 Y-24.7391
G1 X-19.2810 Y-24.7316
G1 X-19.2619 Y-24.7231
G1 X-19.1910 Y-24.6895
G1 X-19.1723 Y-24.6802
G1 X-19.1542 Y-24.6699
G1 X-19.0780 Y-24.6240
G1 X-19.0692 Y-24.6184
G1 X-19.0522 Y-24.6063
G1 X-18.9891 Y-24.5596
G1 X-18.9727 Y-24.5467
G1 X-18.9569 Y-24.5331
G1 X-18.8911 Y-24.4733
G1 X-18.8763 Y-24.4585
G1 X-18.8692 Y-24.4509
G1 X-18.8096 Y-24.3849
G1 X-18.7963 Y-24.3688
G1 X-18.7785 Y-24.3450
G1 X-11.4939 Y-24.3450
G1 X-11.4633 Y-24.3785
G1 X-11.4485 Y-24.3933
G1 X-11.3827 Y-24.4531
G1 X-11.3749 Y-24.4600
G1 X-11.3588 Y-24.4733
G1 X-11.2874 Y-24.5263
G1 X-11.2704 Y-24.5384
G1 X-11.2527 Y-24.5495
G1 X-11.1764 Y-24.5951
G1 X-11.1673 Y-24.6002
G1 X-11.1486 Y-24.6095
G1 X-11.0777 Y-24.6431
G1 X-11.0586 Y-24.6516
G1 X-11.0391 Y-24.6591
G1 X-10.9652 Y-24.6855
G1 X-10.9454 Y-24.6921
G1 X-10.9253 Y-24.6976
G1 X-10.8491 Y-24.7167
G1 X-10.8288 Y-24.7213
G1 X-10.8082 Y-24.7248
G1 X-10.7306 Y-24.7363
G1 X-10.7099 Y-24.7389
G1 X-10.6891 Y-24.7404
G1 X-10.6002 Y-24.7447
G1 X-9.5898 Y-24.7448
G1 X-9.5689 Y-24.7443
G1 X-9.4905 Y-24.7404
G1 X-9.4697 Y-24.7389
G1 X-9.4490 Y-24.7363
G1 X-9.3714 Y-24.7248
G1 X-9.3508 Y-24.7213
G1 X-9.3305 Y-24.7167
G1 X-9.2543 Y-24.6976
G1 X-9.2342 Y-24.6921
G1 X-9.2144 Y-24.6855
G1 X-9.1405 Y-24.6591
G1 X-9.1210 Y-24.6516
G1 X-9.1114 Y-24.6474
G1 X-9.0310 Y-24.6095
G1 X-9.0123 Y-24.6002
G1 X-8.9942 Y-24.5899
G1 X-8.9269 Y-24.5495
G1 X-8.9180 Y-24.5440
G1 X-8.9006 Y-24.5324
G1 X-8.8291 Y-24.4796
G1 X-8.8127 Y-24.4667
G1 X-8.8047 Y-24.4600
G1 X-8.7311 Y-24.3933
G1 X-8.7163 Y-24.3785
G1 X-8.6857 Y-24.3450
G1 X-6.6216 Y-24.3450
G1 X-4.3233 Y-26.6433
G1 X-4.3082 Y-26.6577
G1 X-4.2791 Y-26.6841
G1 X-4.2633 Y-26.6977
G1 X-4.2469 Y-26.7105
G1 X-4.2069 Y-26.7400
G1 X-4.1895 Y-26.7516
G1 X-4.1469 Y-26.7773
G1 X-4.1288 Y-26.7876
G1 X-4.1102 Y-26.7969
G1 X-4.0652 Y-26.8181
G1 X-4.0459 Y-26.8261
G1 X-3.9992 Y-26.8429
G1 X-3.9793 Y-26.8495
G1 X-3.9592 Y-26.8550
G1 X-3.9211 Y-26.8646
G1 X-3.9008 Y-26.8691
G1 X-3.8802 Y-26.8727
G1 X-3.8414 Y-26.8785
G1 X-3.8207 Y-26.8810
G1 X-3.7999 Y-26.8826
G1 X-3.7607 Y-26.8845
G1 X-3.7398 Y-26.8850
G1 X11.5002 Y-26.8850
G1 X11.5211 Y-26.8845
G1 X11.5603 Y-26.8826
G1 X11.5811 Y-26.8810
G1 X11.6018 Y-26.8785
G1 X11.6509 Y-26.8711
G1 X11.6714 Y-26.8670
G1 X11.7196 Y-26.8550
G1 X11.7397 Y-26.8495
G1 X11.7596 Y-26.8429
G1 X11.7965 Y-26.8297
G1 X11.8160 Y-26.8222
G1 X11.8351 Y-26.8137
G1 X11.8706 Y-26.7969
G1 X11.8892 Y-26.7876
G1 X11.9073 Y-26.7773
G1 X11.9410 Y-26.7571
G1 X11.9587 Y-26.7459
G1 X11.9757 Y-26.7339
G1 X12.0073 Y-26.7105
G1 X12.0237 Y-26.6977
G1 X12.0395 Y-26.6841
G1 X12.0686 Y-26.6577
G1 X12.0837 Y-26.6433
G1 X13.5322 Y-25.1948
G1 X14.6902 Y-25.1948
G1 X14.7111 Y-25.1943
G1 X14.8336 Y-25.1883
G1 X14.8544 Y-25.1867
G1 X14.8751 Y-25.1842
G1 X15.0067 Y-25.1645
G1 X15.0170 Y-25.1626
G1 X15.0373 Y-25.1580
G1 X15.1563 Y-25.1282
G1 X15.1764 Y-25.1227
G1 X15.1962 Y-25.1161
G1 X15.3117 Y-25.0748
G1 X15.3312 Y-25.0673
G1 X15.3503 Y-25.0588
G1 X15.4612 Y-25.0064
G1 X15.4798 Y-24.9970
G1 X15.4979 Y-24.9867
G1 X15.6032 Y-24.9237
G1 X15.6208 Y-24.9125
G1 X15.6294 Y-24.9066
G1 X15.7364 Y-24.8274
G1 X15.7528 Y-24.8146
G1 X15.7686 Y-24.8010
G1 X15.8595 Y-24.7186
G1 X15.8746 Y-24.7042
G1 X15.8890 Y-24.6891
G1 X15.9714 Y-24.5982
G1 X15.9850 Y-24.5824
G1 X15.9978 Y-24.5660
G1 X16.0709 Y-24.4674
G1 X16.0829 Y-24.4504
G1 X16.0941 Y-24.4328
G1 X16.1571 Y-24.3275
G1 X16.1674 Y-24.3094
G1 X16.1768 Y-24.2908
G1 X16.2292 Y-24.1799
G1 X16.2377 Y-24.1608
G1 X16.2452 Y-24.1413
G1 X16.2865 Y-24.0258
G1 X16.2931 Y-24.0060
G1 X16.2986 Y-23.9859
G1 X16.3284 Y-23.8669
G1 X16.3330 Y-23.8466
G1 X16.3366 Y-23.8260
G1 X16.3546 Y-23.7047
G1 X16.3571 Y-23.6840
G1 X16.3587 Y-23.6632
G1 X16.3651 Y-23.5302
G1 X16.3652 Y-23.5198
G1 X16.3647 Y-23.4989
G1 X16.3587 Y-23.3764
G1 X16.3571 Y-23.3556
G1 X16.3546 Y-23.3349
G1 X16.3366 Y-23.2136
G1 X16.3330 Y-23.1930
G1 X16.3284 Y-23.1727
G1 X16.2986 Y-23.0537
G1 X16.2931 Y-23.0336
G1 X16.2865 Y-23.0138
G1 X16.2452 Y-22.8983
G1 X16.2377 Y-22.8788
G1 X16.2292 Y-22.8597
G1 X16.1768 Y-22.7488
G1 X16.1674 Y-22.7302
G1 X16.1571 Y-22.7121
G1 X16.0941 Y-22.6068
G1 X16.0829 Y-22.5892
G1 X16.0709 Y-22.5722
G1 X15.9978 Y-22.4736
G1 X15.9850 Y-22.4572
G1 X15.9714 Y-22.4414
G1 X15.8890 Y-22.3505
G1 X15.8746 Y-22.3354
G1 X15.8595 Y-22.3210
G1 X15.7686 Y-22.2386
G1 X15.7528 Y-22.2250
G1 X15.7364 Y-22.2122
G1 X15.6378 Y-22.1391
G1 X15.6208 Y-22.1271
G1 X15.6032 Y-22.1159
G1 X15.4979 Y-22.0529
G1 X15.4798 Y-22.0426
G1 X15.4612 Y-22.0332
G1 X15.3503 Y-21.9808
G1 X15.3312 Y-21.9723
G1 X15.3117 Y-21.9648
G1 X15.1962 Y-21.9235
G1 X15.1764 Y-21.9169
G1 X15.1563 Y-21.9114
G1 X15.0373 Y-21.8816
G1 X15.0170 Y-21.8770
G1 X14.9964 Y-21.8734
G1 X14.8751 Y-21.8554
G1 X14.8544 Y-21.8529
G1 X14.8440 Y-21.8520
G1 X14.7111 Y-21.8453
G1 X14.6902 Y-21.8448
G1 X13.3902 Y-21.8448
G1 X13.3693 Y-21.8453
G1 X13.2468 Y-21.8513
G1 X13.2260 Y-21.8529
G1 X13.2053 Y-21.8554
G1 X13.0840 Y-21.8734
G1 X13.0634 Y-21.8770
G1 X13.0431 Y-21.8816
G1 X12.9241 Y-21.9114
G1 X12.9040 Y-21.9169
G1 X12.8842 Y-21.9235
G1 X12.7589 Y-21.9684
G1 X12.7492 Y-21.9723
G1 X12.7301 Y-21.9808
G1 X12.6192 Y-22.0332
G1 X12.6006 Y-22.0426
G1 X12.5825 Y-22.0529
G1 X12.4772 Y-22.1159
G1 X12.4596 Y-22.1271
G1 X12.4426 Y-22.1391
G1 X12.3440 Y-22.2122
G1 X12.3276 Y-22.2250
G1 X12.3118 Y-22.2386
G1 X12.2209 Y-22.3210
G1 X12.2058 Y-22.3354
G1 X12.1914 Y-22.3505
G1 X12.1090 Y-22.4414
G1 X12.0954 Y-22.4572
G1 X12.0826 Y-22.4736
G1 X12.0095 Y-22.5722
G1 X11.9975 Y-22.5892
G1 X11.9863 Y-22.6068
G1 X11.9233 Y-22.7121
G1 X11.9130 Y-22.7302
G1 X11.9036 Y-22.7488
G1 X11.8512 Y-22.8597
G1 X11.8427 Y-22.8788
G1 X11.8352 Y-22.8983
G1 X11.7939 Y-23.0138
G1 X11.7873 Y-23.0336
G1 X11.7818 Y-23.0537
G1 X11.7520 Y-23.1727
G1 X11.7474 Y-23.1930
G1 X11.7438 Y-23.2136
G1 X11.7258 Y-23.3349
G1 X11.7233 Y-23.3556
G1 X11.7217 Y-23.3764
G1 X11.7157 Y-23.4989
G1 X11.7152 Y-23.5198
G1 X11.7157 Y-23.5407
G1 X11.7217 Y-23.6632
G1 X11.7233 Y-23.6840
G1 X11.7258 Y-23.7047
G1 X11.7438 Y-23.8260
G1 X11.7474 Y-23.8466
G1 X11.7520 Y-23.8669
G1 X11.7818 Y-23.9859
G1 X11.7873 Y-24.0060
G1 X11.7939 Y-24.0258
G1 X11.8352 Y-24.1413
G1 X11.8427 Y-24.1608
G1 X11.8512 Y-24.1799
G1 X11.9036 Y-24.2908
G1 X11.9130 Y-24.3094
G1 X11.9233 Y-24.3275
G1 X11.9765 Y-24.4164
G1 X11.1584 Y-25.2346
G1 X-3.3980 Y-25.2346
G1 X-5.6963 Y-22.9363
G1 X-5.7114 Y-22.9219
G1 X-5.7405 Y-22.8955
G1 X-5.7563 Y-22.8819
G1 X-5.7727 Y-22.8691
G1 X-5.8127 Y-22.8396
G1 X-5.8301 Y-22.8280
G1 X-5.8727 Y-22.8023
G1 X-5.8817 Y-22.7971
G1 X-5.9001 Y-22.7872
G1 X-5.9449 Y-22.7659
G1 X-5.9640 Y-22.7574
G1 X-5.9835 Y-22.7499
G1 X-6.0303 Y-22.7333
G1 X-6.0503 Y-22.7272
G1 X-6.0604 Y-22.7246
G1 X-6.1086 Y-22.7126
G1 X-6.1291 Y-22.7085
G1 X-6.1782 Y-22.7011
G1 X-6.1989 Y-22.6986
G1 X-6.2197 Y-22.6970
G1 X-6.2589 Y-22.6951
G1 X-6.2798 Y-22.6946
G1 X-8.6857 Y-22.6946
G1 X-8.7163 Y-22.6611
G1 X-8.7311 Y-22.6463
G1 X-8.8047 Y-22.5796
G1 X-8.8208 Y-22.5663
G1 X-8.8291 Y-22.5600
G1 X-8.9006 Y-22.5072
G1 X-8.9180 Y-22.4956
G1 X-8.9269 Y-22.4901
G1 X-8.9942 Y-22.4497
G1 X-9.0123 Y-22.4394
G1 X-9.0310 Y-22.4301
G1 X-9.1114 Y-22.3922
G1 X-9.1210 Y-22.3880
G1 X-9.1405 Y-22.3805
G1 X-9.2144 Y-22.3541
G1 X-9.2342 Y-22.3475
G1 X-9.2543 Y-22.3420
G1 X-9.3305 Y-22.3229
G1 X-9.3508 Y-22.3183
G1 X-9.3714 Y-22.3148
G1 X-9.4490 Y-22.3033
G1 X-9.4697 Y-22.3007
G1 X-9.4905 Y-22.2992
G1 X-9.5689 Y-22.2953
G1 X-9.5898 Y-22.2948
G1 X-10.6002 Y-22.2949
G1 X-10.6891 Y-22.2992
G1 X-10.7099 Y-22.3007
G1 X-10.7306 Y-22.3033
G1 X-10.8082 Y-22.3148
G1 X-10.8288 Y-22.3183
G1 X-10.8491 Y-22.3229
G1 X-10.9253 Y-22.3420
G1 X-10.9454 Y-22.3475
G1 X-10.9652 Y-22.3541
G1 X-11.0391 Y-22.3805
G1 X-11.0586 Y-22.3880
G1 X-11.0777 Y-22.3965
G1 X-11.1486 Y-22.4301
G1 X-11.1580 Y-22.4346
G1 X-11.1764 Y-22.4445
G1 X-11.2527 Y-22.4901
G1 X-11.2704 Y-22.5012
G1 X-11.2874 Y-22.5133
G1 X-11.3588 Y-22.5663
G1 X-11.3669 Y-22.5729
G1 X-11.3827 Y-22.5865
G1 X-11.4485 Y-22.6463
G1 X-11.4633 Y-22.6611
G1 X-11.4939 Y-22.6946
G1 X-18.9259 Y-22.6946
G1 Z2.0000
G1 X-19.2879 Y-24.7343
G1 F60.00
G1 Z0.3
G1 F120.00
G1 X-10.7444 Y-24.7343
G1 Z2.0000
G1 X-11.5757 Y-27.7943
G1 F60.00
G1 Z0.3
G1 F120.00
G1 X-12.5561 Y-27.7943
G1 Z2.0000
G1 X-12.4531 Y-28.3043
G1 F60.00
G1 Z0.3
G1 F120.00
G1 X-11.7953 Y-28.3043
G1 Z2.0000
G1 X-11.7779 Y-28.8143
G1 F60.00
G1 Z0.3
G1 F120.00
G1 X-12.4427 Y-28.8143
G1 X-12.2866 Y-29.3243
G1 X-11.5126 Y-29.3243
G1 X-11.9277 Y-29.8343
G1 X-10.9150 Y-29.8343
G1 X-10.9150 Y-29.7002
G1 X-10.9150 Y-32.0680
G1 X-11.3018 Y-32.4548
G1 X-11.8702 Y-32.4549
G1 X-11.9591 Y-32.4592
G1 X-11.9799 Y-32.4607
G1 X-12.0006 Y-32.4633
G1 X-12.0885 Y-32.4764
G1 X-12.0988 Y-32.4783
G1 X-12.1191 Y-32.4829
G1 X-12.1953 Y-32.5020
G1 X-12.2154 Y-32.5075
G1 X-12.2352 Y-32.5141
G1 X-12.3091 Y-32.5405
G1 X-12.3286 Y-32.5480
G1 X-12.3477 Y-32.5565
G1 X-12.4186 Y-32.5901
G1 X-12.4373 Y-32.5994
G1 X-12.4554 Y-32.6097
G1 X-12.5227 Y-32.6501
G1 X-12.5404 Y-32.6612
G1 X-12.5490 Y-32.6672
G1 X-12.6205 Y-32.7200
G1 X-12.6288 Y-32.7263
G1 X-12.6449 Y-32.7396
G1 X-12.7185 Y-32.8063
G1 X-12.7260 Y-32.8136
G1 X-12.7404 Y-32.8287
G1 X-12.7931 Y-32.8869
G1 X-12.8067 Y-32.9027
G1 X-12.8196 Y-32.9191
G1 X-12.8663 Y-32.9822
G1 X-12.8784 Y-32.9992
G1 X-12.8840 Y-33.0080
G1 X-12.9351 Y-33.0932
G1 X-12.9402 Y-33.1023
G1 X-12.9495 Y-33.1210
G1 X-12.9831 Y-33.1919
G1 X-12.9916 Y-33.2110
G1 X-12.9991 Y-33.2305
G1 X-13.0255 Y-33.3044
G1 X-13.0321 Y-33.3242
G1 X-13.0376 Y-33.3443
G1 X-13.0567 Y-33.4205
G1 X-13.0613 Y-33.4408
G1 X-13.0648 Y-33.4614
G1 X-13.0763 Y-33.5390
G1 X-13.0789 Y-33.5597
G1 X-13.0804 Y-33.5805
G1 X-13.0843 Y-33.6589
G1 X-13.0848 Y-33.6798
G1 X-13.0843 Y-33.7007
G1 X-13.0804 Y-33.7791
G1 X-13.0789 Y-33.7999
G1 X-13.0763 Y-33.8206
G1 X-13.0648 Y-33.8982
G1 X-13.0613 Y-33.9188
G1 X-13.0567 Y-33.9391
G1 X-13.0376 Y-34.0153
G1 X-13.0321 Y-34.0354
G1 X-13.0255 Y-34.0552
G1 X-12.9991 Y-34.1291
G1 X-12.9916 Y-34.1486
G1 X-12.9831 Y-34.1677
G1 X-12.9495 Y-34.2386
G1 X-12.9402 Y-34.2573
G1 X-12.9299 Y-34.2754
G1 X-12.8895 Y-34.3427
G1 X-12.8784 Y-34.3604
G1 X-12.8663 Y-34.3774
G1 X-12.8196 Y-34.4405
G1 X-12.8133 Y-34.4488
G1 X-12.8000 Y-34.4649
G1 X-12.7404 Y-34.5309
G1 X-12.7260 Y-34.5460
G1 X-12.7109 Y-34.5604
G1 X-12.6527 Y-34.6131
G1 X-12.6369 Y-34.6267
G1 X-12.6205 Y-34.6396
G1 X-12.5574 Y-34.6863
G1 X-12.5490 Y-34.6924
G1 X-12.5316 Y-34.7040
G1 X-12.4554 Y-34.7499
G1 X-12.4373 Y-34.7602
G1 X-12.4186 Y-34.7695
G1 X-12.3477 Y-34.8031
G1 X-12.3286 Y-34.8116
G1 X-12.3091 Y-34.8191
G1 X-12.2352 Y-34.8455
G1 X-12.2154 Y-34.8521
G1 X-12.1953 Y-34.8576
G1 X-12.1090 Y-34.8791
G1 X-12.0988 Y-34.8813
G1 X-12.0782 Y-34.8848
G1 X-12.0006 Y-34.8963
G1 X-11.9799 Y-34.8989
G1 X-11.9591 Y-34.9004
G1 X-11.8807 Y-34.9043
G1 X-11.8598 Y-34.9048
G1 X-10.8494 Y-34.9047
G1 X-10.7605 Y-34.9004
G1 X-10.7397 Y-34.8989
G1 X-10.7190 Y-34.8963
G1 X-10.6414 Y-34.8848
G1 X-10.6208 Y-34.8813
G1 X-10.6106 Y-34.8791
G1 X-10.5243 Y-34.8576
G1 X-10.5042 Y-34.8521
G1 X-10.4844 Y-34.8455
G1 X-10.4105 Y-34.8191
G1 X-10.3910 Y-34.8116
G1 X-10.3719 Y-34.8031
G1 X-10.3010 Y-34.7695
G1 X-10.2823 Y-34.7602
G1 X-10.2642 Y-34.7499
G1 X-10.1969 Y-34.7095
G1 X-10.1792 Y-34.6984
G1 X-10.1622 Y-34.6863
G1 X-10.0991 Y-34.6396
G1 X-10.0827 Y-34.6267
G1 X-10.0669 Y-34.6131
G1 X-10.0087 Y-34.5604
G1 X-9.9936 Y-34.5460
G1 X-9.9792 Y-34.5309
G1 X-9.9265 Y-34.4727
G1 X-9.9129 Y-34.4569
G1 X-9.9000 Y-34.4405
G1 X-9.8533 Y-34.3774
G1 X-9.8412 Y-34.3604
G1 X-9.8301 Y-34.3427
G1 X-9.7897 Y-34.2754
G1 X-9.7794 Y-34.2573
G1 X-9.7701 Y-34.2386
G1 X-9.7365 Y-34.1677
G1 X-9.7280 Y-34.1486
G1 X-9.7205 Y-34.1291
G1 X-9.6941 Y-34.0552
G1 X-9.6875 Y-34.0354
G1 X-9.6820 Y-34.0153
G1 X-9.6629 Y-33.9391
G1 X-9.6583 Y-33.9188
G1 X-9.6548 Y-33.8982
G1 X-9.6433 Y-33.8206
G1 X-9.6407 Y-33.7999
G1 X-9.6392 Y-33.7791
G1 X-9.6353 Y-33.7007
G1 X-9.6348 Y-33.6798
G1 X-9.6353 Y-33.6589
G1 X-9.6392 Y-33.5805
G1 X-9.6407 Y-33.5597
G1 X-9.6433 Y-33.5390
G1 X-9.6548 Y-33.4614
G1 X-9.6583 Y-33.4408
G1 X-9.6629 Y-33.4205
G1 X-9.6820 Y-33.3443
G1 X-9.6875 Y-33.3242
G1 X-9.6941 Y-33.3044
G1 X-9.7205 Y-33.2305
G1 X-9.7269 Y-33.2139
G1 X-9.4990 Y-32.9858
G1 X-9.4655 Y-32.9491
G1 X-9.4519 Y-32.9333
G1 X-9.4391 Y-32.9169
G1 X-9.4157 Y-32.8853
G1 X-9.4037 Y-32.8683
G1 X-9.3925 Y-32.8506
G1 X-9.3723 Y-32.8169
G1 X-9.3620 Y-32.7988
G1 X-9.3527 Y-32.7802
G1 X-9.3359 Y-32.7447
G1 X-9.3277 Y-32.7262
G1 X-9.3237 Y-32.7162
G1 X-9.3033 Y-32.6593
G1 X-9.2972 Y-32.6393
G1 X-9.2826 Y-32.5810
G1 X-9.2785 Y-32.5605
G1 X-9.2769 Y-32.5502
G1 X-9.2711 Y-32.5114
G1 X-9.2686 Y-32.4907
G1 X-9.2670 Y-32.4699
G1 X-9.2651 Y-32.4307
G1 X-9.2646 Y-32.4098
G1 X-9.2646 Y-30.5120
G1 X-5.5058 Y-34.2706
G1 X-5.4691 Y-34.3041
G1 X-5.4533 Y-34.3177
G1 X-5.4369 Y-34.3305
G1 X-5.3969 Y-34.3600
G1 X-5.3795 Y-34.3716
G1 X-5.3369 Y-34.3973
G1 X-5.3188 Y-34.4076
G1 X-5.3095 Y-34.4124
G1 X-5.2647 Y-34.4337
G1 X-5.2462 Y-34.4419
G1 X-5.2261 Y-34.4497
G1 X-5.1793 Y-34.4663
G1 X-5.1593 Y-34.4724
G1 X-5.1492 Y-34.4750
G1 X-5.1010 Y-34.4870
G1 X-5.0805 Y-34.4911
G1 X-5.0314 Y-34.4985
G1 X-5.0107 Y-34.5010
G1 X-4.9899 Y-34.5026
G1 X-4.9507 Y-34.5045
G1 X-4.9298 Y-34.5050
G1 X1.7737 Y-34.5050
G1 X1.8263 Y-34.5928
G1 X1.8375 Y-34.6104
G1 X1.8495 Y-34.6274
G1 X1.9226 Y-34.7260
G1 X1.9354 Y-34.7424
G1 X1.9490 Y-34.7582
G1 X2.0314 Y-34.8491
G1 X2.0458 Y-34.8642
G1 X2.0609 Y-34.8786
G1 X2.1518 Y-34.9610
G1 X2.1676 Y-34.9746
G1 X2.1840 Y-34.9874
G1 X2.2826 Y-35.0605
G1 X2.2996 Y-35.0725
G1 X2.3172 Y-35.0837
G1 X2.4225 Y-35.1467
G1 X2.4406 Y-35.1570
G1 X2.4592 Y-35.1664
G1 X2.5701 Y-35.2188
G1 X2.5892 Y-35.2273
G1 X2.6087 Y-35.2348
G1 X2.7242 Y-35.2761
G1 X2.7440 Y-35.2827
G1 X2.7641 Y-35.2882
G1 X2.8831 Y-35.3180
G1 X2.9034 Y-35.3226
G1 X2.9240 Y-35.3262
G1 X3.0453 Y-35.3442
G1 X3.0660 Y-35.3467
G1 X3.0868 Y-35.3483
G1 X3.2093 Y-35.3543
G1 X3.2302 Y-35.3548
G1 X4.5406 Y-35.3547
G1 X4.6736 Y-35.3483
G1 X4.6944 Y-35.3467
G1 X4.7151 Y-35.3442
G1 X4.8364 Y-35.3262
G1 X4.8467 Y-35.3245
G1 X4.8672 Y-35.3205
G1 X4.9963 Y-35.2882
G1 X5.0164 Y-35.2827
G1 X5.0362 Y-35.2761
G1 X5.1517 Y-35.2348
G1 X5.1712 Y-35.2273
G1 X5.1903 Y-35.2188
G1 X5.3012 Y-35.1664
G1 X5.3198 Y-35.1570
G1 X5.3379 Y-35.1467
G1 X5.4432 Y-35.0837
G1 X5.4608 Y-35.0725
G1 X5.4778 Y-35.0605
G1 X5.5764 Y-34.9874
G1 X5.5928 Y-34.9746
G1 X5.6008 Y-34.9679
G1 X5.6995 Y-34.8786
G1 X5.7146 Y-34.8642
G1 X5.7290 Y-34.8491
G1 X5.8183 Y-34.7504
G1 X5.8250 Y-34.7424
G1 X5.8378 Y-34.7260
G1 X5.9109 Y-34.6274
G1 X5.9229 Y-34.6104
G1 X5.9341 Y-34.5928
G1 X5.9867 Y-34.5050
G1 X6.8537 Y-34.5050
G1 X6.9063 Y-34.5928
G1 X6.9175 Y-34.6104
G1 X6.9295 Y-34.6274
G1 X7.0026 Y-34.7260
G1 X7.0154 Y-34.7424
G1 X7.0290 Y-34.7582
G1 X7.1114 Y-34.8491
G1 X7.1258 Y-34.8642
G1 X7.1409 Y-34.8786
G1 X7.2318 Y-34.9610
G1 X7.2476 Y-34.9746
G1 X7.2640 Y-34.9874
G1 X7.3626 Y-35.0605
G1 X7.3796 Y-35.0725
G1 X7.3972 Y-35.0837
G1 X7.5025 Y-35.1467
G1 X7.5206 Y-35.1570
G1 X7.5392 Y-35.1664
G1 X7.6501 Y-35.2188
G1 X7.6692 Y-35.2273
G1 X7.6887 Y-35.2348
G1 X7.8042 Y-35.2761
G1 X7.8240 Y-35.2827
G1 X7.8441 Y-35.2882
G1 X7.9631 Y-35.3180
G1 X7.9834 Y-35.3226
G1 X8.0040 Y-35.3262
G1 X8.1253 Y-35.3442
G1 X8.1460 Y-35.3467
G1 X8.1668 Y-35.3483
G1 X8.2893 Y-35.3543
G1 X8.3102 Y-35.3548
G1 X9.6206 Y-35.3547
G1 X9.7536 Y-35.3483
G1 X9.7744 Y-35.3467
G1 X9.7951 Y-35.3442
G1 X9.9164 Y-35.3262
G1 X9.9370 Y-35.3226
G1 X9.9573 Y-35.3180
G1 X10.0763 Y-35.2882
G1 X10.0964 Y-35.2827
G1 X10.1162 Y-35.2761
G1 X10.2317 Y-35.2348
G1 X10.2512 Y-35.2273
G1 X10.2703 Y-35.2188
G1 X10.3905 Y-35.1618
G1 X10.3998 Y-35.1570
G1 X10.4179 Y-35.1467
G1 X10.5232 Y-35.0837
G1 X10.5408 Y-35.0725
G1 X10.5578 Y-35.0605
G1 X10.6564 Y-34.9874
G1 X10.6728 Y-34.9746
G1 X10.6886 Y-34.9610
G1 X10.7795 Y-34.8786
G1 X10.7946 Y-34.8642
G1 X10.8090 Y-34.8491
G1 X10.8914 Y-34.7582
G1 X10.9050 Y-34.7424
G1 X10.9178 Y-34.7260
G1 X10.9909 Y-34.6274
G1 X11.0029 Y-34.6104
G1 X11.0141 Y-34.5928
G1 X11.0771 Y-34.4875
G1 X11.0874 Y-34.4694
G1 X11.0922 Y-34.4601
G1 X11.1492 Y-34.3399
G1 X11.1577 Y-34.3208
G1 X11.1652 Y-34.3013
G1 X11.2065 Y-34.1858
G1 X11.2131 Y-34.1660
G1 X11.2160 Y-34.1560
G1 X11.2484 Y-34.0269
G1 X11.2530 Y-34.0066
G1 X11.2566 Y-33.9860
G1 X11.2746 Y-33.8647
G1 X11.2771 Y-33.8440
G1 X11.2787 Y-33.8232
G1 X11.2847 Y-33.7007
G1 X11.2852 Y-33.6798
G1 X11.2851 Y-33.6694
G1 X11.2787 Y-33.5364
G1 X11.2771 Y-33.5156
G1 X11.2746 Y-33.4949
G1 X11.2566 Y-33.3736
G1 X11.2530 Y-33.3530
G1 X11.2484 Y-33.3327
G1 X11.2186 Y-33.2137
G1 X11.2160 Y-33.2036
G1 X11.2099 Y-33.1836
G1 X11.1652 Y-33.0583
G1 X11.1577 Y-33.0388
G1 X11.1492 Y-33.0197
G1 X11.0968 Y-32.9088
G1 X11.0874 Y-32.8902
G1 X11.0771 Y-32.8721
G1 X11.0141 Y-32.7668
G1 X11.0086 Y-32.7580
G1 X10.9970 Y-32.7406
G1 X10.9178 Y-32.6336
G1 X10.9050 Y-32.6172
G1 X10.8914 Y-32.6014
G1 X10.8090 Y-32.5105
G1 X10.7946 Y-32.4954
G1 X10.7795 Y-32.4810
G1 X10.6886 Y-32.3986
G1 X10.6728 Y-32.3850
G1 X10.6564 Y-32.3722
G1 X10.5578 Y-32.2991
G1 X10.5408 Y-32.2871
G1 X10.5232 Y-32.2759
G1 X10.4179 Y-32.2129
G1 X10.3998 Y-32.2026
G1 X10.3812 Y-32.1932
G1 X10.2703 Y-32.1408
G1 X10.2512 Y-32.1323
G1 X10.2317 Y-32.1248
G1 X10.1162 Y-32.0835
G1 X10.0964 Y-32.0769
G1 X10.0763 Y-32.0714
G1 X9.9573 Y-32.0416
G1 X9.9370 Y-32.0370
G1 X9.9164 Y-32.0334
G1 X9.7951 Y-32.0154
G1 X9.7847 Y-32.0140
G1 X9.7640 Y-32.0120
G1 X9.6311 Y-32.0053
G1 X9.6102 Y-32.0048
G1 X8.2998 Y-32.0049
G1 X8.1668 Y-32.0113
G1 X8.1460 Y-32.0129
G1 X8.1253 Y-32.0154
G1 X8.0040 Y-32.0334
G1 X7.9834 Y-32.0370
G1 X7.9631 Y-32.0416
G1 X7.8340 Y-32.0740
G1 X7.8240 Y-32.0769
G1 X7.8042 Y-32.0835
G1 X7.6887 Y-32.1248
G1 X7.6692 Y-32.1323
G1 X7.6501 Y-32.1408
G1 X7.5392 Y-32.1932
G1 X7.5206 Y-32.2026
G1 X7.5025 Y-32.2129
G1 X7.3972 Y-32.2759
G1 X7.3796 Y-32.2871
G1 X7.3626 Y-32.2991
G1 X7.2557 Y-32.3785
G1 X7.2476 Y-32.3850
G1 X7.2318 Y-32.3986
G1 X7.1409 Y-32.4810
G1 X7.1258 Y-32.4954
G1 X7.1114 Y-32.5105
G1 X7.0221 Y-32.6092
G1 X7.0154 Y-32.6172
G1 X7.0026 Y-32.6336
G1 X6.9234 Y-32.7406
G1 X6.9175 Y-32.7492
G1 X6.9063 Y-32.7668
G1 X6.8537 Y-32.8546
G1 X5.9867 Y-32.8546
G1 X5.9341 Y-32.7668
G1 X5.9229 Y-32.7492
G1 X5.9109 Y-32.7322
G1 X5.8378 Y-32.6336
G1 X5.8250 Y-32.6172
G1 X5.8183 Y-32.6092
G1 X5.7290 Y-32.5105
G1 X5.7146 Y-32.4954
G1 X5.6995 Y-32.4810
G1 X5.6008 Y-32.3917
G1 X5.5847 Y-32.3785
G1 X5.5764 Y-32.3722
G1 X5.4778 Y-32.2991
G1 X5.4608 Y-32.2871
G1 X5.4432 Y-32.2759
G1 X5.3379 Y-32.2129
G1 X5.3198 Y-32.2026
G1 X5.3012 Y-32.1932
G1 X5.1903 Y-32.1408
G1 X5.1712 Y-32.1323
G1 X5.1517 Y-32.1248
G1 X5.0362 Y-32.0835
G1 X5.0164 Y-32.0769
G1 X4.9963 Y-32.0714
G1 X4.8672 Y-32.0391
G1 X4.8467 Y-32.0351
G1 X4.8364 Y-32.0334
G1 X4.7151 Y-32.0154
G1 X4.6944 Y-32.0129
G1 X4.6736 Y-32.0113
G1 X4.5406 Y-32.0049
G1 X3.2302 Y-32.0048
G1 X3.2093 Y-32.0053
G1 X3.0868 Y-32.0113
G1 X3.0660 Y-32.0129
G1 X3.0453 Y-32.0154
G1 X2.9240 Y-32.0334
G1 X2.9034 Y-32.0370
G1 X2.8831 Y-32.0416
G1 X2.7641 Y-32.0714
G1 X2.7440 Y-32.0769
G1 X2.7242 Y-32.0835
G1 X2.6087 Y-32.1248
G1 X2.5892 Y-32.1323
G1 X2.5701 Y-32.1408
G1 X2.4592 Y-32.1932
G1 X2.4406 Y-32.2026
G1 X2.4225 Y-32.2129
G1 X2.3172 Y-32.2759
G1 X2.2996 Y-32.2871
G1 X2.2826 Y-32.2991
G1 X2.1840 Y-32.3722
G1 X2.1676 Y-32.3850
G1 X2.1518 Y-32.3986
G1 X2.0609 Y-32.4810
G1 X2.0458 Y-32.4954
G1 X2.0314 Y-32.5105
G1 X1.9490 Y-32.6014
G1 X1.9354 Y-32.6172
G1 X1.9226 Y-32.6336
G1 X1.8495 Y-32.7322
G1 X1.8375 Y-32.7492
G1 X1.8263 Y-32.7668
G1 X1.7737 Y-32.8546
G1 X-4.5880 Y-32.8546
G1 X-8.4569 Y-28.9857
G1 X-8.4505 Y-28.9691
G1 X-8.4241 Y-28.8952
G1 X-8.4175 Y-28.8754
G1 X-8.4120 Y-28.8553
G1 X-8.3929 Y-28.7791
G1 X-8.3883 Y-28.7588
G1 X-8.3848 Y-28.7382
G1 X-8.3733 Y-28.6606
G1 X-8.3707 Y-28.6399
G1 X-8.3692 Y-28.6191
G1 X-8.3653 Y-28.5407
G1 X-8.3649 Y-28.5302
G1 X-8.3649 Y-28.5094
G1 X-8.3692 Y-28.4205
G1 X-8.3707 Y-28.3997
G1 X-8.3733 Y-28.3790
G1 X-8.3848 Y-28.3014
G1 X-8.3883 Y-28.2808
G1 X-8.3929 Y-28.2605
G1 X-8.4120 Y-28.1843
G1 X-8.4175 Y-28.1642
G1 X-8.4241 Y-28.1444
G1 X-8.4505 Y-28.0705
G1 X-8.4580 Y-28.0510
G1 X-8.4665 Y-28.0319
G1 X-8.5001 Y-27.9610
G1 X-8.5094 Y-27.9423
G1 X-8.5197 Y-27.9242
G1 X-8.5601 Y-27.8569
G1 X-8.5712 Y-27.8392
G1 X-8.5833 Y-27.8222
G1 X-8.6300 Y-27.7591
G1 X-8.6429 Y-27.7427
G1 X-8.6565 Y-27.7269
G1 X-8.7163 Y-27.6611
G1 X-8.7311 Y-27.6463
G1 X-8.7387 Y-27.6392
G1 X-8.7969 Y-27.5865
G1 X-8.8127 Y-27.5729
G1 X-8.8291 Y-27.5600
G1 X-8.8922 Y-27.5133
G1 X-8.9092 Y-27.5012
G1 X-8.9269 Y-27.4901
G1 X-8.9942 Y-27.4497
G1 X-9.0123 Y-27.4394
G1 X-9.0310 Y-27.4301
G1 X-9.1019 Y-27.3965
G1 X-9.1210 Y-27.3880
G1 X-9.1405 Y-27.3805
G1 X-9.2144 Y-27.3541
G1 X-9.2342 Y-27.3475
G1 X-9.2543 Y-27.3420
G1 X-9.3305 Y-27.3229
G1 X-9.3508 Y-27.3183
G1 X-9.3714 Y-27.3148
G1 X-9.4490 Y-27.3033
G1 X-9.4697 Y-27.3007
G1 X-9.4905 Y-27.2992
G1 X-9.5794 Y-27.2949
G1 X-10.5898 Y-27.2948
G1 X-10.6107 Y-27.2953
G1 X-10.6891 Y-27.2992
G1 X-10.7099 Y-27.3007
G1 X-10.7306 Y-27.3033
G1 X-10.8082 Y-27.3148
G1 X-10.8288 Y-27.3183
G1 X-10.8390 Y-27.3205
G1 X-10.9253 Y-27.3420
G1 X-10.9454 Y-27.3475
G1 X-10.9652 Y-27.3541
G1 X-11.0391 Y-27.3805
G1 X-11.0586 Y-27.3880
G1 X-11.0777 Y-27.3965
G1 X-11.1486 Y-27.4301
G1 X-11.1673 Y-27.4394
G1 X-11.1854 Y-27.4497
G1 X-11.2527 Y-27.4901
G1 X-11.2704 Y-27.5012
G1 X-11.2874 Y-27.5133
G1 X-11.3505 Y-27.5600
G1 X-11.3669 Y-27.5729
G1 X-11.3827 Y-27.5865
G1 X-11.4409 Y-27.6392
G1 X-11.4560 Y-27.6536
G1 X-11.4704 Y-27.6687
G1 X-11.5231 Y-27.7269
G1 X-11.5367 Y-27.7427
G1 X-11.5496 Y-27.7591
G1 X-11.5963 Y-27.8222
G1 X-11.6084 Y-27.8392
G1 X-11.6195 Y-27.8569
G1 X-11.6599 Y-27.9242
G1 X-11.6702 Y-27.9423
G1 X-11.6795 Y-27.9610
G1 X-11.7131 Y-28.0319
G1 X-11.7174 Y-28.0414
G1 X-11.7254 Y-28.0607
G1 X-11.7555 Y-28.1444
G1 X-11.7621 Y-28.1642
G1 X-11.7676 Y-28.1843
G1 X-11.7867 Y-28.2605
G1 X-11.7913 Y-28.2808
G1 X-11.7932 Y-28.2911
G1 X-11.8078 Y-28.3894
G1 X-11.8089 Y-28.3997
G1 X-11.8104 Y-28.4205
G1 X-11.8143 Y-28.4989
G1 X-11.8148 Y-28.5198
G1 X-11.8143 Y-28.5407
G1 X-11.8104 Y-28.6191
G1 X-11.8098 Y-28.6295
G1 X-11.8078 Y-28.6502
G1 X-11.7932 Y-28.7485
G1 X-11.7913 Y-28.7588
G1 X-11.7867 Y-28.7791
G1 X-11.7676 Y-28.8553
G1 X-11.7621 Y-28.8754
G1 X-11.7555 Y-28.8952
G1 X-11.7291 Y-28.9691
G1 X-11.7216 Y-28.9886
G1 X-11.7131 Y-29.0077
G1 X-11.6795 Y-29.0786
G1 X-11.6702 Y-29.0973
G1 X-11.6599 Y-29.1154
G1 X-11.6195 Y-29.1827
G1 X-11.6084 Y-29.2004
G1 X-11.6024 Y-29.2090
G1 X-11.5433 Y-29.2888
G1 X-11.5367 Y-29.2969
G1 X-11.5231 Y-29.3127
G1 X-11.4704 Y-29.3709
G1 X-11.4560 Y-29.3860
G1 X-11.4409 Y-29.4004
G1 X-11.3827 Y-29.4531
G1 X-11.3669 Y-29.4667
G1 X-11.3505 Y-29.4796
G1 X-11.2874 Y-29.5263
G1 X-11.2704 Y-29.5384
G1 X-11.2527 Y-29.5495
G1 X-11.1854 Y-29.5899
G1 X-11.1673 Y-29.6002
G1 X-11.1486 Y-29.6095
G1 X-11.0777 Y-29.6431
G1 X-11.0586 Y-29.6516
G1 X-11.0489 Y-29.6554
G1 X-10.9553 Y-29.6889
G1 X-10.9354 Y-29.6950
G1 X-10.9150 Y-29.7002
G1 X-10.9150 Y-30.3443
G1 X-11.5815 Y-30.3443
G1 Z2.0000
G1 X-11.5653 Y-30.8543
G1 F60.00
G1 Z0.3
G1 F120.00
G1 X-10.9150 Y-30.8543
G1 X-10.9150 Y-31.3643
G1 X-11.5981 Y-31.3643
G1 Z2.0000
G1 X-10.9150 Y-31.8743
G1 F60.00
G1 Z0.3
G1 F120.00
G1 X-12.3680 Y-31.8743
G1 X-13.2167 Y-32.3843
G1 X-11.2313 Y-32.3843
G1 Z2.0000
G1 X-12.7997 Y-32.8943
G1 F60.00
G1 Z0.3
G1 F120.00
G1 X-13.5645 Y-32.8943
G1 X-13.7152 Y-33.4043
G1 X-13.0526 Y-33.4043
G1 Z2.0000
G1 X-13.0621 Y-33.9143
G1 F60.00
G1 Z0.3
G1 F120.00
G1 X-13.7206 Y-33.9143
G1 X-13.5814 Y-34.4243
G1 X-12.8316 Y-34.4243
G1 X-13.2577 Y-34.9343
G1 X-9.4619 Y-34.9343
G1 X-9.1382 Y-34.4243
G1 X-9.8880 Y-34.4243
G1 Z2.0000
G1 X-9.6575 Y-33.9143
G1 F60.00
G1 Z0.3
G1 F120.00
G1 X-8.9990 Y-33.9143
G1 Z2.0000
G1 X-8.9473 Y-33.4043
G1 F60.00
G1 Z0.3
G1 F120.00
G1 X-9.6670 Y-33.4043
G1 X-9.4223 Y-32.8943
G1 X-8.5943 Y-32.8943
G1 Z2.0000
G1 X-6.5883 Y-30.8543
G1 F60.00
G1 Z0.3
G1 F120.00
G1 X-5.5123 Y-30.8543
G1 X-6.0223 Y-30.3443
G1 X-7.0983 Y-30.3443
G1 X-6.0783 Y-31.3643
G1 X-5.0023 Y-31.3643
G1 X-5.5683 Y-31.8743
G1 X-4.3833 Y-31.8743
G1 X-5.0583 Y-32.3843
G1 X2.1685 Y-32.3843
G1 Z2.0000
G1 X5.5919 Y-32.3843
G1 F60.00
G1 Z0.3
G1 F120.00
G1 X7.2485 Y-32.3843
G1 Z2.0000
G1 X7.8247 Y-35.9543
G1 F60.00
G1 Z0.3
G1 F120.00
G1 X10.0957 Y-35.9543
G1 Z2.0000
G1 X5.0157 Y-35.9543
G1 F60.00
G1 Z0.3
G1 F120.00
G1 X2.7447 Y-35.9543
G1 Z2.0000
G1 X5.6822 Y-24.7343
G1 F60.00
G1 Z0.3
G1 F120.00
G1 X7.1582 Y-24.7343
G1 Z2.0000
G1 X6.8539 Y-22.6943
G1 F60.00
G1 Z0.3
G1 F120.00
G1 X5.9865 Y-22.6943
G1 Z2.0000
G1 X-10.9150 Y-19.8394
G1 F60.00
G1 Z0.3
G1 F120.00
G1 X-10.9354 Y-19.8446
G1 X-10.9553 Y-19.8507
G1 X-11.0391 Y-19.8805
G1 X-11.0586 Y-19.8880
G1 X-11.0777 Y-19.8965
G1 X-11.1486 Y-19.9301
G1 X-11.1673 Y-19.9394
G1 X-11.1854 Y-19.9497
G1 X-11.2527 Y-19.9901
G1 X-11.2704 Y-20.0012
G1 X-11.2874 Y-20.0133
G1 X-11.3588 Y-20.0663
G1 X-11.3669 Y-20.0729
G1 X-11.3827 Y-20.0865
G1 X-11.4409 Y-20.1392
G1 X-11.4560 Y-20.1536
G1 X-11.4704 Y-20.1687
G1 X-11.5231 Y-20.2269
G1 X-11.5367 Y-20.2427
G1 X-11.5496 Y-20.2591
G1 X-11.5963 Y-20.3222
G1 X-11.6084 Y-20.3392
G1 X-11.6195 Y-20.3569
G1 X-11.6599 Y-20.4242
G1 X-11.6651 Y-20.4332
G1 X-11.6750 Y-20.4516
G1 X-11.7131 Y-20.5319
G1 X-11.7216 Y-20.5510
G1 X-11.7291 Y-20.5705
G1 X-11.7589 Y-20.6543
G1 X-11.7621 Y-20.6642
G1 X-11.7676 Y-20.6843
G1 X-11.7867 Y-20.7605
G1 X-11.7913 Y-20.7808
G1 X-11.7948 Y-20.8014
G1 X-11.8063 Y-20.8790
G1 X-11.8089 Y-20.8997
G1 X-11.8104 Y-20.9205
G1 X-11.8143 Y-20.9989
G1 X-11.8148 Y-21.0198
G1 X-11.8143 Y-21.0407
G1 X-11.8104 Y-21.1191
G1 X-11.8098 Y-21.1295
G1 X-11.8078 Y-21.1502
G1 X-11.7948 Y-21.2382
G1 X-11.7913 Y-21.2588
G1 X-11.7867 Y-21.2791
G1 X-11.7676 Y-21.3553
G1 X-11.7621 Y-21.3754
G1 X-11.7555 Y-21.3952
G1 X-11.7291 Y-21.4691
G1 X-11.7254 Y-21.4789
G1 X-11.7174 Y-21.4982
G1 X-11.6795 Y-21.5786
G1 X-11.6702 Y-21.5973
G1 X-11.6599 Y-21.6154
G1 X-11.6195 Y-21.6827
G1 X-11.6084 Y-21.7004
G1 X-11.5963 Y-21.7174
G1 X-11.5496 Y-21.7805
G1 X-11.5367 Y-21.7969
G1 X-11.5231 Y-21.8127
G1 X-11.4704 Y-21.8709
G1 X-11.4560 Y-21.8860
G1 X-11.4409 Y-21.9004
G1 X-11.3827 Y-21.9531
G1 X-11.3669 Y-21.9667
G1 X-11.3505 Y-21.9796
G1 X-11.2874 Y-22.0263
G1 X-11.2704 Y-22.0384
G1 X-11.2616 Y-22.0440
G1 X-11.1764 Y-22.0951
G1 X-11.1673 Y-22.1002
G1 X-11.1486 Y-22.1095
G1 X-11.0777 Y-22.1431
G1 X-11.0586 Y-22.1516
G1 X-11.0391 Y-22.1591
G1 X-10.9652 Y-22.1855
G1 X-10.9454 Y-22.1921
G1 X-10.9354 Y-22.1950
G1 X-10.8390 Y-22.2191
G1 X-10.8185 Y-22.2232
G1 X-10.8082 Y-22.2248
G1 X-10.7202 Y-22.2378
G1 X-10.6995 Y-22.2398
G1 X-10.6891 Y-22.2404
G1 X-10.6107 Y-22.2443
G1 X-10.5898 Y-22.2448
G1 X-9.5898 Y-22.2448
G1 X-9.5689 Y-22.2443
G1 X-9.4905 Y-22.2404
G1 X-9.4697 Y-22.2389
G1 X-9.4490 Y-22.2363
G1 X-9.3714 Y-22.2248
G1 X-9.3508 Y-22.2213
G1 X-9.3305 Y-22.2167
G1 X-9.2543 Y-22.1976
G1 X-9.2342 Y-22.1921
G1 X-9.2144 Y-22.1855
G1 X-9.1405 Y-22.1591
G1 X-9.1210 Y-22.1516
G1 X-9.1114 Y-22.1474
G1 X-9.0310 Y-22.1095
G1 X-9.0123 Y-22.1002
G1 X-8.9942 Y-22.0899
G1 X-8.9269 Y-22.0495
G1 X-8.9180 Y-22.0440
G1 X-8.9006 Y-22.0324
G1 X-8.8291 Y-21.9796
G1 X-8.8127 Y-21.9667
G1 X-8.8047 Y-21.9600
G1 X-8.7311 Y-21.8933
G1 X-8.7163 Y-21.8785
G1 X-8.6857 Y-21.8450
G1 X-6.5216 Y-21.8450
G1 X-4.2633 Y-24.1033
G1 X-4.2482 Y-24.1177
G1 X-4.2191 Y-24.1441
G1 X-4.2033 Y-24.1577
G1 X-4.1869 Y-24.1705
G1 X-4.1469 Y-24.2000
G1 X-4.1295 Y-24.2116
G1 X-4.0869 Y-24.2373
G1 X-4.0688 Y-24.2476
G1 X-4.0595 Y-24.2524
G1 X-4.0147 Y-24.2737
G1 X-3.9956 Y-24.2822
G1 X-3.9761 Y-24.2897
G1 X-3.9293 Y-24.3063
G1 X-3.9093 Y-24.3124
G1 X-3.8992 Y-24.3150
G1 X-3.8510 Y-24.3270
G1 X-3.8305 Y-24.3311
G1 X-3.7814 Y-24.3385
G1 X-3.7607 Y-24.3410
G1 X-3.7399 Y-24.3426
G1 X-3.7007 Y-24.3445
G1 X-3.6798 Y-24.3450
G1 X1.7737 Y-24.3450
G1 X1.8263 Y-24.4328
G1 X1.8375 Y-24.4504
G1 X1.8495 Y-24.4674
G1 X1.9226 Y-24.5660
G1 X1.9354 Y-24.5824
G1 X1.9490 Y-24.5982
G1 X2.0314 Y-24.6891
G1 X2.0458 Y-24.7042
G1 X2.0609 Y-24.7186
G1 X2.1518 Y-24.8010
G1 X2.1676 Y-24.8146
G1 X2.1840 Y-24.8274
G1 X2.2826 Y-24.9005
G1 X2.2996 Y-24.9125
G1 X2.3172 Y-24.9237
G1 X2.4225 Y-24.9867
G1 X2.4406 Y-24.9970
G1 X2.4592 Y-25.0064
G1 X2.5701 Y-25.0588
G1 X2.5892 Y-25.0673
G1 X2.6087 Y-25.0748
G1 X2.7242 Y-25.1161
G1 X2.7440 Y-25.1227
G1 X2.7641 Y-25.1282
G1 X2.8831 Y-25.1580
G1 X2.9034 Y-25.1626
G1 X2.9240 Y-25.1662
G1 X3.0453 Y-25.1842
G1 X3.0660 Y-25.1867
G1 X3.0868 Y-25.1883
G1 X3.2093 Y-25.1943
G1 X3.2302 Y-25.1948
G1 X4.5406 Y-25.1947
G1 X4.6736 Y-25.1883
G1 X4.6944 Y-25.1867
G1 X4.7151 Y-25.1842
G1 X4.8364 Y-25.1662
G1 X4.8467 Y-25.1645
G1 X4.8672 Y-25.1605
G1 X4.9963 Y-25.1282
G1 X5.0164 Y-25.1227
G1 X5.0362 Y-25.1161
G1 X5.1517 Y-25.0748
G1 X5.1712 Y-25.0673
G1 X5.1903 Y-25.0588
G1 X5.3012 Y-25.0064
G1 X5.3198 Y-24.9970
G1 X5.3379 Y-24.9867
G1 X5.4432 Y-24.9237
G1 X5.4608 Y-24.9125
G1 X5.4778 Y-24.9005
G1 X5.5764 Y-24.8274
G1 X5.5928 Y-24.8146
G1 X5.6008 Y-24.8079
G1 X5.6995 Y-24.7186
G1 X5.7146 Y-24.7042
G1 X5.7290 Y-24.6891
G1 X5.8183 Y-24.5904
G1 X5.8250 Y-24.5824
G1 X5.8378 Y-24.5660
G1 X5.9109 Y-24.4674
G1 X5.9229 Y-24.4504
G1 X5.9341 Y-24.4328
G1 X5.9867 Y-24.3450
G1 X6.8537 Y-24.3450
G1 X6.9063 Y-24.4328
G1 X6.9175 Y-24.4504
G1 X6.9295 Y-24.4674
G1 X7.0026 Y-24.5660
G1 X7.0154 Y-24.5824
G1 X7.0290 Y-24.5982
G1 X7.1114 Y-24.6891
G1 X7.1258 Y-24.7042
G1 X7.1409 Y-24.7186
G1 X7.2318 Y-24.8010
G1 X7.2476 Y-24.8146
G1 X7.2640 Y-24.8274
G1 X7.3626 Y-24.9005
G1 X7.3796 Y-24.9125
G1 X7.3972 Y-24.9237
G1 X7.5025 Y-24.9867
G1 X7.5206 Y-24.9970
G1 X7.5392 Y-25.0064
G1 X7.6501 Y-25.0588
G1 X7.6692 Y-25.0673
G1 X7.6887 Y-25.0748
G1 X7.8042 Y-25.1161
G1 X7.8240 Y-25.1227
G1 X7.8441 Y-25.1282
G1 X7.9631 Y-25.1580
G1 X7.9834 Y-25.1626
G1 X8.0040 Y-25.1662
G1 X8.1253 Y-25.1842
G1 X8.1460 Y-25.1867
G1 X8.1668 Y-25.1883
G1 X8.2893 Y-25.1943
G1 X8.3102 Y-25.1948
G1 X9.6206 Y-25.1947
G1 X9.7536 Y-25.1883
G1 X9.7744 Y-25.1867
G1 X9.7951 Y-25.1842
G1 X9.9164 Y-25.1662
G1 X9.9370 Y-25.1626
G1 X9.9573 Y-25.1580
G1 X10.0763 Y-25.1282
G1 X10.0964 Y-25.1227
G1 X10.1162 Y-25.1161
G1 X10.2317 Y-25.0748
G1 X10.2512 Y-25.0673
G1 X10.2703 Y-25.0588
G1 X10.3905 Y-25.0018
G1 X10.3998 Y-24.9970
G1 X10.4179 Y-24.9867
G1 X10.5232 Y-24.9237
G1 X10.5408 Y-24.9125
G1 X10.5578 Y-24.9005
G1 X10.6564 Y-24.8274
G1 X10.6728 Y-24.8146
G1 X10.6886 Y-24.8010
G1 X10.7795 Y-24.7186
G1 X10.7946 Y-24.7042
G1 X10.8090 Y-24.6891
G1 X10.8914 Y-24.5982
G1 X10.9050 Y-24.5824
G1 X10.9178 Y-24.5660
G1 X10.9909 Y-24.4674
G1 X11.0029 Y-24.4504
G1 X11.0141 Y-24.4328
G1 X11.0771 Y-24.3275
G1 X11.0874 Y-24.3094
G1 X11.0922 Y-24.3001
G1 X11.1492 Y-24.1799
G1 X11.1577 Y-24.1608
G1 X11.1652 Y-24.1413
G1 X11.2065 Y-24.0258
G1 X11.2131 Y-24.0060
G1 X11.2186 Y-23.9859
G1 X11.2484 Y-23.8669
G1 X11.2509 Y-23.8568
G1 X11.2549 Y-23.8363
G1 X11.2746 Y-23.7047
G1 X11.2771 Y-23.6840
G1 X11.2787 Y-23.6632
G1 X11.2847 Y-23.5407
G1 X11.2852 Y-23.5198
G1 X11.2847 Y-23.4989
G1 X11.2787 Y-23.3764
G1 X11.2771 Y-23.3556
G1 X11.2746 Y-23.3349
G1 X11.2566 Y-23.2136
G1 X11.2530 Y-23.1930
G1 X11.2484 Y-23.1727
G1 X11.2186 Y-23.0537
G1 X11.2160 Y-23.0436
G1 X11.2099 Y-23.0236
G1 X11.1652 Y-22.8983
G1 X11.1577 Y-22.8788
G1 X11.1492 Y-22.8597
G1 X11.0922 Y-22.7395
G1 X11.0874 Y-22.7302
G1 X11.0771 Y-22.7121
G1 X11.0141 Y-22.6068
G1 X11.0029 Y-22.5892
G1 X10.9909 Y-22.5722
G1 X10.9178 Y-22.4736
G1 X10.9050 Y-22.4572
G1 X10.8914 Y-22.4414
G1 X10.8090 Y-22.3505
G1 X10.7946 Y-22.3354
G1 X10.7795 Y-22.3210
G1 X10.6886 Y-22.2386
G1 X10.6728 Y-22.2250
G1 X10.6564 Y-22.2122
G1 X10.5578 Y-22.1391
G1 X10.5408 Y-22.1271
G1 X10.5232 Y-22.1159
G1 X10.4179 Y-22.0529
G1 X10.3998 Y-22.0426
G1 X10.3812 Y-22.0332
G1 X10.2703 Y-21.9808
G1 X10.2512 Y-21.9723
G1 X10.2317 Y-21.9648
G1 X10.1162 Y-21.9235
G1 X10.0964 Y-21.9169
G1 X10.0763 Y-21.9114
G1 X9.9573 Y-21.8816
G1 X9.9370 Y-21.8770
G1 X9.9164 Y-21.8734
G1 X9.7951 Y-21.8554
G1 X9.7847 Y-21.8540
G1 X9.7640 Y-21.8520
G1 X9.6311 Y-21.8453
G1 X9.6102 Y-21.8448
G1 X8.2998 Y-21.8449
G1 X8.1668 Y-21.8513
G1 X8.1460 Y-21.8529
G1 X8.1253 Y-21.8554
G1 X8.0040 Y-21.8734
G1 X7.9834 Y-21.8770
G1 X7.9631 Y-21.8816
G1 X7.8340 Y-21.9140
G1 X7.8240 Y-21.9169
G1 X7.8042 Y-21.9235
G1 X7.6887 Y-21.9648
G1 X7.6692 Y-21.9723
G1 X7.6501 Y-21.9808
G1 X7.5392 Y-22.0332
G1 X7.5206 Y-22.0426
G1 X7.5025 Y-22.0529
G1 X7.3972 Y-22.1159
G1 X7.3796 Y-22.1271
G1 X7.3626 Y-22.1391
G1 X7.2557 Y-22.2185
G1 X7.2476 Y-22.2250
G1 X7.2318 Y-22.2386
G1 X7.1409 Y-22.3210
G1 X7.1258 Y-22.3354
G1 X7.1114 Y-22.3505
G1 X7.0221 Y-22.4492
G1 X7.0089 Y-22.4653
G1 X7.0026 Y-22.4736
G1 X6.9234 Y-22.5806
G1 X6.9118 Y-22.5980
G1 X6.9063 Y-22.6068
G1 X6.8537 Y-22.6946
G1 X5.9867 Y-22.6946
G1 X5.9341 Y-22.6068
G1 X5.9229 Y-22.5892
G1 X5.9109 Y-22.5722
G1 X5.8378 Y-22.4736
G1 X5.8315 Y-22.4653
G1 X5.8183 Y-22.4492
G1 X5.7290 Y-22.3505
G1 X5.7146 Y-22.3354
G1 X5.6995 Y-22.3210
G1 X5.6008 Y-22.2317
G1 X5.5847 Y-22.2185
G1 X5.5764 Y-22.2122
G1 X5.4778 Y-22.1391
G1 X5.4608 Y-22.1271
G1 X5.4432 Y-22.1159
G1 X5.3379 Y-22.0529
G1 X5.3198 Y-22.0426
G1 X5.3012 Y-22.0332
G1 X5.1903 Y-21.9808
G1 X5.1712 Y-21.9723
G1 X5.1517 Y-21.9648
G1 X5.0362 Y-21.9235
G1 X5.0164 Y-21.9169
G1 X4.9963 Y-21.9114
G1 X4.8672 Y-21.8791
G1 X4.8467 Y-21.8751
G1 X4.8364 Y-21.8734
G1 X4.7151 Y-21.8554
G1 X4.6944 Y-21.8529
G1 X4.6736 Y-21.8513
G1 X4.5406 Y-21.8449
G1 X3.2302 Y-21.8448
G1 X3.2093 Y-21.8453
G1 X3.0868 Y-21.8513
G1 X3.0660 Y-21.8529
G1 X3.0453 Y-21.8554
G1 X2.9240 Y-21.8734
G1 X2.9034 Y-21.8770
G1 X2.8831 Y-21.8816
G1 X2.7641 Y-21.9114
G1 X2.7440 Y-21.9169
G1 X2.7242 Y-21.9235
G1 X2.6087 Y-21.9648
G1 X2.5892 Y-21.9723
G1 X2.5701 Y-21.9808
G1 X2.4592 Y-22.0332
G1 X2.4406 Y-22.0426
G1 X2.4225 Y-22.0529
G1 X2.3172 Y-22.1159
G1 X2.2996 Y-22.1271
G1 X2.2826 Y-22.1391
G1 X2.1840 Y-22.2122
G1 X2.1676 Y-22.2250
G1 X2.1518 Y-22.2386
G1 X2.0609 Y-22.3210
G1 X2.0458 Y-22.3354
G1 X2.0314 Y-22.3505
G1 X1.9490 Y-22.4414
G1 X1.9354 Y-22.4572
G1 X1.9226 Y-22.4736
G1 X1.8495 Y-22.5722
G1 X1.8375 Y-22.5892
G1 X1.8263 Y-22.6068
G1 X1.7737 Y-22.6946
G1 X-3.3380 Y-22.6946
G1 X-5.5963 Y-20.4363
G1 X-5.6114 Y-20.4219
G1 X-5.6405 Y-20.3955
G1 X-5.6563 Y-20.3819
G1 X-5.6727 Y-20.3691
G1 X-5.7127 Y-20.3396
G1 X-5.7301 Y-20.3280
G1 X-5.7727 Y-20.3023
G1 X-5.7908 Y-20.2920
G1 X-5.8094 Y-20.2827
G1 X-5.8449 Y-20.2659
G1 X-5.8640 Y-20.2574
G1 X-5.8835 Y-20.2499
G1 X-5.9204 Y-20.2367
G1 X-5.9303 Y-20.2333
G1 X-5.9503 Y-20.2272
G1 X-5.9985 Y-20.2150
G1 X-6.0188 Y-20.2105
G1 X-6.0291 Y-20.2085
G1 X-6.0885 Y-20.1997
G1 X-6.1093 Y-20.1977
G1 X-6.1694 Y-20.1947
G1 X-8.6857 Y-20.1946
G1 X-8.7163 Y-20.1611
G1 X-8.7311 Y-20.1463
G1 X-8.8047 Y-20.0796
G1 X-8.8208 Y-20.0663
G1 X-8.8291 Y-20.0600
G1 X-8.8922 Y-20.0133
G1 X-8.9092 Y-20.0012
G1 X-8.9269 Y-19.9901
G1 X-8.9942 Y-19.9497
G1 X-9.0123 Y-19.9394
G1 X-9.0310 Y-19.9301
G1 X-9.1114 Y-19.8922
G1 X-9.1210 Y-19.8880
G1 X-9.1405 Y-19.8805
G1 X-9.2144 Y-19.8541
G1 X-9.2342 Y-19.8475
G1 X-9.2646 Y-19.8394
G1 X-9.2646 Y-17.1698
G1 X-9.2651 Y-17.1489
G1 X-9.2677 Y-17.0993
G1 X-9.2697 Y-17.0785
G1 X-9.2711 Y-17.0682
G1 X-9.2769 Y-17.0294
G1 X-9.2805 Y-17.0088
G1 X-9.2850 Y-16.9885
G1 X-9.2972 Y-16.9403
G1 X-9.3033 Y-16.9203
G1 X-9.3235 Y-16.8637
G1 X-9.3315 Y-16.8444
G1 X-9.3572 Y-16.7901
G1 X-9.3671 Y-16.7717
G1 X-9.3980 Y-16.7201
G1 X-9.4096 Y-16.7027
G1 X-9.4391 Y-16.6627
G1 X-9.4519 Y-16.6463
G1 X-9.4586 Y-16.6383
G1 X-9.4990 Y-16.5938
G1 X-9.7269 Y-16.3657
G1 X-9.7205 Y-16.3491
G1 X-9.6941 Y-16.2752
G1 X-9.6875 Y-16.2554
G1 X-9.6820 Y-16.2353
G1 X-9.6629 Y-16.1591
G1 X-9.6583 Y-16.1388
G1 X-9.6548 Y-16.1182
G1 X-9.6433 Y-16.0406
G1 X-9.6407 Y-16.0199
G1 X-9.6392 Y-15.9991
G1 X-9.6353 Y-15.9207
G1 X-9.6349 Y-15.9102
G1 X-9.6349 Y-15.8894
G1 X-9.6392 Y-15.8005
G1 X-9.6407 Y-15.7797
G1 X-9.6433 Y-15.7590
G1 X-9.6548 Y-15.6814
G1 X-9.6583 Y-15.6608
G1 X-9.6629 Y-15.6405
G1 X-9.6820 Y-15.5643
G1 X-9.6875 Y-15.5442
G1 X-9.6941 Y-15.5244
G1 X-9.7205 Y-15.4505
G1 X-9.7280 Y-15.4310
G1 X-9.7365 Y-15.4119
G1 X-9.7701 Y-15.3410
G1 X-9.7794 Y-15.3223
G1 X-9.7897 Y-15.3042
G1 X-9.8301 Y-15.2369
G1 X-9.8412 Y-15.2192
G1 X-9.8533 Y-15.2022
G1 X-9.9000 Y-15.1391
G1 X-9.9063 Y-15.1308
G1 X-9.9196 Y-15.1147
G1 X-9.9792 Y-15.0487
G1 X-9.9863 Y-15.0411
G1 X-10.0011 Y-15.0263
G1 X-10.0747 Y-14.9596
G1 X-10.0908 Y-14.9463
G1 X-10.0991 Y-14.9400
G1 X-10.1706 Y-14.8872
G1 X-10.1792 Y-14.8812
G1 X-10.1969 Y-14.8701
G1 X-10.2642 Y-14.8297
G1 X-10.2823 Y-14.8194
G1 X-10.3010 Y-14.8101
G1 X-10.3719 Y-14.7765
G1 X-10.3910 Y-14.7680
G1 X-10.4105 Y-14.7605
G1 X-10.4844 Y-14.7341
G1 X-10.5042 Y-14.7275
G1 X-10.5243 Y-14.7220
G1 X-10.6005 Y-14.7029
G1 X-10.6106 Y-14.7005
G1 X-10.6311 Y-14.6964
G1 X-10.7190 Y-14.6833
G1 X-10.7397 Y-14.6807
G1 X-10.7605 Y-14.6792
G1 X-10.8494 Y-14.6749
G1 X-11.8598 Y-14.6748
G1 X-11.8807 Y-14.6753
G1 X-11.9591 Y-14.6792
G1 X-11.9799 Y-14.6807
G1 X-12.0006 Y-14.6833
G1 X-12.0782 Y-14.6948
G1 X-12.0988 Y-14.6983
G1 X-12.1191 Y-14.7029
G1 X-12.1953 Y-14.7220
G1 X-12.2154 Y-14.7275
G1 X-12.2352 Y-14.7341
G1 X-12.3189 Y-14.7642
G1 X-12.3286 Y-14.7680
G1 X-12.3477 Y-14.7765
G1 X-12.4186 Y-14.8101
G1 X-12.4373 Y-14.8194
G1 X-12.4554 Y-14.8297
G1 X-12.5227 Y-14.8701
G1 X-12.5404 Y-14.8812
G1 X-12.5574 Y-14.8933
G1 X-12.6205 Y-14.9400
G1 X-12.6369 Y-14.9529
G1 X-12.6527 Y-14.9665
G1 X-12.7109 Y-15.0192
G1 X-12.7260 Y-15.0336
G1 X-12.7333 Y-15.0411
G1 X-12.8000 Y-15.1147
G1 X-12.8067 Y-15.1227
G1 X-12.8196 Y-15.1391
G1 X-12.8663 Y-15.2022
G1 X-12.8784 Y-15.2192
G1 X-12.8895 Y-15.2369
G1 X-12.9299 Y-15.3042
G1 X-12.9351 Y-15.3132
G1 X-12.9450 Y-15.3316
G1 X-12.9874 Y-15.4214
G1 X-12.9954 Y-15.4407
G1 X-12.9991 Y-15.4505
G1 X-13.0255 Y-15.5244
G1 X-13.0321 Y-15.5442
G1 X-13.0376 Y-15.5643
G1 X-13.0567 Y-15.6405
G1 X-13.0613 Y-15.6608
G1 X-13.0648 Y-15.6814
G1 X-13.0763 Y-15.7590
G1 X-13.0789 Y-15.7797
G1 X-13.0804 Y-15.8005
G1 X-13.0843 Y-15.8789
G1 X-13.0848 Y-15.8998
G1 X-13.0843 Y-15.9207
G1 X-13.0804 Y-15.9991
G1 X-13.0789 Y-16.0199
G1 X-13.0763 Y-16.0406
G1 X-13.0648 Y-16.1182
G1 X-13.0613 Y-16.1388
G1 X-13.0567 Y-16.1591
G1 X-13.0376 Y-16.2353
G1 X-13.0321 Y-16.2554
G1 X-13.0289 Y-16.2653
G1 X-12.9991 Y-16.3491
G1 X-12.9916 Y-16.3686
G1 X-12.9831 Y-16.3877
G1 X-12.9495 Y-16.4586
G1 X-12.9402 Y-16.4773
G1 X-12.9299 Y-16.4954
G1 X-12.8895 Y-16.5627
G1 X-12.8784 Y-16.5804
G1 X-12.8663 Y-16.5974
G1 X-12.8196 Y-16.6605
G1 X-12.8067 Y-16.6769
G1 X-12.7931 Y-16.6927
G1 X-12.7404 Y-16.7509
G1 X-12.7260 Y-16.7660
G1 X-12.7109 Y-16.7804
G1 X-12.6449 Y-16.8400
G1 X-12.6288 Y-16.8533
G1 X-12.6205 Y-16.8596
G1 X-12.5574 Y-16.9063
G1 X-12.5404 Y-16.9184
G1 X-12.5227 Y-16.9295
G1 X-12.4554 Y-16.9699
G1 X-12.4373 Y-16.9802
G1 X-12.4186 Y-16.9895
G1 X-12.3477 Y-17.0231
G1 X-12.3286 Y-17.0316
G1 X-12.3091 Y-17.0391
G1 X-12.2352 Y-17.0655
G1 X-12.2253 Y-17.0689
G1 X-12.2054 Y-17.0750
G1 X-12.1090 Y-17.0991
G1 X-12.0885 Y-17.1032
G1 X-12.0782 Y-17.1048
G1 X-12.0006 Y-17.1163
G1 X-11.9799 Y-17.1189
G1 X-11.9591 Y-17.1204
G1 X-11.8702 Y-17.1247
G1 X-11.3018 Y-17.1248
G1 X-10.9150 Y-17.5116
G1 X-10.9150 Y-19.8394
G1 X-10.9150 Y-19.6343
G1 X-11.8567 Y-19.6343
G1 Z2.0000
G1 X-11.5678 Y-19.1243
G1 F60.00
G1 Z0.3
G1 F120.00
G1 X-10.9150 Y-19.1243
G1 X-10.9150 Y-18.6143
G1 X-11.5653 Y-18.6143
G1 Z2.0000
G1 X-11.6467 Y-18.1043
G1 F60.00
G1 Z0.3
G1 F120.00
G1 X-10.9150 Y-18.1043
G1 X-10.9150 Y-17.5943
G1 X-12.6698 Y-17.5943
G1 X-12.1686 Y-17.0843
G1 X-13.3149 Y-17.0843
G1 X-13.6104 Y-16.5743
G1 X-12.8823 Y-16.5743
G1 Z2.0000
G1 X-13.0728 Y-16.0643
G1 F60.00
G1 Z0.3
G1 F120.00
G1 X-13.7298 Y-16.0643
G1 X-13.7060 Y-15.5543
G1 X-13.0350 Y-15.5543
G1 Z2.0000
G1 X-12.7363 Y-15.0443
G1 F60.00
G1 Z0.3
G1 F120.00
G1 X-13.5315 Y-15.0443
G1 Z2.0000
G1 X-13.1467 Y-14.5343
G1 F60.00
G1 Z0.3
G1 F120.00
G1 X-9.5729 Y-14.5343
G1 X-9.1881 Y-15.0443
G1 X-9.9833 Y-15.0443
G1 Z2.0000
G1 X-11.4464 Y-20.1443
G1 F60.00
G1 Z0.3
G1 F120.00
G1 X-12.2500 Y-20.1443
G1 Z2.0000
G1 X-11.7589 Y-20.6543
G1 F60.00
G1 Z0.3
G1 F120.00
G1 X-12.4334 Y-20.6543
G1 X-12.4625 Y-21.1643
G1 X-11.8058 Y-21.1643
G1 Z2.0000
G1 X-11.6246 Y-21.6743
G1 F60.00
G1 Z0.3
G1 F120.00
G1 X-12.5149 Y-21.6743
G1 Z2.0000
G1 X-18.9259 Y-25.1946
G1 F60.00
G1 Z0.3
G1 F120.00
G1 X-18.9647 Y-25.1596
G1 X-18.9808 Y-25.1463
G1 X-19.0522 Y-25.0933
G1 X-19.0606 Y-25.0872
G1 X-19.0780 Y-25.0756
G1 X-19.1542 Y-25.0297
G1 X-19.1723 Y-25.0194
G1 X-19.1910 Y-25.0101
G1 X-19.2714 Y-24.9722
G1 X-19.2907 Y-24.9642
G1 X-19.3005 Y-24.9605
G1 X-19.3744 Y-24.9341
G1 X-19.3942 Y-24.9275
G1 X-19.4143 Y-24.9220
G1 X-19.4905 Y-24.9029
G1 X-19.5108 Y-24.8983
G1 X-19.5314 Y-24.8948
G1 X-19.6090 Y-24.8833
G1 X-19.6194 Y-24.8818
G1 X-19.6401 Y-24.8798
G1 X-19.7289 Y-24.8753
G1 X-19.7498 Y-24.8748
G1 X-20.7498 Y-24.8748
G1 X-20.7707 Y-24.8753
G1 X-20.8595 Y-24.8798
G1 X-20.8802 Y-24.8818
G1 X-20.8906 Y-24.8833
G1 X-20.9682 Y-24.8948
G1 X-20.9888 Y-24.8983
G1 X-21.0091 Y-24.9029
G1 X-21.0853 Y-24.9220
G1 X-21.1054 Y-24.9275
G1 X-21.1252 Y-24.9341
G1 X-21.1991 Y-24.9605
G1 X-21.2186 Y-24.9680
G1 X-21.2377 Y-24.9765
G1 X-21.3180 Y-25.0146
G1 X-21.3273 Y-25.0194
G1 X-21.3454 Y-25.0297
G1 X-21.4127 Y-25.0701
G1 X-21.4304 Y-25.0812
G1 X-21.4474 Y-25.0933
G1 X-21.5105 Y-25.1400
G1 X-21.5269 Y-25.1529
G1 X-21.5427 Y-25.1665
G1 X-21.6009 Y-25.2192
G1 X-21.6160 Y-25.2336
G1 X-21.6304 Y-25.2487
G1 X-21.6831 Y-25.3069
G1 X-21.6967 Y-25.3227
G1 X-21.7096 Y-25.3391
G1 X-21.7563 Y-25.4022
G1 X-21.7684 Y-25.4192
G1 X-21.7795 Y-25.4369
G1 X-21.8199 Y-25.5042
G1 X-21.8302 Y-25.5223
G1 X-21.8395 Y-25.5410
G1 X-21.8731 Y-25.6119
G1 X-21.8816 Y-25.6310
G1 X-21.8891 Y-25.6505
G1 X-21.9155 Y-25.7244
G1 X-21.9221 Y-25.7442
G1 X-21.9276 Y-25.7643
G1 X-21.9467 Y-25.8405
G1 X-21.9513 Y-25.8608
G1 X-21.9548 Y-25.8814
G1 X-21.9663 Y-25.9590
G1 X-21.9689 Y-25.9797
G1 X-21.9704 Y-26.0005
G1 X-21.9743 Y-26.0789
G1 X-21.9748 Y-26.0998
G1 X-21.9743 Y-26.1207
G1 X-21.9704 Y-26.1991
G1 X-21.9689 Y-26.2199
G1 X-21.9663 Y-26.2406
G1 X-21.9548 Y-26.3182
G1 X-21.9513 Y-26.3388
G1 X-21.9467 Y-26.3591
G1 X-21.9276 Y-26.4353
G1 X-21.9221 Y-26.4554
G1 X-21.9155 Y-26.4752
G1 X-21.8891 Y-26.5491
G1 X-21.8816 Y-26.5686
G1 X-21.8731 Y-26.5877
G1 X-21.8350 Y-26.6680
G1 X-21.8251 Y-26.6864
G1 X-21.8199 Y-26.6954
G1 X-21.7795 Y-26.7627
G1 X-21.7684 Y-26.7804
G1 X-21.7563 Y-26.7974
G1 X-21.7096 Y-26.8605
G1 X-21.6967 Y-26.8769
G1 X-21.6831 Y-26.8927
G1 X-21.6304 Y-26.9509
G1 X-21.6160 Y-26.9660
G1 X-21.6009 Y-26.9804
G1 X-21.5427 Y-27.0331
G1 X-21.5269 Y-27.0467
G1 X-21.5105 Y-27.0596
G1 X-21.4474 Y-27.1063
G1 X-21.4390 Y-27.1124
G1 X-21.4216 Y-27.1240
G1 X-21.3454 Y-27.1699
G1 X-21.3273 Y-27.1802
G1 X-21.3086 Y-27.1895
G1 X-21.2377 Y-27.2231
G1 X-21.2186 Y-27.2316
G1 X-21.1991 Y-27.2391
G1 X-21.1252 Y-27.2655
G1 X-21.1054 Y-27.2721
G1 X-21.0853 Y-27.2776
G1 X-21.0091 Y-27.2967
G1 X-20.9888 Y-27.3013
G1 X-20.9682 Y-27.3048
G1 X-20.8906 Y-27.3163
G1 X-20.8699 Y-27.3189
G1 X-20.8491 Y-27.3204
G1 X-20.7707 Y-27.3243
G1 X-20.7498 Y-27.3248
G1 X-19.7394 Y-27.3247
G1 X-19.6505 Y-27.3204
G1 X-19.6401 Y-27.3198
G1 X-19.6194 Y-27.3178
G1 X-19.5211 Y-27.3032
G1 X-19.5108 Y-27.3013
G1 X-19.4905 Y-27.2967
G1 X-19.4143 Y-27.2776
G1 X-19.3942 Y-27.2721
G1 X-19.3744 Y-27.2655
G1 X-19.3005 Y-27.2391
G1 X-19.2810 Y-27.2316
G1 X-19.2619 Y-27.2231
G1 X-19.1910 Y-27.1895
G1 X-19.1723 Y-27.1802
G1 X-19.1542 Y-27.1699
G1 X-19.0780 Y-27.1240
G1 X-19.0692 Y-27.1184
G1 X-19.0522 Y-27.1063
G1 X-18.9891 Y-27.0596
G1 X-18.9727 Y-27.0467
G1 X-18.9569 Y-27.0331
G1 X-18.8911 Y-26.9733
G1 X-18.8763 Y-26.9585
G1 X-18.8692 Y-26.9509
G1 X-18.8096 Y-26.8849
G1 X-18.7963 Y-26.8688
G1 X-18.7785 Y-26.8450
G1 X-11.4939 Y-26.8450
G1 X-11.4633 Y-26.8785
G1 X-11.4485 Y-26.8933
G1 X-11.3827 Y-26.9531
G1 X-11.3749 Y-26.9600
G1 X-11.3588 Y-26.9733
G1 X-11.2874 Y-27.0263
G1 X-11.2704 Y-27.0384
G1 X-11.2527 Y-27.0495
G1 X-11.1854 Y-27.0899
G1 X-11.1673 Y-27.1002
G1 X-11.1580 Y-27.1050
G1 X-11.0777 Y-27.1431
G1 X-11.0586 Y-27.1516
G1 X-11.0391 Y-27.1591
G1 X-10.9652 Y-27.1855
G1 X-10.9454 Y-27.1921
G1 X-10.9253 Y-27.1976
G1 X-10.8491 Y-27.2167
G1 X-10.8288 Y-27.2213
G1 X-10.8082 Y-27.2248
G1 X-10.7306 Y-27.2363
G1 X-10.7099 Y-27.2389
G1 X-10.6891 Y-27.2404
G1 X-10.6107 Y-27.2443
G1 X-10.5898 Y-27.2448
G1 X-9.5898 Y-27.2448
G1 X-9.5689 Y-27.2443
G1 X-9.4905 Y-27.2404
G1 X-9.4697 Y-27.2389
G1 X-9.4490 Y-27.2363
G1 X-9.3611 Y-27.2232
G1 X-9.3508 Y-27.2213
G1 X-9.3305 Y-27.2167
G1 X-9.2442 Y-27.1950
G1 X-9.2243 Y-27.1889
G1 X-9.1899 Y-27.1767
G1 X-4.6758 Y-31.6906
G1 X-4.6313 Y-31.7310
G1 X-4.6233 Y-31.7377
G1 X-4.6069 Y-31.7505
G1 X-4.5753 Y-31.7739
G1 X-4.5583 Y-31.7859
G1 X-4.5406 Y-31.7971
G1 X-4.4979 Y-31.8225
G1 X-4.4795 Y-31.8324
G1 X-4.4702 Y-31.8369
G1 X-4.4347 Y-31.8537
G1 X-4.4156 Y-31.8622
G1 X-4.3961 Y-31.8697
G1 X-4.3592 Y-31.8829
G1 X-4.3493 Y-31.8863
G1 X-4.3293 Y-31.8924
G1 X-4.2811 Y-31.9046
G1 X-4.2608 Y-31.9091
G1 X-4.2402 Y-31.9127
G1 X-4.2014 Y-31.9185
G1 X-4.1911 Y-31.9199
G1 X-4.1703 Y-31.9219
G1 X-4.1207 Y-31.9245
G1 X-4.0998 Y-31.9250
G1 X11.0584 Y-31.9250
G1 X11.9541 Y-32.8207
G1 X11.9180 Y-32.8811
G1 X11.9082 Y-32.8995
G1 X11.8468 Y-33.0292
G1 X11.8388 Y-33.0485
G1 X11.8352 Y-33.0583
G1 X11.7939 Y-33.1738
G1 X11.7905 Y-33.1836
G1 X11.7844 Y-33.2036
G1 X11.7520 Y-33.3327
G1 X11.7474 Y-33.3530
G1 X11.7438 Y-33.3736
G1 X11.7258 Y-33.4949
G1 X11.7233 Y-33.5156
G1 X11.7217 Y-33.5364
G1 X11.7153 Y-33.6694
G1 X11.7153 Y-33.6902
G1 X11.7157 Y-33.7007
G1 X11.7217 Y-33.8232
G1 X11.7233 Y-33.8440
G1 X11.7258 Y-33.8647
G1 X11.7438 Y-33.9860
G1 X11.7474 Y-34.0066
G1 X11.7520 Y-34.0269
G1 X11.7818 Y-34.1459
G1 X11.7873 Y-34.1660
G1 X11.7939 Y-34.1858
G1 X11.8352 Y-34.3013
G1 X11.8427 Y-34.3208
G1 X11.8512 Y-34.3399
G1 X11.9082 Y-34.4601
G1 X11.9130 Y-34.4694
G1 X11.9233 Y-34.4875
G1 X11.9863 Y-34.5928
G1 X11.9975 Y-34.6104
G1 X12.0095 Y-34.6274
G1 X12.0826 Y-34.7260
G1 X12.0954 Y-34.7424
G1 X12.1090 Y-34.7582
G1 X12.1985 Y-34.8567
G1 X12.2058 Y-34.8642
G1 X12.2209 Y-34.8786
G1 X12.3118 Y-34.9610
G1 X12.3276 Y-34.9746
G1 X12.3440 Y-34.9874
G1 X12.4426 Y-35.0605
G1 X12.4596 Y-35.0725
G1 X12.4772 Y-35.0837
G1 X12.5825 Y-35.1467
G1 X12.6006 Y-35.1570
G1 X12.6192 Y-35.1664
G1 X12.7301 Y-35.2188
G1 X12.7492 Y-35.2273
G1 X12.7687 Y-35.2348
G1 X12.8842 Y-35.2761
G1 X12.9040 Y-35.2827
G1 X12.9241 Y-35.2882
G1 X13.0431 Y-35.3180
G1 X13.0634 Y-35.3226
G1 X13.0840 Y-35.3262
G1 X13.2053 Y-35.3442
G1 X13.2260 Y-35.3467
G1 X13.2468 Y-35.3483
G1 X13.3798 Y-35.3547
G1 X14.6902 Y-35.3548
G1 X14.7111 Y-35.3543
G1 X14.8336 Y-35.3483
G1 X14.8544 Y-35.3467
G1 X14.8751 Y-35.3442
G1 X14.9964 Y-35.3262
G1 X15.0170 Y-35.3226
G1 X15.0373 Y-35.3180
G1 X15.1563 Y-35.2882
G1 X15.1764 Y-35.2827
G1 X15.1962 Y-35.2761
G1 X15.3117 Y-35.2348
G1 X15.3312 Y-35.2273
G1 X15.3503 Y-35.2188
G1 X15.4612 Y-35.1664
G1 X15.4798 Y-35.1570
G1 X15.4979 Y-35.1467
G1 X15.6032 Y-35.0837
G1 X15.6208 Y-35.0725
G1 X15.6378 Y-35.0605
G1 X15.7364 Y-34.9874
G1 X15.7528 Y-34.9746
G1 X15.7686 Y-34.9610
G1 X15.8595 Y-34.8786
G1 X15.8746 Y-34.8642
G1 X15.8890 Y-34.8491
G1 X15.9714 Y-34.7582
G1 X15.9850 Y-34.7424
G1 X15.9978 Y-34.7260
G1 X16.0709 Y-34.6274
G1 X16.0829 Y-34.6104
G1 X16.0941 Y-34.5928
G1 X16.1571 Y-34.4875
G1 X16.1674 Y-34.4694
G1 X16.1768 Y-34.4508
G1 X16.2292 Y-34.3399
G1 X16.2377 Y-34.3208
G1 X16.2452 Y-34.3013
G1 X16.2865 Y-34.1858
G1 X16.2931 Y-34.1660
G1 X16.2986 Y-34.1459
G1 X16.3284 Y-34.0269
G1 X16.3330 Y-34.0066
G1 X16.3366 Y-33.9860
G1 X16.3546 Y-33.8647
G1 X16.3571 Y-33.8440
G1 X16.3587 Y-33.8232
G1 X16.3647 Y-33.7007
G1 X16.3652 Y-33.6798
G1 X16.3647 Y-33.6589
G1 X16.3587 Y-33.5364
G1 X16.3571 Y-33.5156
G1 X16.3546 Y-33.4949
G1 X16.3366 Y-33.3736
G1 X16.3330 Y-33.3530
G1 X16.3284 Y-33.3327
G1 X16.2986 Y-33.2137
G1 X16.2931 Y-33.1936
G1 X16.2865 Y-33.1738
G1 X16.2452 Y-33.0583
G1 X16.2377 Y-33.0388
G1 X16.2292 Y-33.0197
G1 X16.1768 Y-32.9088
G1 X16.1674 Y-32.8902
G1 X16.1571 Y-32.8721
G1 X16.0941 Y-32.7668
G1 X16.0829 Y-32.7492
G1 X16.0709 Y-32.7322
G1 X15.9978 Y-32.6336
G1 X15.9850 Y-32.6172
G1 X15.9714 Y-32.6014
G1 X15.8890 Y-32.5105
G1 X15.8746 Y-32.4954
G1 X15.8595 Y-32.4810
G1 X15.7686 Y-32.3986
G1 X15.7528 Y-32.3850
G1 X15.7364 Y-32.3722
G1 X15.6378 Y-32.2991
G1 X15.6208 Y-32.2871
G1 X15.6032 Y-32.2759
G1 X15.4979 Y-32.2129
G1 X15.4798 Y-32.2026
G1 X15.4612 Y-32.1932
G1 X15.3503 Y-32.1408
G1 X15.3312 Y-32.1323
G1 X15.3117 Y-32.1248
G1 X15.1962 Y-32.0835
G1 X15.1764 Y-32.0769
G1 X15.1563 Y-32.0714
G1 X15.0373 Y-32.0416
G1 X15.0272 Y-32.0391
G1 X15.0067 Y-32.0351
G1 X14.8751 Y-32.0154
G1 X14.8544 Y-32.0129
G1 X14.8336 Y-32.0113
G1 X14.7006 Y-32.0049
G1 X13.4722 Y-32.0048
G1 X11.9837 Y-30.5163
G1 X11.9686 Y-30.5019
G1 X11.9395 Y-30.4755
G1 X11.9237 Y-30.4619
G1 X11.9156 Y-30.4554
G1 X11.8757 Y-30.4257
G1 X11.8587 Y-30.4137
G1 X11.8410 Y-30.4025
G1 X11.8073 Y-30.3823
G1 X11.7983 Y-30.3771
G1 X11.7799 Y-30.3672
G1 X11.7351 Y-30.3459
G1 X11.7160 Y-30.3374
G1 X11.6965 Y-30.3299
G1 X11.6596 Y-30.3167
G1 X11.6497 Y-30.3133
G1 X11.6297 Y-30.3072
G1 X11.5815 Y-30.2950
G1 X11.5612 Y-30.2905
G1 X11.5406 Y-30.2869
G1 X11.5018 Y-30.2811
G1 X11.4811 Y-30.2786
G1 X11.4603 Y-30.2770
G1 X11.4211 Y-30.2751
G1 X11.4002 Y-30.2746
G1 X-3.7580 Y-30.2746
G1 X-8.4441 Y-25.5885
G1 X-8.4542 Y-25.5607
G1 X-8.4622 Y-25.5414
G1 X-8.5046 Y-25.4516
G1 X-8.5145 Y-25.4332
G1 X-8.5197 Y-25.4242
G1 X-8.5656 Y-25.3480
G1 X-8.5772 Y-25.3306
G1 X-8.5833 Y-25.3222
G1 X-8.6300 Y-25.2591
G1 X-8.6429 Y-25.2427
G1 X-8.6565 Y-25.2269
G1 X-8.7092 Y-25.1687
G1 X-8.7236 Y-25.1536
G1 X-8.7387 Y-25.1392
G1 X-8.7969 Y-25.0865
G1 X-8.8127 Y-25.0729
G1 X-8.8291 Y-25.0600
G1 X-8.8922 Y-25.0133
G1 X-8.9092 Y-25.0012
G1 X-8.9269 Y-24.9901
G1 X-8.9942 Y-24.9497
G1 X-9.0123 Y-24.9394
G1 X-9.0310 Y-24.9301
G1 X-9.1019 Y-24.8965
G1 X-9.1210 Y-24.8880
G1 X-9.1405 Y-24.8805
G1 X-9.2144 Y-24.8541
G1 X-9.2342 Y-24.8475
G1 X-9.2543 Y-24.8420
G1 X-9.3305 Y-24.8229
G1 X-9.3508 Y-24.8183
G1 X-9.3714 Y-24.8148
G1 X-9.4490 Y-24.8033
G1 X-9.4594 Y-24.8018
G1 X-9.4801 Y-24.7998
G1 X-9.5794 Y-24.7949
G1 X-10.6002 Y-24.7949
G1 X-10.6891 Y-24.7992
G1 X-10.7099 Y-24.8007
G1 X-10.7306 Y-24.8033
G1 X-10.8082 Y-24.8148
G1 X-10.8288 Y-24.8183
G1 X-10.8491 Y-24.8229
G1 X-10.9354 Y-24.8446
G1 X-10.9553 Y-24.8507
G1 X-10.9652 Y-24.8541
G1 X-11.0391 Y-24.8805
G1 X-11.0586 Y-24.8880
G1 X-11.0777 Y-24.8965
G1 X-11.1486 Y-24.9301
G1 X-11.1580 Y-24.9346
G1 X-11.1764 Y-24.9445
G1 X-11.2527 Y-24.9901
G1 X-11.2704 Y-25.0012
G1 X-11.2874 Y-25.0133
G1 X-11.3588 Y-25.0663
G1 X-11.3669 Y-25.0729
G1 X-11.3827 Y-25.0865
G1 X-11.4485 Y-25.1463
G1 X-11.4633 Y-25.1611
G1 X-11.4939 Y-25.1946
G1 X-18.9259 Y-25.1946
G1 Z2.0000
G1 X-21.0750 Y-29.7802
G1 F60.00
G1 Z0.3
G1 F120.00
G1 X-21.0750 Y-32.4098
G1 X-21.0745 Y-32.4307
G1 X-21.0726 Y-32.4699
G1 X-21.0710 Y-32.4907
G1 X-21.0699 Y-32.5011
G1 X-21.0611 Y-32.5605
G1 X-21.0570 Y-32.5810
G1 X-21.0424 Y-32.6393
G1 X-21.0363 Y-32.6593
G1 X-21.0329 Y-32.6692
G1 X-21.0197 Y-32.7061
G1 X-21.0122 Y-32.7256
G1 X-21.0037 Y-32.7447
G1 X-20.9869 Y-32.7802
G1 X-20.9776 Y-32.7988
G1 X-20.9725 Y-32.8079
G1 X-20.9416 Y-32.8595
G1 X-20.9300 Y-32.8769
G1 X-20.8942 Y-32.9252
G1 X-20.8810 Y-32.9413
G1 X-20.8477 Y-32.9782
G1 X-20.8333 Y-32.9933
G1 X-20.6127 Y-33.2139
G1 X-20.6191 Y-33.2305
G1 X-20.6455 Y-33.3044
G1 X-20.6521 Y-33.3242
G1 X-20.6576 Y-33.3443
G1 X-20.6767 Y-33.4205
G1 X-20.6813 Y-33.4408
G1 X-20.6848 Y-33.4614
G1 X-20.6963 Y-33.5390
G1 X-20.6989 Y-33.5597
G1 X-20.7004 Y-33.5805
G1 X-20.7043 Y-33.6589
G1 X-20.7048 Y-33.6798
G1 X-20.7043 Y-33.7007
G1 X-20.7004 Y-33.7791
G1 X-20.6989 Y-33.7999
G1 X-20.6963 Y-33.8206
G1 X-20.6848 Y-33.8982
G1 X-20.6813 Y-33.9188
G1 X-20.6767 Y-33.9391
G1 X-20.6576 Y-34.0153
G1 X-20.6521 Y-34.0354
G1 X-20.6455 Y-34.0552
G1 X-20.6191 Y-34.1291
G1 X-20.6116 Y-34.1486
G1 X-20.6031 Y-34.1677
G1 X-20.5695 Y-34.2386
G1 X-20.5602 Y-34.2573
G1 X-20.5499 Y-34.2754
G1 X-20.5095 Y-34.3427
G1 X-20.4984 Y-34.3604
G1 X-20.4863 Y-34.3774
G1 X-20.4396 Y-34.4405
G1 X-20.4267 Y-34.4569
G1 X-20.4131 Y-34.4727
G1 X-20.3604 Y-34.5309
G1 X-20.3460 Y-34.5460
G1 X-20.3309 Y-34.5604
G1 X-20.2727 Y-34.6131
G1 X-20.2569 Y-34.6267
G1 X-20.2405 Y-34.6396
G1 X-20.1774 Y-34.6863
G1 X-20.1604 Y-34.6984
G1 X-20.1427 Y-34.7095
G1 X-20.0664 Y-34.7551
G1 X-20.0573 Y-34.7602
G1 X-20.0386 Y-34.7695
G1 X-19.9677 Y-34.8031
G1 X-19.9486 Y-34.8116
G1 X-19.9291 Y-34.8191
G1 X-19.8552 Y-34.8455
G1 X-19.8453 Y-34.8489
G1 X-19.8254 Y-34.8550
G1 X-19.7290 Y-34.8791
G1 X-19.7085 Y-34.8832
G1 X-19.6982 Y-34.8848
G1 X-19.6102 Y-34.8978
G1 X-19.5999 Y-34.8989
G1 X-19.5791 Y-34.9004
G1 X-19.5007 Y-34.9043
G1 X-19.4798 Y-34.9048
G1 X-18.4798 Y-34.9048
G1 X-18.4589 Y-34.9043
G1 X-18.3805 Y-34.9004
G1 X-18.3597 Y-34.8989
G1 X-18.3390 Y-34.8963
G1 X-18.2614 Y-34.8848
G1 X-18.2408 Y-34.8813
G1 X-18.2205 Y-34.8767
G1 X-18.1443 Y-34.8576
G1 X-18.1242 Y-34.8521
G1 X-18.1044 Y-34.8455
G1 X-18.0305 Y-34.8191
G1 X-18.0110 Y-34.8116
G1 X-17.9919 Y-34.8031
G1 X-17.9210 Y-34.7695
G1 X-17.9023 Y-34.7602
G1 X-17.8842 Y-34.7499
G1 X-17.8169 Y-34.7095
G1 X-17.7992 Y-34.6984
G1 X-17.7822 Y-34.6863
G1 X-17.7191 Y-34.6396
G1 X-17.7027 Y-34.6267
G1 X-17.6869 Y-34.6131
G1 X-17.6287 Y-34.5604
G1 X-17.6136 Y-34.5460
G1 X-17.5992 Y-34.5309
G1 X-17.5465 Y-34.4727
G1 X-17.5329 Y-34.4569
G1 X-17.5200 Y-34.4405
G1 X-17.4733 Y-34.3774
G1 X-17.4612 Y-34.3604
G1 X-17.4501 Y-34.3427
G1 X-17.4097 Y-34.2754
G1 X-17.3994 Y-34.2573
G1 X-17.3901 Y-34.2386
G1 X-17.3565 Y-34.1677
G1 X-17.3480 Y-34.1486
G1 X-17.3405 Y-34.1291
G1 X-17.3141 Y-34.0552
G1 X-17.3075 Y-34.0354
G1 X-17.3020 Y-34.0153
G1 X-17.2829 Y-33.9391
G1 X-17.2783 Y-33.9188
G1 X-17.2748 Y-33.8982
G1 X-17.2633 Y-33.8206
G1 X-17.2607 Y-33.7999
G1 X-17.2592 Y-33.7791
G1 X-17.2553 Y-33.7007
G1 X-17.2548 Y-33.6798
G1 X-17.2553 Y-33.6589
G1 X-17.2592 Y-33.5805
G1 X-17.2607 Y-33.5597
G1 X-17.2633 Y-33.5390
G1 X-17.2748 Y-33.4614
G1 X-17.2783 Y-33.4408
G1 X-17.2829 Y-33.4205
G1 X-17.3020 Y-33.3443
G1 X-17.3075 Y-33.3242
G1 X-17.3141 Y-33.3044
G1 X-17.3405 Y-33.2305
G1 X-17.3480 Y-33.2110
G1 X-17.3565 Y-33.1919
G1 X-17.3901 Y-33.1210
G1 X-17.3994 Y-33.1023
G1 X-17.4097 Y-33.0842
G1 X-17.4556 Y-33.0080
G1 X-17.4612 Y-32.9992
G1 X-17.4733 Y-32.9822
G1 X-17.5200 Y-32.9191
G1 X-17.5329 Y-32.9027
G1 X-17.5465 Y-32.8869
G1 X-17.5992 Y-32.8287
G1 X-17.6136 Y-32.8136
G1 X-17.6287 Y-32.7992
G1 X-17.6869 Y-32.7465
G1 X-17.6947 Y-32.7396
G1 X-17.7108 Y-32.7263
G1 X-17.7822 Y-32.6733
G1 X-17.7992 Y-32.6612
G1 X-17.8169 Y-32.6501
G1 X-17.8842 Y-32.6097
G1 X-17.9023 Y-32.5994
G1 X-17.9210 Y-32.5901
G1 X-17.9919 Y-32.5565
G1 X-18.0110 Y-32.5480
G1 X-18.0305 Y-32.5405
G1 X-18.1044 Y-32.5141
G1 X-18.1242 Y-32.5075
G1 X-18.1443 Y-32.5020
G1 X-18.2205 Y-32.4829
G1 X-18.2408 Y-32.4783
G1 X-18.2614 Y-32.4748
G1 X-18.3390 Y-32.4633
G1 X-18.3494 Y-32.4618
G1 X-18.3701 Y-32.4598
G1 X-18.4589 Y-32.4553
G1 X-18.4798 Y-32.4548
G1 X-19.0378 Y-32.4548
G1 X-19.4246 Y-32.0680
G1 X-19.4246 Y-29.7802
G1 X-19.3942 Y-29.7721
G1 X-19.3744 Y-29.7655
G1 X-19.3005 Y-29.7391
G1 X-19.2810 Y-29.7316
G1 X-19.2714 Y-29.7274
G1 X-19.1910 Y-29.6895
G1 X-19.1723 Y-29.6802
G1 X-19.1542 Y-29.6699
G1 X-19.0780 Y-29.6240
G1 X-19.0692 Y-29.6184
G1 X-19.0522 Y-29.6063
G1 X-18.9891 Y-29.5596
G1 X-18.9727 Y-29.5467
G1 X-18.9569 Y-29.5331
G1 X-18.8987 Y-29.4804
G1 X-18.8836 Y-29.4660
G1 X-18.8692 Y-29.4509
G1 X-18.8096 Y-29.3849
G1 X-18.8029 Y-29.3769
G1 X-18.7900 Y-29.3605
G1 X-18.7433 Y-29.2974
G1 X-18.7312 Y-29.2804
G1 X-18.7201 Y-29.2627
G1 X-18.6797 Y-29.1954
G1 X-18.6694 Y-29.1773
G1 X-18.6601 Y-29.1586
G1 X-18.6222 Y-29.0782
G1 X-18.6180 Y-29.0686
G1 X-18.6105 Y-29.0491
G1 X-18.5841 Y-28.9752
G1 X-18.5775 Y-28.9554
G1 X-18.5720 Y-28.9353
G1 X-18.5529 Y-28.8591
G1 X-18.5483 Y-28.8388
G1 X-18.5448 Y-28.8182
G1 X-18.5333 Y-28.7406
G1 X-18.5307 Y-28.7199
G1 X-18.5292 Y-28.6991
G1 X-18.5253 Y-28.6207
G1 X-18.5248 Y-28.5998
G1 X-18.5253 Y-28.5789
G1 X-18.5292 Y-28.5005
G1 X-18.5307 Y-28.4797
G1 X-18.5333 Y-28.4590
G1 X-18.5448 Y-28.3814
G1 X-18.5483 Y-28.3608
G1 X-18.5529 Y-28.3405
G1 X-18.5720 Y-28.2643
G1 X-18.5775 Y-28.2442
G1 X-18.5841 Y-28.2244
G1 X-18.6105 Y-28.1505
G1 X-18.6180 Y-28.1310
G1 X-18.6265 Y-28.1119
G1 X-18.6601 Y-28.0410
G1 X-18.6694 Y-28.0223
G1 X-18.6797 Y-28.0042
G1 X-18.7201 Y-27.9369
G1 X-18.7312 Y-27.9192
G1 X-18.7433 Y-27.9022
G1 X-18.7900 Y-27.8391
G1 X-18.8029 Y-27.8227
G1 X-18.8096 Y-27.8147
G1 X-18.8692 Y-27.7487
G1 X-18.8836 Y-27.7336
G1 X-18.8987 Y-27.7192
G1 X-18.9569 Y-27.6665
G1 X-18.9727 Y-27.6529
G1 X-18.9891 Y-27.6400
G1 X-19.0522 Y-27.5933
G1 X-19.0692 Y-27.5812
G1 X-19.0869 Y-27.5701
G1 X-19.1542 Y-27.5297
G1 X-19.1632 Y-27.5245
G1 X-19.1816 Y-27.5146
G1 X-19.2619 Y-27.4765
G1 X-19.2810 Y-27.4680
G1 X-19.3005 Y-27.4605
G1 X-19.3744 Y-27.4341
G1 X-19.3843 Y-27.4307
G1 X-19.4042 Y-27.4246
G1 X-19.4905 Y-27.4029
G1 X-19.5108 Y-27.3983
G1 X-19.5211 Y-27.3964
G1 X-19.6194 Y-27.3818
G1 X-19.6401 Y-27.3798
G1 X-19.6505 Y-27.3792
G1 X-19.7289 Y-27.3753
G1 X-19.7498 Y-27.3748
G1 X-20.7498 Y-27.3748
G1 X-20.7707 Y-27.3753
G1 X-20.8491 Y-27.3792
G1 X-20.8699 Y-27.3807
G1 X-20.8906 Y-27.3833
G1 X-20.9682 Y-27.3948
G1 X-20.9888 Y-27.3983
G1 X-21.0091 Y-27.4029
G1 X-21.0853 Y-27.4220
G1 X-21.1054 Y-27.4275
G1 X-21.1252 Y-27.4341
G1 X-21.1991 Y-27.4605
G1 X-21.2186 Y-27.4680
G1 X-21.2377 Y-27.4765
G1 X-21.3086 Y-27.5101
G1 X-21.3273 Y-27.5194
G1 X-21.3454 Y-27.5297
G1 X-21.4127 Y-27.5701
G1 X-21.4304 Y-27.5812
G1 X-21.4474 Y-27.5933
G1 X-21.5105 Y-27.6400
G1 X-21.5188 Y-27.6463
G1 X-21.5349 Y-27.6596
G1 X-21.6009 Y-27.7192
G1 X-21.6160 Y-27.7336
G1 X-21.6304 Y-27.7487
G1 X-21.6831 Y-27.8069
G1 X-21.6967 Y-27.8227
G1 X-21.7096 Y-27.8391
G1 X-21.7563 Y-27.9022
G1 X-21.7684 Y-27.9192
G1 X-21.7795 Y-27.9369
G1 X-21.8199 Y-28.0042
G1 X-21.8302 Y-28.0223
G1 X-21.8395 Y-28.0410
G1 X-21.8731 Y-28.1119
G1 X-21.8816 Y-28.1310
G1 X-21.8891 Y-28.1505
G1 X-21.9155 Y-28.2244
G1 X-21.9221 Y-28.2442
G1 X-21.9276 Y-28.2643
G1 X-21.9467 Y-28.3405
G1 X-21.9513 Y-28.3608
G1 X-21.9548 Y-28.3814
G1 X-21.9663 Y-28.4590
G1 X-21.9689 Y-28.4797
G1 X-21.9704 Y-28.5005
G1 X-21.9743 Y-28.5789
G1 X-21.9748 Y-28.5998
G1 X-21.9743 Y-28.6207
G1 X-21.9704 Y-28.6991
G1 X-21.9689 Y-28.7199
G1 X-21.9663 Y-28.7406
G1 X-21.9548 Y-28.8182
G1 X-21.9513 Y-28.8388
G1 X-21.9491 Y-28.8490
G1 X-21.9276 Y-28.9353
G1 X-21.9221 Y-28.9554
G1 X-21.9155 Y-28.9752
G1 X-21.8891 Y-29.0491
G1 X-21.8816 Y-29.0686
G1 X-21.8731 Y-29.0877
G1 X-21.8395 Y-29.1586
G1 X-21.8302 Y-29.1773
G1 X-21.8199 Y-29.1954
G1 X-21.7795 Y-29.2627
G1 X-21.7684 Y-29.2804
G1 X-21.7563 Y-29.2974
G1 X-21.7096 Y-29.3605
G1 X-21.6967 Y-29.3769
G1 X-21.6831 Y-29.3927
G1 X-21.6233 Y-29.4585
G1 X-21.6160 Y-29.4660
G1 X-21.6009 Y-29.4804
G1 X-21.5427 Y-29.5331
G1 X-21.5269 Y-29.5467
G1 X-21.5105 Y-29.5596
G1 X-21.4474 Y-29.6063
G1 X-21.4304 Y-29.6184
G1 X-21.4127 Y-29.6295
G1 X-21.3454 Y-29.6699
G1 X-21.3273 Y-29.6802
G1 X-21.3086 Y-29.6895
G1 X-21.2377 Y-29.7231
G1 X-21.2186 Y-29.7316
G1 X-21.1991 Y-29.7391
G1 X-21.1153 Y-29.7689
G1 X-21.0954 Y-29.7750
G1 X-21.0750 Y-29.7802
G1 Z2.0000
G1 X-20.1208 Y-35.4443
G1 F60.00
G1 Z0.3
G1 F120.00
G1 X-17.8388 Y-35.4443
G1 Z2.0000
G1 X-12.5008 Y-35.4443
G1 F60.00
G1 Z0.3
G1 F120.00
G1 X-10.2188 Y-35.4443
G1 Z2.0000
G1 X-3.3120 Y18.4157
G1 F60.00
G1 Z0.3
G1 F120.00
G1 X18.5024 Y18.4157
G1 X18.0927 Y18.9257
G1 X19.0124 Y18.9257
G1 X18.6027 Y19.4357
G1 X19.5224 Y19.4357
G1 X19.1127 Y19.9457
G1 X20.0775 Y19.9457
G1 X19.6227 Y20.4557
G1 X21.5985 Y20.4557
G1 X21.1918 Y20.9657
G1 X22.0263 Y20.9657
G1 X22.2281 Y21.4757
G1 X21.5483 Y21.4757
G1 Z2.0000
G1 X21.6252 Y21.9857
G1 F60.00
G1 Z0.3
G1 F120.00
G1 X22.2757 Y21.9857
G1 X22.2757 Y22.4957
G1 X21.6252 Y22.4957
G1 Z2.0000
G1 X21.6205 Y23.0057
G1 F60.00
G1 Z0.3
G1 F120.00
G1 X22.2757 Y23.0057
G1 X22.1753 Y23.5157
G1 X21.4584 Y23.5157
G1 X21.2154 Y24.0257
G1 X21.9213 Y24.0257
G1 Z2.0000
G1 X21.8657 Y24.5357
G1 F60.00
G1 Z0.3
G1 F120.00
G1 X21.2154 Y24.5357
G1 X21.2154 Y25.0457
G1 X21.8657 Y25.0457
G1 Z2.0000
G1 X21.8848 Y25.5557
G1 F60.00
G1 Z0.3
G1 F120.00
G1 X21.2154 Y25.5557
G1 X21.3842 Y26.0657
G1 X22.1243 Y26.0657
G1 X22.2550 Y26.5757
G1 X21.5973 Y26.5757
G1 Z2.0000
G1 X21.6152 Y27.0857
G1 F60.00
G1 Z0.3
G1 F120.00
G1 X22.2657 Y27.0857
G1 X22.2657 Y27.5957
G1 X21.6152 Y27.5957
G1 Z2.0000
G1 X21.5705 Y28.1057
G1 F60.00
G1 Z0.3
G1 F120.00
G1 X22.2390 Y28.1057
G1 X22.0735 Y28.6157
G1 X21.2849 Y28.6157
G1 X21.6971 Y29.1257
G1 X18.6754 Y29.1257
G1 X18.7449 Y28.6157
G1 X19.4955 Y28.6157
G1 Z2.0000
G1 X19.2099 Y28.1057
G1 F60.00
G1 Z0.3
G1 F120.00
G1 X19.0305 Y28.1057
G1 Z2.0000
G1 X19.0752 Y27.5957
G1 F60.00
G1 Z0.3
G1 F120.00
G1 X19.1652 Y27.5957
G1 X19.1652 Y27.0857
G1 X19.0752 Y27.0857
G1 Z2.0000
G1 X19.0573 Y26.5757
G1 F60.00
G1 Z0.3
G1 F120.00
G1 X19.1831 Y26.5757
G1 Z2.0000
G1 X19.3962 Y26.0657
G1 F60.00
G1 Z0.3
G1 F120.00
G1 X18.8442 Y26.0657
G1 X18.6754 Y25.5557
G1 X19.5650 Y25.5557
G1 X19.5650 Y25.0457
G1 X18.6754 Y25.0457
G1 Z2.0000
G1 X18.6131 Y24.5357
G1 F60.00
G1 Z0.3
G1 F120.00
G1 X19.5650 Y24.5357
G1 X19.5650 Y24.0257
G1 X18.1927 Y24.0257
G1 X17.6827 Y23.5157
G1 X19.3420 Y23.5157
G1 Z2.0000
G1 X19.1799 Y23.0057
G1 F60.00
G1 Z0.3
G1 F120.00
G1 X17.1727 Y23.0057
G1 X16.6627 Y22.4957
G1 X19.1752 Y22.4957
G1 X18.8187 Y21.9857
G1 X16.6252 Y21.9857
G1 Z2.0000
G1 X16.5483 Y21.4757
G1 F60.00
G1 Z0.3
G1 F120.00
G1 X18.3087 Y21.4757
G1 X17.7987 Y20.9657
G1 X16.1918 Y20.9657
G1 X17.2887 Y20.4557
G1 X-2.0983 Y20.4557
G1 X-1.6366 Y20.9657
G1 X-2.6083 Y20.9657
G1 X-2.1986 Y21.4757
G1 X-3.1183 Y21.4757
G1 X-2.7086 Y21.9857
G1 X-3.6283 Y21.9857
G1 X-3.2186 Y22.4957
G1 X-4.1383 Y22.4957
G1 X-3.7286 Y23.0057
G1 X-4.6483 Y23.0057
G1 X-4.2386 Y23.5157
G1 X-5.1583 Y23.5157
G1 X-4.7486 Y24.0257
G1 X-5.6683 Y24.0257
G1 X-5.2586 Y24.5357
G1 X-6.1783 Y24.5357
G1 X-5.7686 Y25.0457
G1 X-6.6883 Y25.0457
G1 X-6.2786 Y25.5557
G1 X-7.1983 Y25.5557
G1 X-6.7886 Y26.0657
G1 X-7.7083 Y26.0657
G1 X-7.9218 Y26.5757
G1 X-7.1484 Y26.5757
G1 Z2.0000
G1 X-7.1215 Y27.0857
G1 F60.00
G1 Z0.3
G1 F120.00
G1 X-7.7768 Y27.0857
G1 Z2.0000
G1 X-7.7949 Y27.5957
G1 F60.00
G1 Z0.3
G1 F120.00
G1 X-7.1351 Y27.5957
G1 X-7.2017 Y27.9250
G1 X-7.1435 Y27.6704
G1 X-7.1143 Y27.4108
G1 X-7.1143 Y27.1496
G1 X-7.1435 Y26.8901
G1 X-7.1501 Y26.8608
G1 X-7.1520 Y26.8506
G1 X-7.1552 Y26.8299
G1 X-7.1573 Y26.8092
G1 X-7.1584 Y26.7884
G1 X-7.1613 Y26.6808
G1 X-7.1608 Y26.6600
G1 X-7.1594 Y26.6391
G1 X-7.1582 Y26.6288
G1 X-7.1553 Y26.6081
G1 X-7.1513 Y26.5877
G1 X-7.1463 Y26.5674
G1 X-7.1403 Y26.5474
G1 X-7.1333 Y26.5278
G1 X-7.0987 Y26.4370
G1 X-7.0869 Y26.4091
G1 X-7.0731 Y26.3822
G1 X-7.0629 Y26.3648
G1 X-7.0519 Y26.3479
G1 X-7.0401 Y26.3315
G1 X-6.9991 Y26.2800
G1 X-6.9806 Y26.2582
G1 X-6.9674 Y26.2444
G1 X-1.8160 Y21.0931
G1 X-1.8086 Y21.0858
G1 X-1.7931 Y21.0718
G1 X-1.7851 Y21.0651
G1 X-1.7687 Y21.0523
G1 X-1.7516 Y21.0403
G1 X-1.6621 Y20.9806
G1 X-1.6442 Y20.9699
G1 X-1.6258 Y20.9600
G1 X-1.6164 Y20.9555
G1 X-1.5974 Y20.9470
G1 X-1.5779 Y20.9395
G1 X-1.5680 Y20.9361
G1 X-1.5481 Y20.9300
G1 X-1.5279 Y20.9250
G1 X-1.4121 Y20.9020
G1 X-1.4018 Y20.9003
G1 X-1.3811 Y20.8977
G1 X-1.3603 Y20.8962
G1 X-1.3394 Y20.8957
G1 X12.8722 Y20.8957
G1 X12.8826 Y20.8958
G1 X12.9035 Y20.8969
G1 X12.9242 Y20.8989
G1 X12.9346 Y20.9003
G1 X12.9551 Y20.9039
G1 X13.0504 Y20.9228
G1 X13.0708 Y20.9274
G1 X13.0809 Y20.9300
G1 X13.1008 Y20.9361
G1 X13.1107 Y20.9395
G1 X13.1301 Y20.9470
G1 X13.1397 Y20.9511
G1 X13.1586 Y20.9600
G1 X13.1770 Y20.9699
G1 X13.1860 Y20.9751
G1 X13.2036 Y20.9863
G1 X13.2844 Y21.0403
G1 X13.3015 Y21.0523
G1 X13.3179 Y21.0651
G1 X13.3259 Y21.0718
G1 X13.3337 Y21.0787
G1 X13.3488 Y21.0931
G1 X13.3632 Y21.1082
G1 X13.3701 Y21.1160
G1 X13.3833 Y21.1322
G1 X13.3896 Y21.1405
G1 X13.4017 Y21.1575
G1 X13.4556 Y21.2383
G1 X13.4668 Y21.2559
G1 X13.4720 Y21.2649
G1 X13.4819 Y21.2833
G1 X13.4908 Y21.3022
G1 X13.4988 Y21.3215
G1 X13.5058 Y21.3411
G1 X13.5090 Y21.3510
G1 X13.5119 Y21.3611
G1 X13.5169 Y21.3813
G1 X13.5380 Y21.4868
G1 X13.5415 Y21.5067
G1 X13.5449 Y21.5369
G1 X13.5462 Y21.5672
G1 X13.5453 Y21.5975
G1 X13.5432 Y21.6300
G1 X13.5416 Y21.6485
G1 X13.5247 Y21.7773
G1 X13.5247 Y23.0231
G1 X13.5568 Y23.2669
G1 X13.6204 Y23.5044
G1 X13.7145 Y23.7315
G1 X13.8374 Y23.9444
G1 X13.9871 Y24.1395
G1 X14.1747 Y24.3270
G1 X14.1891 Y24.3422
G1 X14.2027 Y24.3580
G1 X14.2155 Y24.3744
G1 X14.2275 Y24.3915
G1 X14.2815 Y24.4722
G1 X14.2927 Y24.4899
G1 X14.3030 Y24.5080
G1 X14.3078 Y24.5173
G1 X14.3167 Y24.5361
G1 X14.3208 Y24.5457
G1 X14.3283 Y24.5652
G1 X14.3317 Y24.5750
G1 X14.3377 Y24.5950
G1 X14.3404 Y24.6051
G1 X14.3450 Y24.6254
G1 X14.3658 Y24.7310
G1 X14.3689 Y24.7516
G1 X14.3701 Y24.7620
G1 X14.3716 Y24.7828
G1 X14.3720 Y24.7932
G1 X14.3720 Y24.8141
G1 X14.3709 Y24.8349
G1 X14.3689 Y24.8557
G1 X14.3675 Y24.8660
G1 X14.3639 Y24.8865
G1 X14.3450 Y24.9818
G1 X14.3404 Y25.0022
G1 X14.3377 Y25.0123
G1 X14.3317 Y25.0322
G1 X14.3283 Y25.0421
G1 X14.3208 Y25.0616
G1 X14.3123 Y25.0806
G1 X14.3078 Y25.0900
G1 X14.2979 Y25.1084
G1 X14.2927 Y25.1174
G1 X14.2815 Y25.1350
G1 X14.2218 Y25.2242
G1 X14.2098 Y25.2404
G1 X14.1903 Y25.2637
G1 X14.1693 Y25.2855
G1 X14.1544 Y25.2992
G1 X14.1299 Y25.3207
G1 X14.1157 Y25.3326
G1 X14.0709 Y25.3671
G1 X13.8971 Y25.5409
G1 X13.7474 Y25.7360
G1 X13.6245 Y25.9489
G1 X13.5304 Y26.1760
G1 X13.4668 Y26.4135
G1 X13.4347 Y26.6573
G1 X13.4347 Y27.9031
G1 X13.4444 Y27.9774
G1 X13.4461 Y27.9982
G1 X13.4467 Y28.0191
G1 X13.4464 Y28.0399
G1 X13.4458 Y28.0503
G1 X13.4395 Y28.1473
G1 X13.4376 Y28.1680
G1 X13.4363 Y28.1784
G1 X13.4347 Y28.1887
G1 X13.4308 Y28.2092
G1 X13.4259 Y28.2295
G1 X13.4231 Y28.2395
G1 X13.4167 Y28.2594
G1 X13.4094 Y28.2789
G1 X13.4053 Y28.2885
G1 X13.3966 Y28.3074
G1 X13.3536 Y28.3946
G1 X13.3439 Y28.4131
G1 X13.3333 Y28.4310
G1 X13.3219 Y28.4485
G1 X13.3096 Y28.4653
G1 X13.2965 Y28.4816
G1 X13.2897 Y28.4894
G1 X13.2754 Y28.5047
G1 X13.2604 Y28.5192
G1 X13.2527 Y28.5261
G1 X13.1796 Y28.5902
G1 X13.1636 Y28.6036
G1 X13.1469 Y28.6161
G1 X13.1297 Y28.6279
G1 X13.1209 Y28.6334
G1 X13.1028 Y28.6438
G1 X13.0842 Y28.6534
G1 X13.0652 Y28.6620
G1 X13.0458 Y28.6696
G1 X12.9341 Y28.7076
G1 X12.9241 Y28.7106
G1 X12.9039 Y28.7158
G1 X12.8835 Y28.7200
G1 X12.8732 Y28.7218
G1 X12.8525 Y28.7245
G1 X12.8317 Y28.7262
G1 X12.8109 Y28.7269
G1 X12.7900 Y28.7265
G1 X12.7796 Y28.7260
G1 X12.6826 Y28.7196
G1 X12.6619 Y28.7178
G1 X12.6412 Y28.7149
G1 X12.6207 Y28.7110
G1 X12.6004 Y28.7061
G1 X12.5904 Y28.7032
G1 X12.5804 Y28.7002
G1 X12.5607 Y28.6933
G1 X12.5414 Y28.6855
G1 X12.5225 Y28.6767
G1 X12.4263 Y28.6292
G1 X12.4000 Y28.6142
G1 X12.3830 Y28.6031
G1 X12.3666 Y28.5913
G1 X12.3508 Y28.5787
G1 X12.3117 Y28.5444
G1 X12.2983 Y28.5316
G1 X9.9352 Y26.1685
G1 X9.7817 Y26.0507
G1 X9.7306 Y26.0211
G1 X9.7139 Y26.0104
G1 X9.6977 Y25.9989
G1 X9.6744 Y25.9803
G1 X9.5968 Y25.9133
G1 X9.5754 Y25.8926
G1 X9.5555 Y25.8704
G1 X9.4419 Y25.7282
G1 X9.2572 Y25.5435
G1 X9.0530 Y25.3806
G1 X8.8319 Y25.2417
G1 X8.5965 Y25.1283
G1 X8.3500 Y25.0421
G1 X8.0953 Y24.9839
G1 X7.8358 Y24.9547
G1 X6.2746 Y24.9547
G1 X6.0150 Y24.9839
G1 X5.7604 Y25.0421
G1 X5.5139 Y25.1283
G1 X5.2785 Y25.2417
G1 X5.0574 Y25.3806
G1 X4.8532 Y25.5435
G1 X4.6685 Y25.7282
G1 X4.5056 Y25.9324
G1 X4.3667 Y26.1535
G1 X4.2533 Y26.3889
G1 X4.1671 Y26.6354
G1 X4.1089 Y26.8901
G1 X4.0797 Y27.1496
G1 X4.0797 Y27.4108
G1 X4.1089 Y27.6703
G1 X4.1671 Y27.9250
G1 X4.2533 Y28.1715
G1 X4.3667 Y28.4069
G1 X4.5056 Y28.6280
G1 X4.6685 Y28.8322
G1 X4.8532 Y29.0169
G1 X5.0574 Y29.1798
G1 X5.2785 Y29.3187
G1 X5.5139 Y29.4321
G1 X5.7604 Y29.5183
G1 X6.0151 Y29.5765
G1 X6.2746 Y29.6057
G1 X7.8358 Y29.6057
G1 X8.0954 Y29.5765
G1 X8.3500 Y29.5183
G1 X8.5145 Y29.4608
G1 X8.5343 Y29.4544
G1 X8.5545 Y29.4489
G1 X8.5749 Y29.4445
G1 X8.5955 Y29.4411
G1 X8.6917 Y29.4275
G1 X8.7124 Y29.4251
G1 X8.7228 Y29.4243
G1 X8.7436 Y29.4234
G1 X8.7540 Y29.4234
G1 X8.7645 Y29.4236
G1 X8.7853 Y29.4247
G1 X8.8060 Y29.4269
G1 X8.8267 Y29.4301
G1 X8.8471 Y29.4343
G1 X8.8572 Y29.4368
G1 X8.9513 Y29.4611
G1 X8.9712 Y29.4667
G1 X8.9810 Y29.4699
G1 X9.0004 Y29.4770
G1 X9.0195 Y29.4850
G1 X9.0381 Y29.4939
G1 X9.0563 Y29.5038
G1 X9.0652 Y29.5090
G1 X9.0826 Y29.5201
G1 X9.0911 Y29.5260
G1 X9.1674 Y29.5803
G1 X9.1913 Y29.5995
G1 X9.2137 Y29.6204
G1 X13.0652 Y33.4719
G1 X13.2187 Y33.5897
G1 X13.3862 Y33.6864
G1 X13.5623 Y33.7593
G1 X13.5813 Y33.7678
G1 X13.6000 Y33.7771
G1 X13.6181 Y33.7874
G1 X13.6357 Y33.7986
G1 X13.7165 Y33.8526
G1 X13.7411 Y33.8703
G1 X13.7568 Y33.8831
G1 X13.7791 Y33.9036
G1 X13.7932 Y33.9182
G1 X13.8274 Y33.9572
G1 X13.8391 Y33.9717
G1 X13.9371 Y34.0995
G1 X14.1109 Y34.2733
G1 X14.3060 Y34.4230
G1 X14.5189 Y34.5459
G1 X14.7460 Y34.6400
G1 X14.9835 Y34.7036
G1 X15.2273 Y34.7357
G1 X15.4731 Y34.7357
G1 X15.7169 Y34.7036
G1 X15.9544 Y34.6400
G1 X16.1815 Y34.5459
G1 X16.3944 Y34.4230
G1 X16.5895 Y34.2733
G1 X16.7633 Y34.0995
G1 X16.9130 Y33.9044
G1 X17.0359 Y33.6915
G1 X17.1300 Y33.4644
G1 X17.1992 Y33.2061
G1 X17.2051 Y33.1861
G1 X17.2119 Y33.1664
G1 X17.2157 Y33.1567
G1 X17.2240 Y33.1376
G1 X17.2285 Y33.1282
G1 X17.2715 Y33.0410
G1 X17.2812 Y33.0226
G1 X17.2917 Y33.0046
G1 X17.3032 Y32.9871
G1 X17.3155 Y32.9703
G1 X17.3286 Y32.9540
G1 X17.3425 Y32.9385
G1 X17.3571 Y32.9236
G1 X17.3647 Y32.9164
G1 X17.4455 Y32.8454
G1 X17.4615 Y32.8320
G1 X17.4781 Y32.8195
G1 X17.4954 Y32.8078
G1 X17.5042 Y32.8022
G1 X17.5223 Y32.7918
G1 X17.5409 Y32.7822
G1 X17.5503 Y32.7778
G1 X17.5695 Y32.7697
G1 X17.5891 Y32.7625
G1 X17.6811 Y32.7313
G1 X17.7010 Y32.7251
G1 X17.7111 Y32.7223
G1 X17.7314 Y32.7176
G1 X17.7416 Y32.7156
G1 X17.7519 Y32.7138
G1 X17.7726 Y32.7111
G1 X17.7830 Y32.7101
G1 X17.8038 Y32.7089
G1 X17.8247 Y32.7088
G1 X17.8455 Y32.7096
G1 X17.9424 Y32.7160
G1 X17.9632 Y32.7179
G1 X17.9839 Y32.7207
G1 X18.0044 Y32.7246
G1 X18.0145 Y32.7270
G1 X18.0347 Y32.7324
G1 X18.0545 Y32.7388
G1 X18.0644 Y32.7423
G1 X18.0837 Y32.7501
G1 X18.0932 Y32.7544
G1 X18.1898 Y32.8019
G1 X18.2082 Y32.8116
G1 X18.2262 Y32.8221
G1 X18.2350 Y32.8277
G1 X18.2436 Y32.8336
G1 X18.2605 Y32.8459
G1 X18.2767 Y32.8590
G1 X18.2846 Y32.8658
G1 X18.2923 Y32.8728
G1 X18.3072 Y32.8875
G1 X18.3213 Y32.9028
G1 X18.3854 Y32.9759
G1 X18.3923 Y32.9840
G1 X18.4056 Y33.0008
G1 X18.4180 Y33.0182
G1 X18.4295 Y33.0362
G1 X18.4401 Y33.0548
G1 X18.4451 Y33.0643
G1 X18.4543 Y33.0836
G1 X18.4875 Y33.1638
G1 X18.4949 Y33.1848
G1 X18.5012 Y33.2061
G1 X18.5704 Y33.4644
G1 X18.6645 Y33.6915
G1 X18.7874 Y33.9044
G1 X18.9371 Y34.0995
G1 X19.1109 Y34.2733
G1 X19.3060 Y34.4230
G1 X19.5189 Y34.5459
G1 X19.6476 Y34.5992
G1 X19.7460 Y34.6400
G1 X19.9835 Y34.7036
G1 X20.2273 Y34.7357
G1 X20.4731 Y34.7357
G1 X20.7169 Y34.7036
G1 X20.9544 Y34.6400
G1 X21.1815 Y34.5459
G1 X21.3944 Y34.4230
G1 X21.5895 Y34.2733
G1 X21.7633 Y34.0995
G1 X21.9130 Y33.9044
G1 X22.0359 Y33.6915
G1 X22.1300 Y33.4644
G1 X22.1936 Y33.2269
G1 X22.2257 Y32.9831
G1 X22.2257 Y31.7373
G1 X22.1936 Y31.4935
G1 X22.1300 Y31.2561
G1 X22.0359 Y31.0289
G1 X21.9130 Y30.8160
G1 X21.7633 Y30.6209
G1 X21.5895 Y30.4471
G1 X21.4811 Y30.3638
G1 X21.4652 Y30.3503
G1 X21.4500 Y30.3361
G1 X21.4355 Y30.3211
G1 X21.4285 Y30.3133
G1 X21.3577 Y30.2323
G1 X21.3511 Y30.2243
G1 X21.3385 Y30.2076
G1 X21.3268 Y30.1904
G1 X21.3159 Y30.1725
G1 X21.3059 Y30.1542
G1 X21.2969 Y30.1354
G1 X21.2887 Y30.1162
G1 X21.2815 Y30.0967
G1 X21.2471 Y29.9947
G1 X21.2414 Y29.9747
G1 X21.2389 Y29.9646
G1 X21.2366 Y29.9544
G1 X21.2329 Y29.9338
G1 X21.2302 Y29.9132
G1 X21.2292 Y29.9028
G1 X21.2280 Y29.8820
G1 X21.2278 Y29.8715
G1 X21.2281 Y29.8507
G1 X21.2287 Y29.8403
G1 X21.2350 Y29.7433
G1 X21.2369 Y29.7225
G1 X21.2398 Y29.7019
G1 X21.2437 Y29.6814
G1 X21.2460 Y29.6712
G1 X21.2514 Y29.6511
G1 X21.2545 Y29.6411
G1 X21.2614 Y29.6214
G1 X21.2652 Y29.6117
G1 X21.2734 Y29.5925
G1 X21.3258 Y29.4865
G1 X21.3362 Y29.4678
G1 X21.3475 Y29.4496
G1 X21.3535 Y29.4408
G1 X21.3662 Y29.4235
G1 X21.3729 Y29.4152
G1 X21.3868 Y29.3990
G1 X21.4016 Y29.3834
G1 X21.4555 Y29.3297
G1 X21.4720 Y29.3148
G1 X21.4893 Y29.3008
G1 X21.6295 Y29.1933
G1 X21.8033 Y29.0195
G1 X21.9530 Y28.8244
G1 X22.0759 Y28.6115
G1 X22.1700 Y28.3844
G1 X22.2336 Y28.1469
G1 X22.2657 Y27.9031
G1 X22.2657 Y26.6573
G1 X22.2336 Y26.4135
G1 X22.1700 Y26.1760
G1 X22.0759 Y25.9489
G1 X21.9509 Y25.7321
G1 X21.9460 Y25.7229
G1 X21.9369 Y25.7041
G1 X21.9328 Y25.6946
G1 X21.9251 Y25.6752
G1 X21.8872 Y25.5637
G1 X21.8817 Y25.5443
G1 X21.8770 Y25.5246
G1 X21.8718 Y25.4947
G1 X21.8695 Y25.4746
G1 X21.8661 Y25.4228
G1 X21.8657 Y25.4042
G1 X21.8657 Y24.2935
G1 X21.8662 Y24.2726
G1 X21.8677 Y24.2518
G1 X21.8689 Y24.2415
G1 X21.8720 Y24.2208
G1 X21.8928 Y24.1153
G1 X21.8972 Y24.0955
G1 X21.9026 Y24.0760
G1 X21.9089 Y24.0568
G1 X21.9200 Y24.0286
G1 X21.9285 Y24.0102
G1 X21.9429 Y23.9810
G1 X21.9515 Y23.9646
G1 X22.0859 Y23.7315
G1 X22.1800 Y23.5044
G1 X22.2436 Y23.2669
G1 X22.2757 Y23.0231
G1 X22.2757 Y21.7773
G1 X22.2436 Y21.5335
G1 X22.1800 Y21.2961
G1 X22.0859 Y21.0689
G1 X21.9630 Y20.8560
G1 X21.8133 Y20.6609
G1 X21.6395 Y20.4871
G1 X21.4444 Y20.3374
G1 X21.2315 Y20.2145
G1 X21.0044 Y20.1204
G1 X20.7669 Y20.0568
G1 X20.5231 Y20.0247
G1 X20.3906 Y20.0247
G1 X20.3697 Y20.0242
G1 X20.3593 Y20.0235
G1 X20.3385 Y20.0215
G1 X20.3179 Y20.0184
G1 X20.3076 Y20.0165
G1 X20.2021 Y19.9954
G1 X20.1819 Y19.9904
G1 X20.1620 Y19.9843
G1 X20.1423 Y19.9773
G1 X20.1326 Y19.9734
G1 X20.1136 Y19.9649
G1 X20.0949 Y19.9556
G1 X20.0858 Y19.9505
G1 X20.0679 Y19.9398
G1 X19.9698 Y19.8742
G1 X19.9613 Y19.8681
G1 X19.9449 Y19.8553
G1 X19.9369 Y19.8486
G1 X19.9214 Y19.8346
G1 X18.3952 Y18.3085
G1 X18.2417 Y18.1907
G1 X18.0742 Y18.0940
G1 X17.8955 Y18.0200
G1 X17.7087 Y17.9699
G1 X17.5169 Y17.9447
G1 X17.2879 Y17.9447
G1 X-2.3265 Y17.9447
G1 X-2.5183 Y17.9699
G1 X-2.7051 Y18.0200
G1 X-2.8838 Y18.0940
G1 X-3.0513 Y18.1907
G1 X-3.2048 Y18.3085
G1 X-9.6536 Y24.7573
G1 X-9.6687 Y24.7717
G1 X-9.6845 Y24.7853
G1 X-9.6926 Y24.7918
G1 X-9.7094 Y24.8042
G1 X-9.8075 Y24.8698
G1 X-9.8164 Y24.8753
G1 X-9.8345 Y24.8856
G1 X-9.8438 Y24.8904
G1 X-9.8626 Y24.8993
G1 X-9.8722 Y24.9034
G1 X-9.8917 Y24.9109
G1 X-9.9115 Y24.9174
G1 X-9.9316 Y24.9230
G1 X-9.9520 Y24.9276
G1 X-10.0472 Y24.9465
G1 X-10.0678 Y24.9501
G1 X-10.0885 Y24.9527
G1 X-10.0989 Y24.9535
G1 X-10.1197 Y24.9546
G1 X-10.1302 Y24.9547
G1 X-10.8704 Y24.9547
G1 X-11.1300 Y24.9839
G1 X-11.3846 Y25.0421
G1 X-11.6311 Y25.1283
G1 X-11.8665 Y25.2417
G1 X-12.0876 Y25.3806
G1 X-12.2918 Y25.5435
G1 X-12.4765 Y25.7282
G1 X-12.6394 Y25.9324
G1 X-12.7783 Y26.1535
G1 X-12.8917 Y26.3889
G1 X-12.9779 Y26.6354
G1 X-13.0361 Y26.8901
G1 X-13.0653 Y27.1496
G1 X-13.0653 Y27.4108
G1 X-13.0361 Y27.6703
G1 X-12.9779 Y27.9250
G1 X-12.8917 Y28.1715
G1 X-12.7783 Y28.4069
G1 X-12.6394 Y28.6280
G1 X-12.4765 Y28.8322
G1 X-12.2918 Y29.0169
G1 X-12.0876 Y29.1798
G1 X-11.8665 Y29.3187
G1 X-11.6311 Y29.4321
G1 X-11.3846 Y29.5183
G1 X-11.1299 Y29.5765
G1 X-10.8704 Y29.6057
G1 X-9.3092 Y29.6057
G1 X-9.0496 Y29.5765
G1 X-8.7950 Y29.5183
G1 X-8.5485 Y29.4321
G1 X-8.3131 Y29.3187
G1 X-8.0920 Y29.1798
G1 X-7.8878 Y29.0169
G1 X-7.7031 Y28.8322
G1 X-7.5402 Y28.6280
G1 X-7.4013 Y28.4069
G1 X-7.2879 Y28.1715
G1 X-7.2017 Y27.9250
G1 X-7.2649 Y28.1057
G1 X-7.9835 Y28.1057
G1 Z2.0000
G1 X-8.4312 Y28.6157
G1 F60.00
G1 Z0.3
G1 F120.00
G1 X-7.5325 Y28.6157
G1 X-8.0242 Y29.1257
G1 X-12.1554 Y29.1257
G1 X-11.7484 Y28.6157
G1 X-12.6471 Y28.6157
G1 X-12.9147 Y28.1057
G1 X-12.1961 Y28.1057
G1 Z2.0000
G1 X-12.3847 Y27.5957
G1 F60.00
G1 Z0.3
G1 F120.00
G1 X-13.0445 Y27.5957
G1 X-13.0581 Y27.0857
G1 X-12.4028 Y27.0857
G1 Z2.0000
G1 X-12.2578 Y26.5757
G1 F60.00
G1 Z0.3
G1 F120.00
G1 X-12.9570 Y26.5757
G1 X-12.7231 Y26.0657
G1 X-11.8918 Y26.0657
G1 X-12.3041 Y25.5557
G1 X-9.5323 Y25.5557
G1 X-9.5818 Y25.6052
G1 X-2.8058 Y18.8294
G1 X-2.7691 Y18.7959
G1 X-2.7533 Y18.7823
G1 X-2.7369 Y18.7695
G1 X-2.6969 Y18.7400
G1 X-2.6795 Y18.7284
G1 X-2.6369 Y18.7027
G1 X-2.6188 Y18.6924
G1 X-2.6002 Y18.6831
G1 X-2.5647 Y18.6663
G1 X-2.5456 Y18.6578
G1 X-2.5261 Y18.6503
G1 X-2.4892 Y18.6371
G1 X-2.4693 Y18.6305
G1 X-2.4492 Y18.6250
G1 X-2.4111 Y18.6154
G1 X-2.3908 Y18.6109
G1 X-2.3702 Y18.6073
G1 X-2.3314 Y18.6015
G1 X-2.3107 Y18.5990
G1 X-2.3003 Y18.5981
G1 X-2.2507 Y18.5955
G1 X-2.2298 Y18.5950
G1 X17.4202 Y18.5950
G1 X17.4411 Y18.5955
G1 X17.4803 Y18.5974
G1 X17.5011 Y18.5990
G1 X17.5115 Y18.6001
G1 X17.5606 Y18.6073
G1 X17.5812 Y18.6109
G1 X17.6015 Y18.6154
G1 X17.6497 Y18.6276
G1 X17.6697 Y18.6337
G1 X17.6796 Y18.6371
G1 X17.7263 Y18.6539
G1 X17.7456 Y18.6619
G1 X17.7906 Y18.6831
G1 X17.8092 Y18.6924
G1 X17.8273 Y18.7027
G1 X17.8699 Y18.7284
G1 X17.8873 Y18.7400
G1 X17.9273 Y18.7695
G1 X17.9437 Y18.7823
G1 X17.9595 Y18.7959
G1 X17.9886 Y18.8223
G1 X18.0037 Y18.8367
G1 X19.9343 Y20.7673
G1 X19.9509 Y20.7609
G1 X20.0248 Y20.7345
G1 X20.0446 Y20.7279
G1 X20.0647 Y20.7224
G1 X20.1409 Y20.7033
G1 X20.1612 Y20.6987
G1 X20.1818 Y20.6952
G1 X20.2594 Y20.6837
G1 X20.2801 Y20.6811
G1 X20.3009 Y20.6796
G1 X20.3793 Y20.6757
G1 X20.4002 Y20.6752
G1 X20.4211 Y20.6757
G1 X20.4995 Y20.6796
G1 X20.5203 Y20.6811
G1 X20.5410 Y20.6837
G1 X20.6186 Y20.6952
G1 X20.6392 Y20.6987
G1 X20.6595 Y20.7033
G1 X20.7357 Y20.7224
G1 X20.7558 Y20.7279
G1 X20.7756 Y20.7345
G1 X20.8495 Y20.7609
G1 X20.8690 Y20.7684
G1 X20.8881 Y20.7769
G1 X20.9590 Y20.8105
G1 X20.9777 Y20.8198
G1 X20.9958 Y20.8301
G1 X21.0631 Y20.8705
G1 X21.0808 Y20.8816
G1 X21.0978 Y20.8937
G1 X21.1692 Y20.9467
G1 X21.1773 Y20.9533
G1 X21.1931 Y20.9669
G1 X21.2513 Y21.0196
G1 X21.2664 Y21.0340
G1 X21.2808 Y21.0491
G1 X21.3335 Y21.1073
G1 X21.3471 Y21.1231
G1 X21.3600 Y21.1395
G1 X21.4067 Y21.2026
G1 X21.4188 Y21.2196
G1 X21.4299 Y21.2373
G1 X21.4703 Y21.3046
G1 X21.4806 Y21.3227
G1 X21.4899 Y21.3414
G1 X21.5235 Y21.4123
G1 X21.5320 Y21.4314
G1 X21.5395 Y21.4509
G1 X21.5659 Y21.5248
G1 X21.5725 Y21.5446
G1 X21.5780 Y21.5647
G1 X21.5971 Y21.6409
G1 X21.6017 Y21.6612
G1 X21.6052 Y21.6818
G1 X21.6167 Y21.7594
G1 X21.6193 Y21.7801
G1 X21.6208 Y21.8009
G1 X21.6247 Y21.8793
G1 X21.6252 Y21.9002
G1 X21.6251 Y22.9106
G1 X21.6208 Y22.9995
G1 X21.6193 Y23.0203
G1 X21.6167 Y23.0410
G1 X21.6052 Y23.1186
G1 X21.6017 Y23.1392
G1 X21.5971 Y23.1595
G1 X21.5780 Y23.2357
G1 X21.5725 Y23.2558
G1 X21.5659 Y23.2756
G1 X21.5395 Y23.3495
G1 X21.5320 Y23.3690
G1 X21.5235 Y23.3881
G1 X21.4899 Y23.4590
G1 X21.4854 Y23.4684
G1 X21.4755 Y23.4868
G1 X21.4299 Y23.5631
G1 X21.4188 Y23.5808
G1 X21.4067 Y23.5978
G1 X21.3537 Y23.6692
G1 X21.3471 Y23.6773
G1 X21.3335 Y23.6931
G1 X21.2737 Y23.7589
G1 X21.2589 Y23.7737
G1 X21.2154 Y23.8133
G1 X21.2154 Y25.8761
G1 X21.2489 Y25.9067
G1 X21.2637 Y25.9215
G1 X21.3235 Y25.9873
G1 X21.3304 Y25.9951
G1 X21.3437 Y26.0112
G1 X21.3967 Y26.0826
G1 X21.4088 Y26.0996
G1 X21.4199 Y26.1173
G1 X21.4655 Y26.1936
G1 X21.4754 Y26.2120
G1 X21.4799 Y26.2214
G1 X21.5135 Y26.2923
G1 X21.5220 Y26.3114
G1 X21.5295 Y26.3309
G1 X21.5559 Y26.4048
G1 X21.5625 Y26.4246
G1 X21.5680 Y26.4447
G1 X21.5871 Y26.5209
G1 X21.5895 Y26.5310
G1 X21.5936 Y26.5515
G1 X21.6067 Y26.6394
G1 X21.6093 Y26.6601
G1 X21.6108 Y26.6809
G1 X21.6147 Y26.7593
G1 X21.6152 Y26.7802
G1 X21.6151 Y27.7906
G1 X21.6108 Y27.8795
G1 X21.6093 Y27.9003
G1 X21.6067 Y27.9210
G1 X21.5952 Y27.9986
G1 X21.5917 Y28.0192
G1 X21.5871 Y28.0395
G1 X21.5654 Y28.1258
G1 X21.5625 Y28.1358
G1 X21.5559 Y28.1556
G1 X21.5295 Y28.2295
G1 X21.5220 Y28.2490
G1 X21.5135 Y28.2681
G1 X21.4799 Y28.3390
G1 X21.4706 Y28.3577
G1 X21.4603 Y28.3758
G1 X21.4199 Y28.4431
G1 X21.4088 Y28.4608
G1 X21.3967 Y28.4778
G1 X21.3500 Y28.5409
G1 X21.3371 Y28.5573
G1 X21.3304 Y28.5653
G1 X21.2708 Y28.6313
G1 X21.2564 Y28.6464
G1 X21.2413 Y28.6608
G1 X21.1831 Y28.7135
G1 X21.1673 Y28.7271
G1 X21.1509 Y28.7400
G1 X21.0878 Y28.7867
G1 X21.0708 Y28.7988
G1 X21.0531 Y28.8099
G1 X20.9858 Y28.8503
G1 X20.9677 Y28.8606
G1 X20.9490 Y28.8699
G1 X20.8781 Y28.9035
G1 X20.8590 Y28.9120
G1 X20.8493 Y28.9158
G1 X20.7656 Y28.9459
G1 X20.7458 Y28.9525
G1 X20.7257 Y28.9580
G1 X20.6495 Y28.9771
G1 X20.6292 Y28.9817
G1 X20.6086 Y28.9852
G1 X20.5310 Y28.9967
G1 X20.5103 Y28.9993
G1 X20.4895 Y29.0008
G1 X20.4111 Y29.0047
G1 X20.3902 Y29.0052
G1 X20.3693 Y29.0047
G1 X20.2909 Y29.0008
G1 X20.2701 Y28.9993
G1 X20.2494 Y28.9967
G1 X20.1718 Y28.9852
G1 X20.1512 Y28.9817
G1 X20.1309 Y28.9771
G1 X20.0547 Y28.9580
G1 X20.0346 Y28.9525
G1 X20.0148 Y28.9459
G1 X19.9409 Y28.9195
G1 X19.9214 Y28.9120
G1 X19.9023 Y28.9035
G1 X19.8314 Y28.8699
G1 X19.8127 Y28.8606
G1 X19.7946 Y28.8503
G1 X19.7273 Y28.8099
G1 X19.7096 Y28.7988
G1 X19.6926 Y28.7867
G1 X19.6295 Y28.7400
G1 X19.6212 Y28.7337
G1 X19.6051 Y28.7204
G1 X19.5391 Y28.6608
G1 X19.5240 Y28.6464
G1 X19.5096 Y28.6313
G1 X19.4569 Y28.5731
G1 X19.4433 Y28.5573
G1 X19.4367 Y28.5492
G1 X19.3776 Y28.4694
G1 X19.3660 Y28.4520
G1 X19.3605 Y28.4431
G1 X19.3201 Y28.3758
G1 X19.3098 Y28.3577
G1 X19.3005 Y28.3390
G1 X19.2669 Y28.2681
G1 X19.2584 Y28.2490
G1 X19.2509 Y28.2295
G1 X19.2245 Y28.1556
G1 X19.2179 Y28.1358
G1 X19.2124 Y28.1157
G1 X19.1933 Y28.0395
G1 X19.1887 Y28.0192
G1 X19.1852 Y27.9986
G1 X19.1737 Y27.9210
G1 X19.1711 Y27.9003
G1 X19.1696 Y27.8795
G1 X19.1657 Y27.8011
G1 X19.1652 Y27.7802
G1 X19.1653 Y26.7698
G1 X19.1696 Y26.6809
G1 X19.1711 Y26.6601
G1 X19.1737 Y26.6394
G1 X19.1868 Y26.5515
G1 X19.1887 Y26.5412
G1 X19.1933 Y26.5209
G1 X19.2124 Y26.4447
G1 X19.2179 Y26.4246
G1 X19.2245 Y26.4048
G1 X19.2509 Y26.3309
G1 X19.2584 Y26.3114
G1 X19.2669 Y26.2923
G1 X19.3005 Y26.2214
G1 X19.3050 Y26.2120
G1 X19.3149 Y26.1936
G1 X19.3605 Y26.1173
G1 X19.3716 Y26.0996
G1 X19.3837 Y26.0826
G1 X19.4367 Y26.0112
G1 X19.4433 Y26.0031
G1 X19.4569 Y25.9873
G1 X19.5167 Y25.9215
G1 X19.5315 Y25.9067
G1 X19.5650 Y25.8761
G1 X19.5650 Y23.7952
G1 X19.5415 Y23.7737
G1 X19.5267 Y23.7589
G1 X19.4600 Y23.6853
G1 X19.4533 Y23.6773
G1 X19.4404 Y23.6609
G1 X19.3937 Y23.5978
G1 X19.3816 Y23.5808
G1 X19.3760 Y23.5720
G1 X19.3301 Y23.4958
G1 X19.3198 Y23.4777
G1 X19.3105 Y23.4590
G1 X19.2769 Y23.3881
G1 X19.2684 Y23.3690
G1 X19.2609 Y23.3495
G1 X19.2345 Y23.2756
G1 X19.2279 Y23.2558
G1 X19.2250 Y23.2458
G1 X19.2033 Y23.1595
G1 X19.2009 Y23.1494
G1 X19.1968 Y23.1289
G1 X19.1822 Y23.0306
G1 X19.1802 Y23.0099
G1 X19.1796 Y22.9995
G1 X19.1757 Y22.9211
G1 X19.1752 Y22.9002
G1 X19.1752 Y22.3422
G1 X17.0784 Y20.2454
G1 X-1.8880 Y20.2454
G1 X-8.0261 Y26.3836
G1 X-7.9729 Y26.4725
G1 X-7.9626 Y26.4906
G1 X-7.9532 Y26.5092
G1 X-7.9008 Y26.6201
G1 X-7.8923 Y26.6392
G1 X-7.8848 Y26.6587
G1 X-7.8401 Y26.7840
G1 X-7.8369 Y26.7940
G1 X-7.8314 Y26.8141
G1 X-7.8016 Y26.9331
G1 X-7.7970 Y26.9534
G1 X-7.7934 Y26.9740
G1 X-7.7754 Y27.0953
G1 X-7.7729 Y27.1160
G1 X-7.7720 Y27.1264
G1 X-7.7653 Y27.2593
G1 X-7.7648 Y27.2802
G1 X-7.7653 Y27.3011
G1 X-7.7713 Y27.4236
G1 X-7.7729 Y27.4444
G1 X-7.7754 Y27.4651
G1 X-7.7934 Y27.5864
G1 X-7.7970 Y27.6070
G1 X-7.8016 Y27.6273
G1 X-7.8314 Y27.7463
G1 X-7.8369 Y27.7664
G1 X-7.8435 Y27.7862
G1 X-7.8848 Y27.9017
G1 X-7.8923 Y27.9212
G1 X-7.8964 Y27.9308
G1 X-7.9532 Y28.0512
G1 X-7.9626 Y28.0698
G1 X-7.9729 Y28.0879
G1 X-8.0359 Y28.1932
G1 X-8.0471 Y28.2108
G1 X-8.0591 Y28.2278
G1 X-8.1322 Y28.3264
G1 X-8.1450 Y28.3428
G1 X-8.1586 Y28.3586
G1 X-8.2410 Y28.4495
G1 X-8.2554 Y28.4646
G1 X-8.2705 Y28.4790
G1 X-8.3614 Y28.5614
G1 X-8.3772 Y28.5750
G1 X-8.3936 Y28.5878
G1 X-8.4922 Y28.6609
G1 X-8.5092 Y28.6729
G1 X-8.5268 Y28.6841
G1 X-8.6321 Y28.7471
G1 X-8.6502 Y28.7574
G1 X-8.6688 Y28.7668
G1 X-8.7797 Y28.8192
G1 X-8.7988 Y28.8277
G1 X-8.8183 Y28.8352
G1 X-8.9338 Y28.8765
G1 X-8.9536 Y28.8831
G1 X-8.9737 Y28.8886
G1 X-9.0927 Y28.9184
G1 X-9.1130 Y28.9230
G1 X-9.1233 Y28.9249
G1 X-9.2549 Y28.9446
G1 X-9.2756 Y28.9471
G1 X-9.2964 Y28.9487
G1 X-9.4294 Y28.9551
G1 X-10.7502 Y28.9551
G1 X-10.8832 Y28.9487
G1 X-10.9040 Y28.9471
G1 X-10.9247 Y28.9446
G1 X-11.0460 Y28.9266
G1 X-11.0666 Y28.9230
G1 X-11.0869 Y28.9184
G1 X-11.2160 Y28.8860
G1 X-11.2260 Y28.8831
G1 X-11.2458 Y28.8765
G1 X-11.3613 Y28.8352
G1 X-11.3808 Y28.8277
G1 X-11.3999 Y28.8192
G1 X-11.5108 Y28.7668
G1 X-11.5294 Y28.7574
G1 X-11.5475 Y28.7471
G1 X-11.6528 Y28.6841
G1 X-11.6704 Y28.6729
G1 X-11.6874 Y28.6609
G1 X-11.7860 Y28.5878
G1 X-11.8024 Y28.5750
G1 X-11.8182 Y28.5614
G1 X-11.9091 Y28.4790
G1 X-11.9242 Y28.4646
G1 X-11.9386 Y28.4495
G1 X-12.0210 Y28.3586
G1 X-12.0346 Y28.3428
G1 X-12.0474 Y28.3264
G1 X-12.1205 Y28.2278
G1 X-12.1325 Y28.2108
G1 X-12.1437 Y28.1932
G1 X-12.2067 Y28.0879
G1 X-12.2120 Y28.0789
G1 X-12.2218 Y28.0605
G1 X-12.2788 Y27.9403
G1 X-12.2873 Y27.9212
G1 X-12.2948 Y27.9017
G1 X-12.3361 Y27.7862
G1 X-12.3427 Y27.7664
G1 X-12.3482 Y27.7463
G1 X-12.3780 Y27.6273
G1 X-12.3826 Y27.6070
G1 X-12.3862 Y27.5864
G1 X-12.4042 Y27.4651
G1 X-12.4067 Y27.4444
G1 X-12.4083 Y27.4236
G1 X-12.4143 Y27.3011
G1 X-12.4148 Y27.2802
G1 X-12.4143 Y27.2593
G1 X-12.4076 Y27.1264
G1 X-12.4056 Y27.1057
G1 X-12.4042 Y27.0953
G1 X-12.3862 Y26.9740
G1 X-12.3826 Y26.9534
G1 X-12.3780 Y26.9331
G1 X-12.3482 Y26.8141
G1 X-12.3427 Y26.7940
G1 X-12.3361 Y26.7742
G1 X-12.2948 Y26.6587
G1 X-12.2873 Y26.6392
G1 X-12.2788 Y26.6201
G1 X-12.2264 Y26.5092
G1 X-12.2170 Y26.4906
G1 X-12.2120 Y26.4815
G1 X-12.1437 Y26.3672
G1 X-12.1325 Y26.3496
G1 X-12.1205 Y26.3326
G1 X-12.0474 Y26.2340
G1 X-12.0346 Y26.2176
G1 X-12.0210 Y26.2018
G1 X-11.9386 Y26.1109
G1 X-11.9242 Y26.0958
G1 X-11.9167 Y26.0885
G1 X-11.8182 Y25.9990
G1 X-11.8024 Y25.9854
G1 X-11.7860 Y25.9726
G1 X-11.6874 Y25.8995
G1 X-11.6704 Y25.8875
G1 X-11.6528 Y25.8763
G1 X-11.5475 Y25.8133
G1 X-11.5294 Y25.8030
G1 X-11.5108 Y25.7936
G1 X-11.3999 Y25.7412
G1 X-11.3808 Y25.7327
G1 X-11.3613 Y25.7252
G1 X-11.2458 Y25.6839
G1 X-11.2260 Y25.6773
G1 X-11.2059 Y25.6718
G1 X-11.0869 Y25.6420
G1 X-11.0666 Y25.6374
G1 X-11.0460 Y25.6338
G1 X-10.9247 Y25.6158
G1 X-10.9040 Y25.6133
G1 X-10.8832 Y25.6117
G1 X-10.7502 Y25.6053
G1 X-9.5818 Y25.6052
G1 X-9.0223 Y25.0457
G1 X-11.3950 Y25.0457
G1 Z2.0000
G1 X-9.4320 Y24.5357
G1 F60.00
G1 Z0.3
G1 F120.00
G1 X-8.5123 Y24.5357
G1 X-8.9220 Y24.0257
G1 X-8.0023 Y24.0257
G1 X-8.4120 Y23.5157
G1 X-7.4923 Y23.5157
G1 X-7.9020 Y23.0057
G1 X-6.9823 Y23.0057
G1 X-7.3920 Y22.4957
G1 X-6.4723 Y22.4957
G1 X-6.8820 Y21.9857
G1 X-5.9623 Y21.9857
G1 X-6.3720 Y21.4757
G1 X-5.4523 Y21.4757
G1 X-5.8620 Y20.9657
G1 X-4.9423 Y20.9657
G1 X-5.3520 Y20.4557
G1 X-4.4323 Y20.4557
G1 X-4.8420 Y19.9457
G1 X-3.9223 Y19.9457
G1 X-4.3320 Y19.4357
G1 X-3.4123 Y19.4357
G1 X-3.8220 Y18.9257
G1 X-2.9023 Y18.9257
G1 Z2.0000
G1 X4.8409 Y25.5557
G1 F60.00
G1 Z0.3
G1 F120.00
G1 X9.2695 Y25.5557
G1 X8.8572 Y26.0657
G1 X9.8012 Y26.0657
G1 X9.3890 Y26.5757
G1 X10.3424 Y26.5757
G1 X9.9327 Y27.0857
G1 X10.8524 Y27.0857
G1 X10.4427 Y27.5957
G1 X11.3624 Y27.5957
G1 X10.9527 Y28.1057
G1 X11.8724 Y28.1057
G1 X11.4627 Y28.6157
G1 X12.4025 Y28.6157
G1 X11.9727 Y29.1257
G1 X14.4850 Y29.1257
G1 X14.4850 Y29.6357
G1 X12.4827 Y29.6357
G1 X12.9927 Y30.1457
G1 X14.4850 Y30.1457
G1 X14.4850 Y30.6557
G1 X13.5027 Y30.6557
G1 X14.0127 Y31.1657
G1 X14.3414 Y31.1657
G1 Z2.0000
G1 X16.1354 Y30.6557
G1 F60.00
G1 Z0.3
G1 F120.00
G1 X17.4787 Y30.6557
G1 Z2.0000
G1 X17.0764 Y30.1457
G1 F60.00
G1 Z0.3
G1 F120.00
G1 X16.1354 Y30.1457
G1 X16.1354 Y29.6357
G1 X17.0250 Y29.6357
G1 X17.0250 Y29.1257
G1 X16.1354 Y29.1257
G1 X16.2049 Y28.6157
G1 X16.9555 Y28.6157
G1 Z2.0000
G1 X16.6699 Y28.1057
G1 F60.00
G1 Z0.3
G1 F120.00
G1 X16.4905 Y28.1057
G1 Z2.0000
G1 X16.5352 Y27.5957
G1 F60.00
G1 Z0.3
G1 F120.00
G1 X16.6252 Y27.5957
G1 X16.6252 Y27.0857
G1 X16.5352 Y27.0857
G1 Z2.0000
G1 X16.5173 Y26.5757
G1 F60.00
G1 Z0.3
G1 F120.00
G1 X16.6431 Y26.5757
G1 Z2.0000
G1 X16.8562 Y26.0657
G1 F60.00
G1 Z0.3
G1 F120.00
G1 X16.3042 Y26.0657
G1 X17.0250 Y25.5557
G1 X15.3307 Y25.5557
G1 Z2.0000
G1 X15.2897 Y25.5557
G1 F60.00
G1 Z0.3
G1 F120.00
G1 X13.8858 Y25.5557
G1 X13.5761 Y26.0657
G1 X14.3162 Y26.0657
G1 Z2.0000
G1 X14.1031 Y26.5757
G1 F60.00
G1 Z0.3
G1 F120.00
G1 X13.4454 Y26.5757
G1 X13.4347 Y27.0857
G1 X14.0852 Y27.0857
G1 X14.0852 Y27.5957
G1 X13.4347 Y27.5957
G1 Z2.0000
G1 X13.4422 Y28.1057
G1 F60.00
G1 Z0.3
G1 F120.00
G1 X14.1299 Y28.1057
G1 Z2.0000
G1 X14.4155 Y28.6157
G1 F60.00
G1 Z0.3
G1 F120.00
G1 X13.1475 Y28.6157
G1 Z2.0000
G1 X11.1687 Y30.6557
G1 F60.00
G1 Z0.3
G1 F120.00
G1 X10.2490 Y30.6557
G1 X10.6587 Y30.1457
G1 X9.7390 Y30.1457
G1 X10.1487 Y29.6357
G1 X9.2290 Y29.6357
G1 X9.6387 Y29.1257
G1 X4.9896 Y29.1257
G1 X5.3966 Y28.6157
G1 X4.4979 Y28.6157
G1 X4.2303 Y28.1057
G1 X4.9489 Y28.1057
G1 Z2.0000
G1 X4.7603 Y27.5957
G1 F60.00
G1 Z0.3
G1 F120.00
G1 X4.1005 Y27.5957
G1 X4.0869 Y27.0857
G1 X4.7422 Y27.0857
G1 Z2.0000
G1 X4.8872 Y26.5757
G1 F60.00
G1 Z0.3
G1 F120.00
G1 X4.1880 Y26.5757
G1 X4.4219 Y26.0657
G1 X5.2532 Y26.0657
G1 X5.7500 Y25.0457
G1 X8.3604 Y25.0457
G1 Z2.0000
G1 X8.9318 Y28.4188
G1 F60.00
G1 Z0.3
G1 F120.00
G1 X8.8969 Y28.4571
G1 X8.8821 Y28.4719
G1 X8.7836 Y28.5614
G1 X8.7758 Y28.5683
G1 X8.7597 Y28.5815
G1 X8.6528 Y28.6609
G1 X8.6358 Y28.6729
G1 X8.6182 Y28.6841
G1 X8.5129 Y28.7471
G1 X8.4948 Y28.7574
G1 X8.4855 Y28.7622
G1 X8.3653 Y28.8192
G1 X8.3462 Y28.8277
G1 X8.3267 Y28.8352
G1 X8.2112 Y28.8765
G1 X8.1914 Y28.8831
G1 X8.1713 Y28.8886
G1 X8.0523 Y28.9184
G1 X8.0320 Y28.9230
G1 X8.0114 Y28.9266
G1 X7.8797 Y28.9460
G1 X7.8590 Y28.9480
G1 X7.8486 Y28.9487
G1 X7.7261 Y28.9547
G1 X7.7052 Y28.9552
G1 X6.4052 Y28.9552
G1 X6.3843 Y28.9547
G1 X6.2618 Y28.9487
G1 X6.2514 Y28.9480
G1 X6.2307 Y28.9460
G1 X6.0990 Y28.9266
G1 X6.0784 Y28.9230
G1 X6.0581 Y28.9184
G1 X5.9391 Y28.8886
G1 X5.9190 Y28.8831
G1 X5.8992 Y28.8765
G1 X5.7837 Y28.8352
G1 X5.7642 Y28.8277
G1 X5.7546 Y28.8236
G1 X5.6342 Y28.7668
G1 X5.6156 Y28.7574
G1 X5.5975 Y28.7471
G1 X5.4922 Y28.6841
G1 X5.4746 Y28.6729
G1 X5.4576 Y28.6609
G1 X5.3590 Y28.5878
G1 X5.3426 Y28.5750
G1 X5.3268 Y28.5614
G1 X5.2359 Y28.4790
G1 X5.2208 Y28.4646
G1 X5.2064 Y28.4495
G1 X5.1240 Y28.3586
G1 X5.1104 Y28.3428
G1 X5.0976 Y28.3264
G1 X5.0245 Y28.2278
G1 X5.0125 Y28.2108
G1 X5.0013 Y28.1932
G1 X4.9383 Y28.0879
G1 X4.9280 Y28.0698
G1 X4.9186 Y28.0512
G1 X4.8662 Y27.9403
G1 X4.8577 Y27.9212
G1 X4.8502 Y27.9017
G1 X4.8089 Y27.7862
G1 X4.8023 Y27.7664
G1 X4.7968 Y27.7463
G1 X4.7670 Y27.6273
G1 X4.7624 Y27.6070
G1 X4.7588 Y27.5864
G1 X4.7408 Y27.4651
G1 X4.7383 Y27.4444
G1 X4.7367 Y27.4236
G1 X4.7307 Y27.3011
G1 X4.7302 Y27.2802
G1 X4.7307 Y27.2593
G1 X4.7367 Y27.1368
G1 X4.7383 Y27.1160
G1 X4.7408 Y27.0953
G1 X4.7588 Y26.9740
G1 X4.7624 Y26.9534
G1 X4.7670 Y26.9331
G1 X4.7968 Y26.8141
G1 X4.8023 Y26.7940
G1 X4.8089 Y26.7742
G1 X4.8502 Y26.6587
G1 X4.8577 Y26.6392
G1 X4.8618 Y26.6296
G1 X4.9186 Y26.5092
G1 X4.9280 Y26.4906
G1 X4.9383 Y26.4725
G1 X5.0013 Y26.3672
G1 X5.0125 Y26.3496
G1 X5.0245 Y26.3326
G1 X5.0976 Y26.2340
G1 X5.1104 Y26.2176
G1 X5.1240 Y26.2018
G1 X5.2064 Y26.1109
G1 X5.2208 Y26.0958
G1 X5.2359 Y26.0814
G1 X5.3268 Y25.9990
G1 X5.3426 Y25.9854
G1 X5.3590 Y25.9726
G1 X5.4576 Y25.8995
G1 X5.4746 Y25.8875
G1 X5.4922 Y25.8763
G1 X5.5975 Y25.8133
G1 X5.6156 Y25.8030
G1 X5.6342 Y25.7936
G1 X5.7451 Y25.7412
G1 X5.7642 Y25.7327
G1 X5.7837 Y25.7252
G1 X5.8992 Y25.6839
G1 X5.9190 Y25.6773
G1 X5.9391 Y25.6718
G1 X6.0682 Y25.6395
G1 X6.0784 Y25.6374
G1 X6.0990 Y25.6338
G1 X6.2203 Y25.6158
G1 X6.2410 Y25.6133
G1 X6.2618 Y25.6117
G1 X6.3948 Y25.6053
G1 X7.7052 Y25.6052
G1 X7.7261 Y25.6057
G1 X7.8590 Y25.6124
G1 X7.8694 Y25.6133
G1 X7.8901 Y25.6158
G1 X8.0114 Y25.6338
G1 X8.0320 Y25.6374
G1 X8.0523 Y25.6420
G1 X8.1713 Y25.6718
G1 X8.1914 Y25.6773
G1 X8.2112 Y25.6839
G1 X8.3267 Y25.7252
G1 X8.3462 Y25.7327
G1 X8.3653 Y25.7412
G1 X8.4855 Y25.7982
G1 X8.4948 Y25.8030
G1 X8.5129 Y25.8133
G1 X8.6182 Y25.8763
G1 X8.6358 Y25.8875
G1 X8.6528 Y25.8995
G1 X8.7514 Y25.9726
G1 X8.7678 Y25.9854
G1 X8.7836 Y25.9990
G1 X8.8745 Y26.0814
G1 X8.8896 Y26.0958
G1 X8.9040 Y26.1109
G1 X8.9864 Y26.2018
G1 X9.0000 Y26.2176
G1 X9.0128 Y26.2340
G1 X9.0859 Y26.3326
G1 X9.0979 Y26.3496
G1 X9.1091 Y26.3672
G1 X9.1793 Y26.4849
G1 X9.1897 Y26.4876
G1 X9.2097 Y26.4937
G1 X9.2565 Y26.5103
G1 X9.2760 Y26.5178
G1 X9.2951 Y26.5263
G1 X9.3306 Y26.5431
G1 X9.3492 Y26.5524
G1 X9.3583 Y26.5575
G1 X9.4010 Y26.5829
G1 X9.4187 Y26.5941
G1 X9.4357 Y26.6061
G1 X9.4673 Y26.6295
G1 X9.4756 Y26.6358
G1 X9.4917 Y26.6490
G1 X9.5362 Y26.6894
G1 X14.2245 Y31.3775
G1 X14.2605 Y31.3014
G1 X14.2698 Y31.2827
G1 X14.2801 Y31.2646
G1 X14.3205 Y31.1973
G1 X14.3316 Y31.1796
G1 X14.3437 Y31.1626
G1 X14.3904 Y31.0995
G1 X14.4033 Y31.0831
G1 X14.4169 Y31.0673
G1 X14.4696 Y31.0091
G1 X14.4850 Y30.9930
G1 X14.4850 Y28.6843
G1 X14.4515 Y28.6537
G1 X14.4367 Y28.6389
G1 X14.3769 Y28.5731
G1 X14.3633 Y28.5573
G1 X14.3567 Y28.5492
G1 X14.3037 Y28.4778
G1 X14.2916 Y28.4608
G1 X14.2805 Y28.4431
G1 X14.2349 Y28.3668
G1 X14.2298 Y28.3577
G1 X14.2205 Y28.3390
G1 X14.1869 Y28.2681
G1 X14.1784 Y28.2490
G1 X14.1709 Y28.2295
G1 X14.1445 Y28.1556
G1 X14.1379 Y28.1358
G1 X14.1350 Y28.1258
G1 X14.1133 Y28.0395
G1 X14.1087 Y28.0192
G1 X14.1052 Y27.9986
G1 X14.0937 Y27.9210
G1 X14.0911 Y27.9003
G1 X14.0896 Y27.8795
G1 X14.0853 Y27.7906
G1 X14.0853 Y26.7698
G1 X14.0896 Y26.6809
G1 X14.0911 Y26.6601
G1 X14.0937 Y26.6394
G1 X14.1068 Y26.5515
G1 X14.1109 Y26.5310
G1 X14.1133 Y26.5209
G1 X14.1324 Y26.4447
G1 X14.1379 Y26.4246
G1 X14.1445 Y26.4048
G1 X14.1709 Y26.3309
G1 X14.1784 Y26.3114
G1 X14.1869 Y26.2923
G1 X14.2205 Y26.2214
G1 X14.2298 Y26.2027
G1 X14.2349 Y26.1936
G1 X14.2860 Y26.1084
G1 X14.2916 Y26.0996
G1 X14.3037 Y26.0826
G1 X14.3504 Y26.0195
G1 X14.3633 Y26.0031
G1 X14.3769 Y25.9873
G1 X14.4296 Y25.9291
G1 X14.4440 Y25.9140
G1 X14.4591 Y25.8996
G1 X14.5173 Y25.8469
G1 X14.5331 Y25.8333
G1 X14.5495 Y25.8204
G1 X14.6126 Y25.7737
G1 X14.6296 Y25.7616
G1 X14.6473 Y25.7505
G1 X14.7146 Y25.7101
G1 X14.7327 Y25.6998
G1 X14.7514 Y25.6905
G1 X14.8223 Y25.6569
G1 X14.8414 Y25.6484
G1 X14.8609 Y25.6409
G1 X14.9348 Y25.6145
G1 X14.9546 Y25.6079
G1 X14.9747 Y25.6024
G1 X15.0509 Y25.5833
G1 X15.0712 Y25.5787
G1 X15.0918 Y25.5752
G1 X15.1694 Y25.5637
G1 X15.1901 Y25.5611
G1 X15.2109 Y25.5596
G1 X15.2893 Y25.5557
G1 X15.2998 Y25.5553
G1 X15.3206 Y25.5553
G1 X15.4095 Y25.5596
G1 X15.4303 Y25.5611
G1 X15.4510 Y25.5637
G1 X15.5286 Y25.5752
G1 X15.5492 Y25.5787
G1 X15.5594 Y25.5809
G1 X15.6558 Y25.6050
G1 X15.6757 Y25.6111
G1 X15.6856 Y25.6145
G1 X15.7595 Y25.6409
G1 X15.7790 Y25.6484
G1 X15.7981 Y25.6569
G1 X15.8690 Y25.6905
G1 X15.8784 Y25.6950
G1 X15.8968 Y25.7049
G1 X15.9820 Y25.7560
G1 X15.9908 Y25.7616
G1 X16.0078 Y25.7737
G1 X16.0709 Y25.8204
G1 X16.0873 Y25.8333
G1 X16.1031 Y25.8469
G1 X16.1613 Y25.8996
G1 X16.1764 Y25.9140
G1 X16.1837 Y25.9215
G1 X16.2504 Y25.9951
G1 X16.2571 Y26.0031
G1 X16.2700 Y26.0195
G1 X16.3167 Y26.0826
G1 X16.3288 Y26.0996
G1 X16.3344 Y26.1084
G1 X16.3803 Y26.1846
G1 X16.3906 Y26.2027
G1 X16.3999 Y26.2214
G1 X16.4335 Y26.2923
G1 X16.4420 Y26.3114
G1 X16.4495 Y26.3309
G1 X16.4759 Y26.4048
G1 X16.4793 Y26.4147
G1 X16.4854 Y26.4346
G1 X16.5071 Y26.5209
G1 X16.5095 Y26.5310
G1 X16.5136 Y26.5515
G1 X16.5282 Y26.6498
G1 X16.5302 Y26.6705
G1 X16.5308 Y26.6809
G1 X16.5347 Y26.7593
G1 X16.5352 Y26.7802
G1 X16.5351 Y27.7906
G1 X16.5308 Y27.8795
G1 X16.5293 Y27.9003
G1 X16.5267 Y27.9210
G1 X16.5152 Y27.9986
G1 X16.5117 Y28.0192
G1 X16.5071 Y28.0395
G1 X16.4880 Y28.1157
G1 X16.4825 Y28.1358
G1 X16.4759 Y28.1556
G1 X16.4495 Y28.2295
G1 X16.4420 Y28.2490
G1 X16.4335 Y28.2681
G1 X16.3999 Y28.3390
G1 X16.3906 Y28.3577
G1 X16.3855 Y28.3668
G1 X16.3399 Y28.4431
G1 X16.3288 Y28.4608
G1 X16.3167 Y28.4778
G1 X16.2637 Y28.5492
G1 X16.2571 Y28.5573
G1 X16.2435 Y28.5731
G1 X16.1837 Y28.6389
G1 X16.1689 Y28.6537
G1 X16.1354 Y28.6843
G1 X16.1354 Y30.9201
G1 X16.2013 Y30.9796
G1 X16.2164 Y30.9940
G1 X16.2308 Y31.0091
G1 X16.2835 Y31.0673
G1 X16.2971 Y31.0831
G1 X16.3100 Y31.0995
G1 X16.3567 Y31.1626
G1 X16.3688 Y31.1796
G1 X16.3799 Y31.1973
G1 X16.4203 Y31.2646
G1 X16.4306 Y31.2827
G1 X16.4399 Y31.3014
G1 X16.4735 Y31.3723
G1 X16.4820 Y31.3914
G1 X16.4858 Y31.4011
G1 X16.5159 Y31.4848
G1 X16.5225 Y31.5046
G1 X16.5280 Y31.5247
G1 X16.5495 Y31.6110
G1 X16.5517 Y31.6212
G1 X16.5552 Y31.6418
G1 X16.5667 Y31.7194
G1 X16.5693 Y31.7401
G1 X16.5708 Y31.7609
G1 X16.5751 Y31.8498
G1 X16.5752 Y32.8602
G1 X16.5747 Y32.8811
G1 X16.5708 Y32.9595
G1 X16.5693 Y32.9803
G1 X16.5667 Y33.0010
G1 X16.5552 Y33.0786
G1 X16.5517 Y33.0992
G1 X16.5471 Y33.1195
G1 X16.5280 Y33.1957
G1 X16.5254 Y33.2058
G1 X16.5193 Y33.2257
G1 X16.4895 Y33.3095
G1 X16.4820 Y33.3290
G1 X16.4735 Y33.3481
G1 X16.4399 Y33.4190
G1 X16.4306 Y33.4377
G1 X16.4203 Y33.4558
G1 X16.3799 Y33.5231
G1 X16.3744 Y33.5320
G1 X16.3628 Y33.5494
G1 X16.3100 Y33.6209
G1 X16.2971 Y33.6373
G1 X16.2835 Y33.6531
G1 X16.2308 Y33.7113
G1 X16.2164 Y33.7264
G1 X16.2013 Y33.7408
G1 X16.1431 Y33.7935
G1 X16.1273 Y33.8071
G1 X16.1192 Y33.8137
G1 X16.0478 Y33.8667
G1 X16.0308 Y33.8788
G1 X16.0131 Y33.8899
G1 X15.9368 Y33.9355
G1 X15.9184 Y33.9454
G1 X15.9090 Y33.9499
G1 X15.8381 Y33.9835
G1 X15.8190 Y33.9920
G1 X15.7995 Y33.9995
G1 X15.7256 Y34.0259
G1 X15.7058 Y34.0325
G1 X15.6857 Y34.0380
G1 X15.6095 Y34.0571
G1 X15.5994 Y34.0595
G1 X15.5789 Y34.0636
G1 X15.4806 Y34.0782
G1 X15.4599 Y34.0802
G1 X15.4495 Y34.0808
G1 X15.3711 Y34.0847
G1 X15.3502 Y34.0852
G1 X15.3293 Y34.0847
G1 X15.2509 Y34.0808
G1 X15.2301 Y34.0793
G1 X15.2094 Y34.0767
G1 X15.1318 Y34.0652
G1 X15.1112 Y34.0617
G1 X15.0909 Y34.0571
G1 X15.0147 Y34.0380
G1 X14.9946 Y34.0325
G1 X14.9748 Y34.0259
G1 X14.9009 Y33.9995
G1 X14.8814 Y33.9920
G1 X14.8623 Y33.9835
G1 X14.7914 Y33.9499
G1 X14.7727 Y33.9406
G1 X14.7546 Y33.9303
G1 X14.6873 Y33.8899
G1 X14.6696 Y33.8788
G1 X14.6526 Y33.8667
G1 X14.5895 Y33.8200
G1 X14.5731 Y33.8071
G1 X14.5651 Y33.8004
G1 X14.4991 Y33.7408
G1 X14.4840 Y33.7264
G1 X14.4696 Y33.7113
G1 X14.4169 Y33.6531
G1 X14.4033 Y33.6373
G1 X14.3904 Y33.6209
G1 X14.3437 Y33.5578
G1 X14.3316 Y33.5408
G1 X14.3205 Y33.5231
G1 X14.2801 Y33.4558
G1 X14.2698 Y33.4377
G1 X14.2605 Y33.4190
G1 X14.2226 Y33.3386
G1 X14.2146 Y33.3193
G1 X14.2109 Y33.3095
G1 X14.1845 Y33.2356
G1 X14.1779 Y33.2158
G1 X14.1698 Y33.1854
G1 X14.0298 Y33.1853
G1 X13.9801 Y33.1830
G1 X13.9593 Y33.1814
G1 X13.9386 Y33.1789
G1 X13.8998 Y33.1731
G1 X13.8792 Y33.1695
G1 X13.8589 Y33.1650
G1 X13.8208 Y33.1554
G1 X13.8007 Y33.1499
G1 X13.7907 Y33.1467
G1 X13.7341 Y33.1265
G1 X13.7148 Y33.1185
G1 X13.6605 Y33.0928
G1 X13.6512 Y33.0880
G1 X13.6331 Y33.0777
G1 X13.5994 Y33.0575
G1 X13.5817 Y33.0463
G1 X13.5647 Y33.0343
G1 X13.5331 Y33.0109
G1 X13.5248 Y33.0046
G1 X13.5087 Y32.9914
G1 X13.4718 Y32.9581
G1 X13.4567 Y32.9437
G1 X8.9318 Y28.4188
G1 X9.1287 Y28.6157
G1 X8.7138 Y28.6157
G1 X10.7590 Y31.1657
G1 X11.6787 Y31.1657
G1 X11.2690 Y31.6757
G1 X12.1887 Y31.6757
G1 X11.7790 Y32.1857
G1 X12.6987 Y32.1857
G1 X12.2890 Y32.6957
G1 X13.2087 Y32.6957
G1 X12.7990 Y33.2057
G1 X14.1750 Y33.2057
G1 Z2.0000
G1 X14.4737 Y33.7157
G1 F60.00
G1 Z0.3
G1 F120.00
G1 X13.4570 Y33.7157
G1 Z2.0000
G1 X14.0633 Y34.2257
G1 F60.00
G1 Z0.3
G1 F120.00
G1 X16.6371 Y34.2257
G1 X17.0219 Y33.7157
G1 X16.2267 Y33.7157
G1 Z2.0000
G1 X16.5254 Y33.2057
G1 F60.00
G1 Z0.3
G1 F120.00
G1 X17.1993 Y33.2057
G1 X16.5752 Y32.6957
G1 X19.1252 Y32.6957
G1 Z2.0000
G1 X19.1750 Y33.2057
G1 F60.00
G1 Z0.3
G1 F120.00
G1 X18.5011 Y33.2057
G1 X18.6785 Y33.7157
G1 X19.4737 Y33.7157
G1 Z2.0000
G1 X19.0633 Y34.2257
G1 F60.00
G1 Z0.3
G1 F120.00
G1 X21.6371 Y34.2257
G1 X22.0219 Y33.7157
G1 X21.2267 Y33.7157
G1 Z2.0000
G1 X21.5254 Y33.2057
G1 F60.00
G1 Z0.3
G1 F120.00
G1 X22.1964 Y33.2057
G1 X22.2257 Y32.6957
G1 X21.5752 Y32.6957
G1 X21.5752 Y32.1857
G1 X22.2257 Y32.1857
G1 X22.2176 Y31.6757
G1 X21.5603 Y31.6757
G1 Z2.0000
G1 X21.3590 Y31.1657
G1 F60.00
G1 Z0.3
G1 F120.00
G1 X22.0926 Y31.1657
G1 X21.7900 Y30.6557
G1 X20.5719 Y30.6557
G1 Z2.0000
G1 X20.1285 Y30.6557
G1 F60.00
G1 Z0.3
G1 F120.00
G1 X19.8127 Y30.6557
G1 X19.3027 Y30.1457
G1 X21.3017 Y30.1457
G1 Z2.0000
G1 X21.2563 Y29.6357
G1 F60.00
G1 Z0.3
G1 F120.00
G1 X18.7927 Y29.6357
G1 Z2.0000
G1 X17.9887 Y31.1657
G1 F60.00
G1 Z0.3
G1 F120.00
G1 X16.3590 Y31.1657
G1 Z2.0000
G1 X16.5603 Y31.6757
G1 F60.00
G1 Z0.3
G1 F120.00
G1 X18.4987 Y31.6757
G1 X19.0087 Y32.1857
G1 X16.5752 Y32.1857
G1 Z2.0000
G1 X16.8787 Y25.0457
G1 F60.00
G1 Z0.3
G1 F120.00
G1 X14.3270 Y25.0457
G1 Z2.0000
G1 X14.3165 Y24.5357
G1 F60.00
G1 Z0.3
G1 F120.00
G1 X16.3687 Y24.5357
G1 X15.8661 Y24.0331
G1 X15.8495 Y24.0395
G1 X15.7756 Y24.0659
G1 X15.7558 Y24.0725
G1 X15.7357 Y24.0780
G1 X15.6595 Y24.0971
G1 X15.6392 Y24.1017
G1 X15.6186 Y24.1052
G1 X15.5410 Y24.1167
G1 X15.5203 Y24.1193
G1 X15.4995 Y24.1208
G1 X15.4211 Y24.1247
G1 X15.4002 Y24.1252
G1 X15.3793 Y24.1247
G1 X15.3009 Y24.1208
G1 X15.2801 Y24.1193
G1 X15.2594 Y24.1167
G1 X15.1818 Y24.1052
G1 X15.1612 Y24.1017
G1 X15.1409 Y24.0971
G1 X15.0647 Y24.0780
G1 X15.0446 Y24.0725
G1 X15.0248 Y24.0659
G1 X14.9509 Y24.0395
G1 X14.9314 Y24.0320
G1 X14.9123 Y24.0235
G1 X14.8414 Y23.9899
G1 X14.8227 Y23.9806
G1 X14.8046 Y23.9703
G1 X14.7373 Y23.9299
G1 X14.7196 Y23.9188
G1 X14.7110 Y23.9128
G1 X14.6395 Y23.8600
G1 X14.6312 Y23.8537
G1 X14.6151 Y23.8404
G1 X14.5415 Y23.7737
G1 X14.5340 Y23.7664
G1 X14.5196 Y23.7513
G1 X14.4600 Y23.6853
G1 X14.4533 Y23.6773
G1 X14.4404 Y23.6609
G1 X14.3937 Y23.5978
G1 X14.3816 Y23.5808
G1 X14.3705 Y23.5631
G1 X14.3301 Y23.4958
G1 X14.3249 Y23.4868
G1 X14.3150 Y23.4684
G1 X14.2726 Y23.3786
G1 X14.2646 Y23.3593
G1 X14.2609 Y23.3495
G1 X14.2311 Y23.2657
G1 X14.2279 Y23.2558
G1 X14.2224 Y23.2357
G1 X14.2033 Y23.1595
G1 X14.1987 Y23.1392
G1 X14.1952 Y23.1186
G1 X14.1822 Y23.0306
G1 X14.1802 Y23.0099
G1 X14.1796 Y22.9995
G1 X14.1757 Y22.9211
G1 X14.1752 Y22.9002
G1 X14.1752 Y21.9002
G1 X14.1757 Y21.8793
G1 X14.1796 Y21.8009
G1 X14.1811 Y21.7801
G1 X14.1837 Y21.7594
G1 X14.1952 Y21.6818
G1 X14.1987 Y21.6612
G1 X14.2033 Y21.6409
G1 X14.2224 Y21.5647
G1 X14.2279 Y21.5446
G1 X14.2345 Y21.5248
G1 X14.2609 Y21.4509
G1 X14.2684 Y21.4314
G1 X14.2769 Y21.4123
G1 X14.3105 Y21.3414
G1 X14.3198 Y21.3227
G1 X14.3301 Y21.3046
G1 X14.3705 Y21.2373
G1 X14.3816 Y21.2196
G1 X14.3937 Y21.2026
G1 X14.4404 Y21.1395
G1 X14.4467 Y21.1312
G1 X14.4600 Y21.1151
G1 X14.5196 Y21.0491
G1 X14.5340 Y21.0340
G1 X14.5491 Y21.0196
G1 X14.6073 Y20.9669
G1 X14.6231 Y20.9533
G1 X14.6395 Y20.9404
G1 X14.7026 Y20.8937
G1 X14.7196 Y20.8816
G1 X14.7373 Y20.8705
G1 X14.8046 Y20.8301
G1 X14.8227 Y20.8198
G1 X14.8414 Y20.8105
G1 X14.9123 Y20.7769
G1 X14.9218 Y20.7726
G1 X14.9411 Y20.7646
G1 X15.0248 Y20.7345
G1 X15.0446 Y20.7279
G1 X15.0647 Y20.7224
G1 X15.1409 Y20.7033
G1 X15.1612 Y20.6987
G1 X15.1818 Y20.6952
G1 X15.2594 Y20.6837
G1 X15.2801 Y20.6811
G1 X15.3009 Y20.6796
G1 X15.3793 Y20.6757
G1 X15.4002 Y20.6752
G1 X15.4211 Y20.6757
G1 X15.4995 Y20.6796
G1 X15.5099 Y20.6802
G1 X15.5306 Y20.6822
G1 X15.6186 Y20.6952
G1 X15.6392 Y20.6987
G1 X15.6595 Y20.7033
G1 X15.7357 Y20.7224
G1 X15.7558 Y20.7279
G1 X15.7756 Y20.7345
G1 X15.8495 Y20.7609
G1 X15.8690 Y20.7684
G1 X15.8881 Y20.7769
G1 X15.9590 Y20.8105
G1 X15.9777 Y20.8198
G1 X15.9958 Y20.8301
G1 X16.0631 Y20.8705
G1 X16.0808 Y20.8816
G1 X16.0978 Y20.8937
G1 X16.1609 Y20.9404
G1 X16.1773 Y20.9533
G1 X16.1931 Y20.9669
G1 X16.2513 Y21.0196
G1 X16.2664 Y21.0340
G1 X16.2808 Y21.0491
G1 X16.3335 Y21.1073
G1 X16.3471 Y21.1231
G1 X16.3600 Y21.1395
G1 X16.4067 Y21.2026
G1 X16.4188 Y21.2196
G1 X16.4299 Y21.2373
G1 X16.4703 Y21.3046
G1 X16.4806 Y21.3227
G1 X16.4899 Y21.3414
G1 X16.5278 Y21.4218
G1 X16.5358 Y21.4411
G1 X16.5395 Y21.4509
G1 X16.5659 Y21.5248
G1 X16.5725 Y21.5446
G1 X16.5780 Y21.5647
G1 X16.5971 Y21.6409
G1 X16.6017 Y21.6612
G1 X16.6052 Y21.6818
G1 X16.6167 Y21.7594
G1 X16.6193 Y21.7801
G1 X16.6208 Y21.8009
G1 X16.6247 Y21.8793
G1 X16.6252 Y21.9002
G1 X16.6252 Y22.4582
G1 X18.4410 Y24.2742
G1 X18.4814 Y24.3187
G1 X18.4946 Y24.3348
G1 X18.5304 Y24.3831
G1 X18.5420 Y24.4005
G1 X18.5475 Y24.4094
G1 X18.5677 Y24.4431
G1 X18.5780 Y24.4612
G1 X18.5873 Y24.4798
G1 X18.6041 Y24.5153
G1 X18.6126 Y24.5344
G1 X18.6165 Y24.5441
G1 X18.6367 Y24.6007
G1 X18.6428 Y24.6207
G1 X18.6454 Y24.6308
G1 X18.6574 Y24.6790
G1 X18.6615 Y24.6995
G1 X18.6689 Y24.7486
G1 X18.6714 Y24.7693
G1 X18.6730 Y24.7901
G1 X18.6753 Y24.8398
G1 X18.6754 Y25.8761
G1 X18.7089 Y25.9067
G1 X18.7237 Y25.9215
G1 X18.7904 Y25.9951
G1 X18.7971 Y26.0031
G1 X18.8100 Y26.0195
G1 X18.8628 Y26.0910
G1 X18.8744 Y26.1084
G1 X18.8799 Y26.1173
G1 X18.9203 Y26.1846
G1 X18.9306 Y26.2027
G1 X18.9399 Y26.2214
G1 X18.9778 Y26.3018
G1 X18.9820 Y26.3114
G1 X18.9895 Y26.3309
G1 X19.0159 Y26.4048
G1 X19.0225 Y26.4246
G1 X19.0280 Y26.4447
G1 X19.0471 Y26.5209
G1 X19.0517 Y26.5412
G1 X19.0552 Y26.5618
G1 X19.0667 Y26.6394
G1 X19.0693 Y26.6601
G1 X19.0708 Y26.6809
G1 X19.0747 Y26.7593
G1 X19.0752 Y26.7802
G1 X19.0752 Y27.7802
G1 X19.0747 Y27.8011
G1 X19.0708 Y27.8795
G1 X19.0693 Y27.9003
G1 X19.0667 Y27.9210
G1 X19.0552 Y27.9986
G1 X19.0517 Y28.0192
G1 X19.0471 Y28.0395
G1 X19.0280 Y28.1157
G1 X19.0225 Y28.1358
G1 X19.0159 Y28.1556
G1 X18.9895 Y28.2295
G1 X18.9820 Y28.2490
G1 X18.9735 Y28.2681
G1 X18.9354 Y28.3484
G1 X18.9255 Y28.3668
G1 X18.9203 Y28.3758
G1 X18.8799 Y28.4431
G1 X18.8688 Y28.4608
G1 X18.8567 Y28.4778
G1 X18.8037 Y28.5492
G1 X18.7904 Y28.5653
G1 X18.7835 Y28.5731
G1 X18.7237 Y28.6389
G1 X18.7089 Y28.6537
G1 X18.6754 Y28.6843
G1 X18.6754 Y29.5184
G1 X19.8843 Y30.7273
G1 X19.9009 Y30.7209
G1 X19.9748 Y30.6945
G1 X19.9946 Y30.6879
G1 X20.0147 Y30.6824
G1 X20.0909 Y30.6633
G1 X20.1112 Y30.6587
G1 X20.1318 Y30.6552
G1 X20.2094 Y30.6437
G1 X20.2301 Y30.6411
G1 X20.2509 Y30.6396
G1 X20.3293 Y30.6357
G1 X20.3502 Y30.6352
G1 X20.3711 Y30.6357
G1 X20.4495 Y30.6396
G1 X20.4703 Y30.6411
G1 X20.4910 Y30.6437
G1 X20.5686 Y30.6552
G1 X20.5892 Y30.6587
G1 X20.6095 Y30.6633
G1 X20.6857 Y30.6824
G1 X20.7058 Y30.6879
G1 X20.7256 Y30.6945
G1 X20.7995 Y30.7209
G1 X20.8190 Y30.7284
G1 X20.8381 Y30.7369
G1 X20.9090 Y30.7705
G1 X20.9277 Y30.7798
G1 X20.9458 Y30.7901
G1 X21.0131 Y30.8305
G1 X21.0308 Y30.8416
G1 X21.0478 Y30.8537
G1 X21.1109 Y30.9004
G1 X21.1273 Y30.9133
G1 X21.1431 Y30.9269
G1 X21.2013 Y30.9796
G1 X21.2164 Y30.9940
G1 X21.2308 Y31.0091
G1 X21.2835 Y31.0673
G1 X21.2971 Y31.0831
G1 X21.3100 Y31.0995
G1 X21.3567 Y31.1626
G1 X21.3688 Y31.1796
G1 X21.3799 Y31.1973
G1 X21.4203 Y31.2646
G1 X21.4306 Y31.2827
G1 X21.4399 Y31.3014
G1 X21.4735 Y31.3723
G1 X21.4820 Y31.3914
G1 X21.4858 Y31.4011
G1 X21.5159 Y31.4848
G1 X21.5225 Y31.5046
G1 X21.5280 Y31.5247
G1 X21.5471 Y31.6009
G1 X21.5517 Y31.6212
G1 X21.5552 Y31.6418
G1 X21.5667 Y31.7194
G1 X21.5693 Y31.7401
G1 X21.5708 Y31.7609
G1 X21.5747 Y31.8393
G1 X21.5752 Y31.8602
G1 X21.5751 Y32.8706
G1 X21.5708 Y32.9595
G1 X21.5693 Y32.9803
G1 X21.5667 Y33.0010
G1 X21.5552 Y33.0786
G1 X21.5517 Y33.0992
G1 X21.5495 Y33.1094
G1 X21.5280 Y33.1957
G1 X21.5254 Y33.2058
G1 X21.5193 Y33.2257
G1 X21.4858 Y33.3193
G1 X21.4778 Y33.3386
G1 X21.4735 Y33.3481
G1 X21.4354 Y33.4284
G1 X21.4306 Y33.4377
G1 X21.4203 Y33.4558
G1 X21.3799 Y33.5231
G1 X21.3688 Y33.5408
G1 X21.3567 Y33.5578
G1 X21.3100 Y33.6209
G1 X21.2971 Y33.6373
G1 X21.2835 Y33.6531
G1 X21.2308 Y33.7113
G1 X21.2164 Y33.7264
G1 X21.2013 Y33.7408
G1 X21.1431 Y33.7935
G1 X21.1273 Y33.8071
G1 X21.1109 Y33.8200
G1 X21.0478 Y33.8667
G1 X21.0308 Y33.8788
G1 X21.0131 Y33.8899
G1 X20.9458 Y33.9303
G1 X20.9368 Y33.9355
G1 X20.9184 Y33.9454
G1 X20.8381 Y33.9835
G1 X20.8190 Y33.9920
G1 X20.7995 Y33.9995
G1 X20.7157 Y34.0293
G1 X20.6958 Y34.0354
G1 X20.6857 Y34.0380
G1 X20.6095 Y34.0571
G1 X20.5892 Y34.0617
G1 X20.5686 Y34.0652
G1 X20.4910 Y34.0767
G1 X20.4703 Y34.0793
G1 X20.4495 Y34.0808
G1 X20.3711 Y34.0847
G1 X20.3502 Y34.0852
G1 X20.3293 Y34.0847
G1 X20.2509 Y34.0808
G1 X20.2301 Y34.0793
G1 X20.2094 Y34.0767
G1 X20.1318 Y34.0652
G1 X20.1112 Y34.0617
G1 X20.0909 Y34.0571
G1 X20.0147 Y34.0380
G1 X20.0046 Y34.0354
G1 X19.9847 Y34.0293
G1 X19.9009 Y33.9995
G1 X19.8814 Y33.9920
G1 X19.8623 Y33.9835
G1 X19.7820 Y33.9454
G1 X19.7636 Y33.9355
G1 X19.7546 Y33.9303
G1 X19.6873 Y33.8899
G1 X19.6696 Y33.8788
G1 X19.6526 Y33.8667
G1 X19.5895 Y33.8200
G1 X19.5731 Y33.8071
G1 X19.5573 Y33.7935
G1 X19.4915 Y33.7337
G1 X19.4840 Y33.7264
G1 X19.4696 Y33.7113
G1 X19.4169 Y33.6531
G1 X19.4033 Y33.6373
G1 X19.3904 Y33.6209
G1 X19.3437 Y33.5578
G1 X19.3316 Y33.5408
G1 X19.3205 Y33.5231
G1 X19.2801 Y33.4558
G1 X19.2698 Y33.4377
G1 X19.2605 Y33.4190
G1 X19.2269 Y33.3481
G1 X19.2184 Y33.3290
G1 X19.2109 Y33.3095
G1 X19.1845 Y33.2356
G1 X19.1779 Y33.2158
G1 X19.1724 Y33.1957
G1 X19.1533 Y33.1195
G1 X19.1487 Y33.0992
G1 X19.1468 Y33.0889
G1 X19.1322 Y32.9906
G1 X19.1302 Y32.9699
G1 X19.1296 Y32.9595
G1 X19.1257 Y32.8811
G1 X19.1252 Y32.8602
G1 X19.1252 Y32.3022
G1 X17.2594 Y30.4362
G1 X17.2259 Y30.3995
G1 X17.2123 Y30.3837
G1 X17.1995 Y30.3673
G1 X17.1700 Y30.3273
G1 X17.1584 Y30.3099
G1 X17.1327 Y30.2673
G1 X17.1275 Y30.2583
G1 X17.1176 Y30.2399
G1 X17.0919 Y30.1856
G1 X17.0839 Y30.1663
G1 X17.0637 Y30.1097
G1 X17.0576 Y30.0897
G1 X17.0430 Y30.0314
G1 X17.0389 Y30.0109
G1 X17.0301 Y29.9515
G1 X17.0290 Y29.9411
G1 X17.0274 Y29.9203
G1 X17.0255 Y29.8811
G1 X17.0250 Y29.8602
G1 X17.0250 Y28.6843
G1 X16.9915 Y28.6537
G1 X16.9767 Y28.6389
G1 X16.9100 Y28.5653
G1 X16.9033 Y28.5573
G1 X16.8904 Y28.5409
G1 X16.8376 Y28.4694
G1 X16.8316 Y28.4608
G1 X16.8205 Y28.4431
G1 X16.7801 Y28.3758
G1 X16.7698 Y28.3577
G1 X16.7605 Y28.3390
G1 X16.7226 Y28.2586
G1 X16.7184 Y28.2490
G1 X16.7109 Y28.2295
G1 X16.6845 Y28.1556
G1 X16.6779 Y28.1358
G1 X16.6724 Y28.1157
G1 X16.6533 Y28.0395
G1 X16.6487 Y28.0192
G1 X16.6452 Y27.9986
G1 X16.6337 Y27.9210
G1 X16.6311 Y27.9003
G1 X16.6296 Y27.8795
G1 X16.6253 Y27.7906
G1 X16.6253 Y26.7698
G1 X16.6296 Y26.6809
G1 X16.6311 Y26.6601
G1 X16.6337 Y26.6394
G1 X16.6452 Y26.5618
G1 X16.6487 Y26.5412
G1 X16.6533 Y26.5209
G1 X16.6750 Y26.4346
G1 X16.6779 Y26.4246
G1 X16.6845 Y26.4048
G1 X16.7109 Y26.3309
G1 X16.7184 Y26.3114
G1 X16.7269 Y26.2923
G1 X16.7605 Y26.2214
G1 X16.7698 Y26.2027
G1 X16.7749 Y26.1936
G1 X16.8205 Y26.1173
G1 X16.8316 Y26.0996
G1 X16.8437 Y26.0826
G1 X16.8967 Y26.0112
G1 X16.9033 Y26.0031
G1 X16.9169 Y25.9873
G1 X16.9767 Y25.9215
G1 X16.9915 Y25.9067
G1 X17.0250 Y25.8761
G1 X17.0250 Y25.1920
G1 X15.8661 Y24.0331
G1 Z2.0000
G1 X14.9171 Y24.0257
G1 F60.00
G1 Z0.3
G1 F120.00
G1 X13.8998 Y24.0257
G1 X13.6251 Y23.5157
G1 X14.3420 Y23.5157
G1 Z2.0000
G1 X14.1799 Y23.0057
G1 F60.00
G1 Z0.3
G1 F120.00
G1 X13.5247 Y23.0057
G1 X13.5247 Y22.4957
G1 X14.1752 Y22.4957
G1 X14.1752 Y21.9857
G1 X13.5247 Y21.9857
G1 Z2.0000
G1 X13.5358 Y21.4757
G1 F60.00
G1 Z0.3
G1 F120.00
G1 X14.2521 Y21.4757
G1 Z2.0000
G1 X14.6086 Y20.9657
G1 F60.00
G1 Z0.3
G1 F120.00
G1 X13.1694 Y20.9657
G1 Z2.0000

M107

G1 Z2.0000
G1 Z15.00


