G28
G1 z50

G90

G1 Z15.0000
G1 X0.0000 Y0.0000

M106 S255

G1 F120.00
G1 X-2.0168 Y-8.2400
G1 F60.00
G1 Z0.3
G1 F120.00
G1 X22.1670 Y-8.2400
G1 X22.6470 Y-8.7200
G1 X1.4098 Y-8.7200
G1 Z2.0000
G1 X2.2263 Y-9.2000
G1 F60.00
G1 Z0.3
G1 F120.00
G1 X23.1270 Y-9.2000
G1 X23.1902 Y-9.6800
G1 X19.1192 Y-9.6800
G1 Z2.0000
G1 X19.5343 Y-10.1600
G1 F60.00
G1 Z0.3
G1 F120.00
G1 X23.2861 Y-10.1600
G1 Z2.0000
G1 X23.6582 Y-10.6400
G1 F60.00
G1 Z0.3
G1 F120.00
G1 X19.6868 Y-10.6400
G1 Z2.0000
G1 X19.7020 Y-11.1200
G1 F60.00
G1 Z0.3
G1 F120.00
G1 X23.9898 Y-11.1200
G1 X23.9898 Y-11.6000
G1 X19.7020 Y-11.6000
G1 X19.7020 Y-12.0800
G1 X23.9898 Y-12.0800
G1 X23.9898 Y-12.5600
G1 X19.7020 Y-12.5600
G1 X19.7020 Y-13.0400
G1 X23.4238 Y-13.0400
G1 Z2.0000
G1 X23.2123 Y-13.5200
G1 F60.00
G1 Z0.3
G1 F120.00
G1 X19.7020 Y-13.5200
G1 X19.7020 Y-14.0000
G1 X23.2166 Y-14.0000
G1 Z2.0000
G1 X23.4387 Y-14.4800
G1 F60.00
G1 Z0.3
G1 F120.00
G1 X19.7020 Y-14.4800
G1 X19.7020 Y-14.9600
G1 X35.5198 Y-14.9600
G1 X35.5198 Y-15.4400
G1 X26.2371 Y-15.4400
G1 X26.3414 Y-14.4800
G1 X35.5198 Y-14.4800
G1 X35.5198 Y-14.0000
G1 X26.5635 Y-14.0000
G1 Z2.0000
G1 X26.5678 Y-13.5200
G1 F60.00
G1 Z0.3
G1 F120.00
G1 X35.5567 Y-13.5200
G1 Z2.0000
G1 X35.9083 Y-13.0400
G1 F60.00
G1 Z0.3
G1 F120.00
G1 X26.3563 Y-13.0400
G1 Z2.0000
G1 X25.7903 Y-12.5600
G1 F60.00
G1 Z0.3
G1 F120.00
G1 X36.3883 Y-12.5600
G1 X36.8683 Y-12.0800
G1 X25.7903 Y-12.0800
G1 X25.7903 Y-11.6000
G1 X37.3483 Y-11.6000
G1 X37.8283 Y-11.1200
G1 X25.7903 Y-11.1200
G1 X26.1219 Y-10.6400
G1 X38.3083 Y-10.6400
G1 X38.7883 Y-10.1600
G1 X26.4940 Y-10.1600
G1 Z2.0000
G1 X26.5899 Y-9.6800
G1 F60.00
G1 Z0.3
G1 F120.00
G1 X39.2683 Y-9.6800
G1 Z2.0000
G1 X39.8010 Y-9.2000
G1 F60.00
G1 Z0.3
G1 F120.00
G1 X26.4847 Y-9.2000
G1 Z2.0000
G1 X26.0950 Y-8.7200
G1 F60.00
G1 Z0.3
G1 F120.00
G1 X41.3853 Y-8.7200
G1 Z2.0000
G1 X42.6848 Y-8.7200
G1 F60.00
G1 Z0.3
G1 F120.00
G1 X49.0000 Y-8.7200
G1 X49.0000 Y-8.2400
G1 X43.4010 Y-8.2400
G1 Z2.0000
G1 X43.6828 Y-7.7600
G1 F60.00
G1 Z0.3
G1 F120.00
G1 X49.0000 Y-7.7600
G1 X49.0000 Y-7.2800
G1 X43.7278 Y-7.2800
G1 X43.7050 Y-6.8000
G1 X49.0000 Y-6.8000
G1 X49.0000 Y-6.3200
G1 X43.7050 Y-6.3200
G1 X43.7050 Y-5.8400
G1 X49.0000 Y-5.8400
G1 X49.0000 Y-5.3600
G1 X43.7050 Y-5.3600
G1 X43.7050 Y-4.8800
G1 X49.0000 Y-4.8800
G1 X49.0000 Y-4.4000
G1 X43.7050 Y-4.4000
G1 X43.7050 Y-3.9200
G1 X49.0000 Y-3.9200
G1 X49.0000 Y-3.4400
G1 X43.7050 Y-3.4400
G1 X43.7050 Y-2.9600
G1 X49.0000 Y-2.9600
G1 X49.0000 Y-2.4800
G1 X43.7050 Y-2.4800
G1 X43.7050 Y-2.0000
G1 X49.0000 Y-2.0000
G1 X49.0000 Y-1.5200
G1 X43.7050 Y-1.5200
G1 X43.7050 Y-1.0400
G1 X49.0000 Y-1.0400
G1 X49.0000 Y-0.5600
G1 X43.7050 Y-0.5600
G1 X43.7050 Y-0.0800
G1 X49.0000 Y-0.0800
G1 X49.0000 Y0.4000
G1 X43.7050 Y0.4000
G1 X43.7050 Y0.8800
G1 X49.0000 Y0.8800
G1 X49.0000 Y1.3600
G1 X43.7050 Y1.3600
G1 X43.7050 Y1.8400
G1 X49.0000 Y1.8400
G1 X49.0000 Y2.3200
G1 X43.7050 Y2.3200
G1 X43.7050 Y2.8000
G1 X49.0000 Y2.8000
G1 X49.0000 Y3.2800
G1 X43.7050 Y3.2800
G1 X43.7050 Y3.7600
G1 X49.0000 Y3.7600
G1 X49.0000 Y4.2400
G1 X43.7050 Y4.2400
G1 X43.7050 Y4.7200
G1 X49.0000 Y4.7200
G1 X49.0000 Y5.2000
G1 X43.7050 Y5.2000
G1 X43.7050 Y5.6800
G1 X49.0000 Y5.6800
G1 X49.0000 Y6.1600
G1 X43.7050 Y6.1600
G1 X43.7050 Y6.6400
G1 X49.0000 Y6.6400
G1 X49.0000 Y7.1200
G1 X43.7050 Y7.1200
G1 Z2.0000
G1 X43.7127 Y7.6000
G1 F60.00
G1 Z0.3
G1 F120.00
G1 X49.0000 Y7.6000
G1 X49.0000 Y8.0800
G1 X43.7085 Y8.0800
G1 Z2.0000
G1 X43.4865 Y8.5600
G1 F60.00
G1 Z0.3
G1 F120.00
G1 X49.0000 Y8.5600
G1 X49.0000 Y9.0400
G1 X24.8731 Y9.0400
G1 X24.3931 Y8.5600
G1 X29.7886 Y8.5600
G1 Z2.0000
G1 X29.5666 Y8.0800
G1 F60.00
G1 Z0.3
G1 F120.00
G1 X23.9131 Y8.0800
G1 X23.4331 Y7.6000
G1 X29.5624 Y7.6000
G1 Z2.0000
G1 X29.5701 Y7.1200
G1 F60.00
G1 Z0.3
G1 F120.00
G1 X22.9429 Y7.1200
G1 Z2.0000
G1 X22.3269 Y9.0400
G1 F60.00
G1 Z0.3
G1 F120.00
G1 X-1.8369 Y9.0400
G1 Z2.0000
G1 X-2.9431 Y10.4800
G1 F60.00
G1 Z0.3
G1 F120.00
G1 X-8.5252 Y10.4800
G1 Z2.0000
G1 X-8.3281 Y10.9600
G1 F60.00
G1 Z0.3
G1 F120.00
G1 X-2.4631 Y10.9600
G1 X-3.4231 Y10.0000
G1 X-8.8591 Y10.0000
G1 Z2.0000
G1 X-9.4647 Y9.5200
G1 F60.00
G1 Z0.3
G1 F120.00
G1 X-3.9031 Y9.5200
G1 X-4.3831 Y9.0400
G1 X-27.1969 Y9.0400
G1 X-27.6769 Y8.5600
G1 X-17.5460 Y8.5600
G1 Z2.0000
G1 X-18.0431 Y8.0800
G1 F60.00
G1 Z0.3
G1 F120.00
G1 X-28.0565 Y8.0800
G1 Z2.0000
G1 X-28.0360 Y7.6000
G1 F60.00
G1 Z0.3
G1 F120.00
G1 X-18.5231 Y7.6000
G1 X-19.0031 Y7.1200
G1 X-28.2245 Y7.1200
G1 Z2.0000
G1 X-28.8775 Y6.6400
G1 F60.00
G1 Z0.3
G1 F120.00
G1 X-19.4831 Y6.6400
G1 X-19.9631 Y6.1600
G1 X-30.0769 Y6.1600
G1 Z2.0000
G1 X-31.6631 Y7.1200
G1 F60.00
G1 Z0.3
G1 F120.00
G1 X-46.9999 Y7.1200
G1 X-46.9999 Y6.6400
G1 X-32.1431 Y6.6400
G1 X-32.6231 Y6.1600
G1 X-33.5185 Y6.1600
G1 Z2.0000
G1 X-33.6528 Y4.2400
G1 F60.00
G1 Z0.3
G1 F120.00
G1 X-19.1582 Y4.2400
G1 X-18.8569 Y4.7200
G1 X-18.5737 Y4.7200
G1 X-18.3769 Y5.2000
G1 X-18.0937 Y5.2000
G1 X-17.8969 Y5.6800
G1 X-17.6137 Y5.6800
G1 X-17.4169 Y6.1600
G1 X-17.1337 Y6.1600
G1 X-16.9369 Y6.6400
G1 X29.5701 Y6.6400
G1 X29.5701 Y6.1600
G1 X26.2561 Y6.1600
G1 Z2.0000
G1 X26.5379 Y5.6800
G1 F60.00
G1 Z0.3
G1 F120.00
G1 X29.5701 Y5.6800
G1 X29.5701 Y5.2000
G1 X26.5828 Y5.2000
G1 X26.5600 Y4.7200
G1 X29.5701 Y4.7200
G1 X29.5701 Y4.2400
G1 X26.5600 Y4.2400
G1 X26.5600 Y3.7600
G1 X29.5701 Y3.7600
G1 X29.5701 Y3.2800
G1 X26.5600 Y3.2800
G1 X26.5600 Y2.8000
G1 X29.5701 Y2.8000
G1 X29.5701 Y2.3200
G1 X26.5600 Y2.3200
G1 X26.5600 Y1.8400
G1 X29.5701 Y1.8400
G1 X29.5701 Y1.3600
G1 X26.5600 Y1.3600
G1 X26.5600 Y0.8800
G1 X29.5701 Y0.8800
G1 X29.5701 Y0.4000
G1 X26.5600 Y0.4000
G1 X26.5600 Y-0.0800
G1 X29.5701 Y-0.0800
G1 X29.5701 Y-0.5600
G1 X26.5600 Y-0.5600
G1 X26.5600 Y-1.0400
G1 X29.5701 Y-1.0400
G1 X29.5701 Y-1.5200
G1 X26.5600 Y-1.5200
G1 X26.5600 Y-2.0000
G1 X29.5701 Y-2.0000
G1 X29.5701 Y-2.4800
G1 X26.5600 Y-2.4800
G1 X26.5600 Y-2.9600
G1 X29.5701 Y-2.9600
G1 X29.5701 Y-3.4400
G1 X26.5600 Y-3.4400
G1 X26.5600 Y-3.9200
G1 X29.5701 Y-3.9200
G1 X29.5701 Y-4.4000
G1 X26.5600 Y-4.4000
G1 Z2.0000
G1 X26.5740 Y-4.8800
G1 F60.00
G1 Z0.3
G1 F120.00
G1 X29.5701 Y-4.8800
G1 X29.5701 Y-5.3600
G1 X26.4208 Y-5.3600
G1 Z2.0000
G1 X26.0420 Y-5.8400
G1 F60.00
G1 Z0.3
G1 F120.00
G1 X29.5701 Y-5.8400
G1 X29.5701 Y-6.3200
G1 X22.5418 Y-6.3200
G1 Z2.0000
G1 X23.2732 Y-6.8000
G1 F60.00
G1 Z0.3
G1 F120.00
G1 X29.5701 Y-6.8000
G1 X29.5473 Y-7.2800
G1 X23.7532 Y-7.2800
G1 X24.2332 Y-7.7600
G1 X29.5923 Y-7.7600
G1 Z2.0000
G1 X29.5598 Y-7.6247
G1 F60.00
G1 Z0.3
G1 F120.00
G1 X29.5631 Y-7.6441
G1 X29.5674 Y-7.6632
G1 X29.5890 Y-7.7489
G1 X29.5979 Y-7.7769
G1 X29.6243 Y-7.8509
G1 X29.6314 Y-7.8692
G1 X29.6394 Y-7.8871
G1 X29.6729 Y-7.9581
G1 X29.6865 Y-7.9842
G1 X29.7318 Y-8.0600
G1 X29.7423 Y-8.0766
G1 X29.7536 Y-8.0927
G1 X29.8004 Y-8.1557
G1 X29.8124 Y-8.1712
G1 X29.8253 Y-8.1861
G1 X29.8780 Y-8.2443
G1 X29.8915 Y-8.2585
G1 X29.9057 Y-8.2720
G1 X29.9713 Y-8.3312
G1 X29.9943 Y-8.3496
G1 X30.0573 Y-8.3964
G1 X30.0734 Y-8.4077
G1 X30.0900 Y-8.4182
G1 X30.1573 Y-8.4586
G1 X30.1744 Y-8.4683
G1 X30.1919 Y-8.4771
G1 X30.2718 Y-8.5147
G1 X30.2991 Y-8.5257
G1 X30.3731 Y-8.5521
G1 X30.3917 Y-8.5583
G1 X30.4106 Y-8.5635
G1 X30.4868 Y-8.5826
G1 X30.5059 Y-8.5869
G1 X30.5253 Y-8.5902
G1 X30.6029 Y-8.6018
G1 X30.6224 Y-8.6042
G1 X30.6420 Y-8.6056
G1 X30.7204 Y-8.6095
G1 X30.7400 Y-8.6099
G1 X31.7499 Y-8.6098
G1 X31.8381 Y-8.6056
G1 X31.8674 Y-8.6031
G1 X31.9645 Y-8.5887
G1 X31.9838 Y-8.5849
G1 X32.0358 Y-8.5720
G1 X35.5243 Y-8.5719
G1 X35.5763 Y-8.5849
G1 X35.5956 Y-8.5887
G1 X35.6927 Y-8.6031
G1 X35.7220 Y-8.6056
G1 X35.8102 Y-8.6098
G1 X36.8200 Y-8.6099
G1 X36.8397 Y-8.6095
G1 X36.9181 Y-8.6056
G1 X36.9474 Y-8.6031
G1 X37.0445 Y-8.5887
G1 X37.0638 Y-8.5849
G1 X37.1158 Y-8.5720
G1 X41.2393 Y-8.5719
G1 X41.2913 Y-8.5849
G1 X41.3106 Y-8.5887
G1 X41.4077 Y-8.6031
G1 X41.4370 Y-8.6056
G1 X41.5252 Y-8.6098
G1 X42.5449 Y-8.6098
G1 X42.6331 Y-8.6056
G1 X42.6624 Y-8.6031
G1 X42.7595 Y-8.5887
G1 X42.7883 Y-8.5826
G1 X42.8740 Y-8.5610
G1 X42.9020 Y-8.5521
G1 X42.9760 Y-8.5257
G1 X42.9943 Y-8.5186
G1 X43.0122 Y-8.5106
G1 X43.0832 Y-8.4771
G1 X43.1007 Y-8.4683
G1 X43.1178 Y-8.4586
G1 X43.1851 Y-8.4182
G1 X43.2017 Y-8.4077
G1 X43.2178 Y-8.3964
G1 X43.2808 Y-8.3496
G1 X43.2963 Y-8.3376
G1 X43.3112 Y-8.3247
G1 X43.3694 Y-8.2720
G1 X43.3836 Y-8.2585
G1 X43.3971 Y-8.2443
G1 X43.4498 Y-8.1861
G1 X43.4627 Y-8.1712
G1 X43.4747 Y-8.1557
G1 X43.5215 Y-8.0927
G1 X43.5328 Y-8.0766
G1 X43.5433 Y-8.0600
G1 X43.5837 Y-7.9927
G1 X43.5934 Y-7.9756
G1 X43.6022 Y-7.9581
G1 X43.6398 Y-7.8782
G1 X43.6508 Y-7.8509
G1 X43.6772 Y-7.7769
G1 X43.6834 Y-7.7583
G1 X43.6886 Y-7.7394
G1 X43.7077 Y-7.6632
G1 X43.7120 Y-7.6441
G1 X43.7153 Y-7.6247
G1 X43.7269 Y-7.5471
G1 X43.7293 Y-7.5276
G1 X43.7307 Y-7.5080
G1 X43.7349 Y-7.4198
G1 X43.7346 Y-7.3903
G1 X43.7307 Y-7.3119
G1 X43.7293 Y-7.2923
G1 X43.7269 Y-7.2728
G1 X43.7138 Y-7.1855
G1 X43.7100 Y-7.1662
G1 X43.7050 Y-7.1461
G1 X43.7050 Y7.5662
G1 X43.7100 Y7.5863
G1 X43.7138 Y7.6056
G1 X43.7282 Y7.7027
G1 X43.7307 Y7.7320
G1 X43.7346 Y7.8104
G1 X43.7350 Y7.8300
G1 X43.7346 Y7.8497
G1 X43.7307 Y7.9281
G1 X43.7293 Y7.9477
G1 X43.7269 Y7.9672
G1 X43.7153 Y8.0448
G1 X43.7120 Y8.0642
G1 X43.7077 Y8.0833
G1 X43.6861 Y8.1690
G1 X43.6772 Y8.1970
G1 X43.6508 Y8.2710
G1 X43.6437 Y8.2893
G1 X43.6357 Y8.3072
G1 X43.6022 Y8.3782
G1 X43.5934 Y8.3957
G1 X43.5837 Y8.4128
G1 X43.5433 Y8.4801
G1 X43.5328 Y8.4967
G1 X43.5215 Y8.5128
G1 X43.4747 Y8.5758
G1 X43.4627 Y8.5913
G1 X43.4498 Y8.6062
G1 X43.3971 Y8.6644
G1 X43.3836 Y8.6786
G1 X43.3694 Y8.6921
G1 X43.3112 Y8.7448
G1 X43.2963 Y8.7577
G1 X43.2808 Y8.7697
G1 X43.2178 Y8.8165
G1 X43.2017 Y8.8278
G1 X43.1851 Y8.8383
G1 X43.1178 Y8.8787
G1 X43.1007 Y8.8884
G1 X43.0832 Y8.8972
G1 X43.0033 Y8.9348
G1 X42.9760 Y8.9458
G1 X42.9020 Y8.9722
G1 X42.8834 Y8.9784
G1 X42.8645 Y8.9836
G1 X42.7883 Y9.0027
G1 X42.7692 Y9.0070
G1 X42.7498 Y9.0103
G1 X42.6722 Y9.0219
G1 X42.6527 Y9.0243
G1 X42.6331 Y9.0257
G1 X42.5449 Y9.0299
G1 X41.5252 Y9.0299
G1 X41.4370 Y9.0257
G1 X41.4077 Y9.0232
G1 X41.3106 Y9.0088
G1 X41.2913 Y9.0050
G1 X41.2393 Y8.9920
G1 X37.1158 Y8.9920
G1 X37.0638 Y9.0050
G1 X37.0445 Y9.0088
G1 X36.9474 Y9.0232
G1 X36.9181 Y9.0257
G1 X36.8397 Y9.0296
G1 X36.8200 Y9.0300
G1 X35.8102 Y9.0299
G1 X35.7220 Y9.0257
G1 X35.6927 Y9.0232
G1 X35.5956 Y9.0088
G1 X35.5763 Y9.0050
G1 X35.5243 Y8.9920
G1 X32.0358 Y8.9920
G1 X31.9838 Y9.0050
G1 X31.9645 Y9.0088
G1 X31.8674 Y9.0232
G1 X31.8381 Y9.0257
G1 X31.7499 Y9.0299
G1 X30.7302 Y9.0299
G1 X30.6420 Y9.0257
G1 X30.6127 Y9.0232
G1 X30.5156 Y9.0088
G1 X30.4868 Y9.0027
G1 X30.4011 Y8.9811
G1 X30.3731 Y8.9722
G1 X30.2991 Y8.9458
G1 X30.2808 Y8.9387
G1 X30.2629 Y8.9307
G1 X30.1919 Y8.8972
G1 X30.1744 Y8.8884
G1 X30.1573 Y8.8787
G1 X30.0900 Y8.8383
G1 X30.0734 Y8.8278
G1 X30.0573 Y8.8165
G1 X29.9943 Y8.7697
G1 X29.9788 Y8.7577
G1 X29.9639 Y8.7448
G1 X29.9057 Y8.6921
G1 X29.8915 Y8.6786
G1 X29.8780 Y8.6644
G1 X29.8253 Y8.6062
G1 X29.8124 Y8.5913
G1 X29.8004 Y8.5758
G1 X29.7536 Y8.5128
G1 X29.7423 Y8.4967
G1 X29.7318 Y8.4801
G1 X29.6914 Y8.4128
G1 X29.6817 Y8.3957
G1 X29.6729 Y8.3782
G1 X29.6353 Y8.2983
G1 X29.6243 Y8.2710
G1 X29.5979 Y8.1970
G1 X29.5917 Y8.1784
G1 X29.5865 Y8.1595
G1 X29.5674 Y8.0833
G1 X29.5631 Y8.0642
G1 X29.5598 Y8.0448
G1 X29.5482 Y7.9672
G1 X29.5458 Y7.9477
G1 X29.5444 Y7.9281
G1 X29.5402 Y7.8399
G1 X29.5405 Y7.8104
G1 X29.5444 Y7.7320
G1 X29.5458 Y7.7124
G1 X29.5482 Y7.6929
G1 X29.5613 Y7.6056
G1 X29.5651 Y7.5863
G1 X29.5701 Y7.5662
G1 X29.5701 Y-7.1461
G1 X29.5651 Y-7.1662
G1 X29.5613 Y-7.1855
G1 X29.5469 Y-7.2826
G1 X29.5444 Y-7.3119
G1 X29.5405 Y-7.3903
G1 X29.5401 Y-7.4100
G1 X29.5405 Y-7.4296
G1 X29.5444 Y-7.5080
G1 X29.5458 Y-7.5276
G1 X29.5482 Y-7.5471
G1 X29.5598 Y-7.6247
G1 Z2.0000
G1 X29.8741 Y-8.2400
G1 F60.00
G1 Z0.3
G1 F120.00
G1 X24.7132 Y-8.2400
G1 Z2.0000
G1 X23.5430 Y-15.4400
G1 F60.00
G1 Z0.3
G1 F120.00
G1 X19.7020 Y-15.4400
G1 X19.7020 Y-15.9200
G1 X23.2489 Y-15.9200
G1 Z2.0000
G1 X23.1952 Y-16.4000
G1 F60.00
G1 Z0.3
G1 F120.00
G1 X19.7020 Y-16.4000
G1 X19.7020 Y-16.8800
G1 X23.3458 Y-16.8800
G1 Z2.0000
G1 X23.2098 Y-16.5047
G1 F60.00
G1 Z0.3
G1 F120.00
G1 X23.2131 Y-16.5241
G1 X23.2174 Y-16.5432
G1 X23.2390 Y-16.6289
G1 X23.2479 Y-16.6569
G1 X23.2743 Y-16.7309
G1 X23.2814 Y-16.7492
G1 X23.2894 Y-16.7671
G1 X23.3229 Y-16.8381
G1 X23.3317 Y-16.8556
G1 X23.3414 Y-16.8727
G1 X23.3818 Y-16.9400
G1 X23.3923 Y-16.9566
G1 X23.4036 Y-16.9727
G1 X23.4504 Y-17.0357
G1 X23.4624 Y-17.0512
G1 X23.4753 Y-17.0661
G1 X23.5280 Y-17.1243
G1 X23.5415 Y-17.1385
G1 X23.5557 Y-17.1520
G1 X23.6139 Y-17.2047
G1 X23.6288 Y-17.2176
G1 X23.6443 Y-17.2296
G1 X23.7073 Y-17.2764
G1 X23.7234 Y-17.2877
G1 X23.7400 Y-17.2982
G1 X23.8073 Y-17.3386
G1 X23.8244 Y-17.3483
G1 X23.8419 Y-17.3571
G1 X23.9129 Y-17.3906
G1 X23.9308 Y-17.3986
G1 X23.9491 Y-17.4057
G1 X24.0231 Y-17.4321
G1 X24.0511 Y-17.4410
G1 X24.1368 Y-17.4626
G1 X24.1559 Y-17.4669
G1 X24.1753 Y-17.4702
G1 X24.2529 Y-17.4818
G1 X24.2724 Y-17.4842
G1 X24.2920 Y-17.4856
G1 X24.3704 Y-17.4895
G1 X24.3900 Y-17.4899
G1 X25.3900 Y-17.4899
G1 X25.4097 Y-17.4895
G1 X25.4881 Y-17.4856
G1 X25.5174 Y-17.4831
G1 X25.6048 Y-17.4702
G1 X25.6242 Y-17.4669
G1 X25.6433 Y-17.4626
G1 X25.7195 Y-17.4435
G1 X25.7384 Y-17.4383
G1 X25.7570 Y-17.4321
G1 X25.8310 Y-17.4057
G1 X25.8493 Y-17.3986
G1 X25.8672 Y-17.3906
G1 X25.9470 Y-17.3528
G1 X25.9728 Y-17.3386
G1 X26.0401 Y-17.2982
G1 X26.0567 Y-17.2877
G1 X26.0728 Y-17.2764
G1 X26.1437 Y-17.2237
G1 X26.1662 Y-17.2047
G1 X26.2316 Y-17.1453
G1 X26.2454 Y-17.1315
G1 X26.2830 Y-17.0902
G1 X27.0886 Y-17.0902
G1 X29.6368 Y-19.6384
G1 X29.6314 Y-19.6507
G1 X29.6243 Y-19.6690
G1 X29.5979 Y-19.7430
G1 X29.5917 Y-19.7616
G1 X29.5865 Y-19.7805
G1 X29.5674 Y-19.8567
G1 X29.5631 Y-19.8758
G1 X29.5598 Y-19.8952
G1 X29.5482 Y-19.9728
G1 X29.5458 Y-19.9923
G1 X29.5444 Y-20.0119
G1 X29.5405 Y-20.0903
G1 X29.5401 Y-20.1100
G1 X29.5405 Y-20.1296
G1 X29.5444 Y-20.2080
G1 X29.5458 Y-20.2276
G1 X29.5482 Y-20.2471
G1 X29.5598 Y-20.3247
G1 X29.5651 Y-20.3537
G1 X29.5865 Y-20.4394
G1 X29.5947 Y-20.4677
G1 X29.6277 Y-20.5601
G1 X29.6394 Y-20.5871
G1 X29.6772 Y-20.6669
G1 X29.6914 Y-20.6927
G1 X29.7318 Y-20.7600
G1 X29.7423 Y-20.7766
G1 X29.7536 Y-20.7927
G1 X29.8004 Y-20.8557
G1 X29.8124 Y-20.8712
G1 X29.8253 Y-20.8861
G1 X29.8780 Y-20.9443
G1 X29.8915 Y-20.9585
G1 X29.9057 Y-20.9720
G1 X29.9639 Y-21.0247
G1 X29.9864 Y-21.0437
G1 X30.0573 Y-21.0964
G1 X30.0734 Y-21.1077
G1 X30.0900 Y-21.1182
G1 X30.1573 Y-21.1586
G1 X30.1831 Y-21.1728
G1 X30.2629 Y-21.2106
G1 X30.2899 Y-21.2223
G1 X30.3823 Y-21.2553
G1 X30.4011 Y-21.2610
G1 X30.4398 Y-21.2708
G1 X30.4398 Y-23.8800
G1 X30.4403 Y-23.8996
G1 X30.4423 Y-23.9388
G1 X30.4437 Y-23.9584
G1 X30.4461 Y-23.9779
G1 X30.4519 Y-24.0167
G1 X30.4573 Y-24.0457
G1 X30.4716 Y-24.1028
G1 X30.4805 Y-24.1309
G1 X30.4937 Y-24.1679
G1 X30.5008 Y-24.1862
G1 X30.5087 Y-24.2041
G1 X30.5255 Y-24.2396
G1 X30.5391 Y-24.2658
G1 X30.5694 Y-24.3163
G1 X30.5860 Y-24.3406
G1 X30.6094 Y-24.3721
G1 X30.6215 Y-24.3876
G1 X30.6343 Y-24.4025
G1 X30.6607 Y-24.4316
G1 X30.6742 Y-24.4458
G1 X31.3500 Y-25.1216
G1 X31.3502 Y-25.6998
G1 X31.3544 Y-25.7880
G1 X31.3558 Y-25.8076
G1 X31.3582 Y-25.8271
G1 X31.3713 Y-25.9144
G1 X31.3774 Y-25.9432
G1 X31.3965 Y-26.0194
G1 X31.4017 Y-26.0383
G1 X31.4079 Y-26.0569
G1 X31.4343 Y-26.1309
G1 X31.4414 Y-26.1492
G1 X31.4494 Y-26.1671
G1 X31.4829 Y-26.2381
G1 X31.4917 Y-26.2556
G1 X31.5014 Y-26.2727
G1 X31.5418 Y-26.3400
G1 X31.5523 Y-26.3566
G1 X31.5636 Y-26.3727
G1 X31.6104 Y-26.4357
G1 X31.6224 Y-26.4512
G1 X31.6353 Y-26.4661
G1 X31.6880 Y-26.5243
G1 X31.7015 Y-26.5385
G1 X31.7157 Y-26.5520
G1 X31.7813 Y-26.6112
G1 X31.8043 Y-26.6296
G1 X31.8673 Y-26.6764
G1 X31.8834 Y-26.6877
G1 X31.9000 Y-26.6982
G1 X31.9673 Y-26.7386
G1 X31.9844 Y-26.7483
G1 X32.0019 Y-26.7571
G1 X32.0729 Y-26.7906
G1 X32.0908 Y-26.7986
G1 X32.1091 Y-26.8057
G1 X32.1831 Y-26.8321
G1 X32.2017 Y-26.8383
G1 X32.2206 Y-26.8435
G1 X32.2968 Y-26.8626
G1 X32.3159 Y-26.8669
G1 X32.3353 Y-26.8702
G1 X32.4129 Y-26.8818
G1 X32.4324 Y-26.8842
G1 X32.4520 Y-26.8856
G1 X32.5304 Y-26.8895
G1 X32.5500 Y-26.8899
G1 X32.5697 Y-26.8895
G1 X32.6481 Y-26.8856
G1 X32.6677 Y-26.8842
G1 X32.6872 Y-26.8818
G1 X32.7648 Y-26.8702
G1 X32.7842 Y-26.8669
G1 X32.8033 Y-26.8626
G1 X32.8795 Y-26.8435
G1 X32.8984 Y-26.8383
G1 X32.9170 Y-26.8321
G1 X32.9910 Y-26.8057
G1 X33.0093 Y-26.7986
G1 X33.0272 Y-26.7906
G1 X33.0982 Y-26.7571
G1 X33.1243 Y-26.7435
G1 X33.2001 Y-26.6982
G1 X33.2167 Y-26.6877
G1 X33.2328 Y-26.6764
G1 X33.2958 Y-26.6296
G1 X33.3113 Y-26.6176
G1 X33.3262 Y-26.6047
G1 X33.3844 Y-26.5520
G1 X33.3986 Y-26.5385
G1 X33.4121 Y-26.5243
G1 X33.4648 Y-26.4661
G1 X33.4777 Y-26.4512
G1 X33.4897 Y-26.4357
G1 X33.5365 Y-26.3727
G1 X33.5532 Y-26.3484
G1 X33.5987 Y-26.2727
G1 X33.6084 Y-26.2556
G1 X33.6172 Y-26.2381
G1 X33.6507 Y-26.1671
G1 X33.6587 Y-26.1492
G1 X33.6658 Y-26.1309
G1 X33.6922 Y-26.0569
G1 X33.6984 Y-26.0383
G1 X33.7036 Y-26.0194
G1 X33.7227 Y-25.9432
G1 X33.7270 Y-25.9241
G1 X33.7303 Y-25.9047
G1 X33.7419 Y-25.8271
G1 X33.7443 Y-25.8076
G1 X33.7457 Y-25.7880
G1 X33.7496 Y-25.7096
G1 X33.7500 Y-25.6900
G1 X33.7500 Y-24.6900
G1 X33.7496 Y-24.6703
G1 X33.7457 Y-24.5919
G1 X33.7432 Y-24.5626
G1 X33.7303 Y-24.4752
G1 X33.7270 Y-24.4558
G1 X33.7227 Y-24.4367
G1 X33.7036 Y-24.3605
G1 X33.6984 Y-24.3416
G1 X33.6922 Y-24.3230
G1 X33.6658 Y-24.2490
G1 X33.6548 Y-24.2217
G1 X33.6172 Y-24.1418
G1 X33.6084 Y-24.1243
G1 X33.5987 Y-24.1072
G1 X33.5583 Y-24.0399
G1 X33.5478 Y-24.0233
G1 X33.5365 Y-24.0072
G1 X33.4897 Y-23.9442
G1 X33.4777 Y-23.9287
G1 X33.4648 Y-23.9138
G1 X33.4121 Y-23.8556
G1 X33.3986 Y-23.8414
G1 X33.3844 Y-23.8279
G1 X33.3262 Y-23.7752
G1 X33.3113 Y-23.7623
G1 X33.2958 Y-23.7503
G1 X33.2328 Y-23.7035
G1 X33.2167 Y-23.6922
G1 X33.2001 Y-23.6817
G1 X33.1328 Y-23.6413
G1 X33.1157 Y-23.6316
G1 X33.0982 Y-23.6228
G1 X33.0272 Y-23.5893
G1 X33.0093 Y-23.5813
G1 X32.9910 Y-23.5742
G1 X32.9170 Y-23.5478
G1 X32.8984 Y-23.5416
G1 X32.8795 Y-23.5364
G1 X32.8033 Y-23.5173
G1 X32.7842 Y-23.5130
G1 X32.7648 Y-23.5097
G1 X32.6872 Y-23.4981
G1 X32.6677 Y-23.4957
G1 X32.6481 Y-23.4943
G1 X32.5599 Y-23.4901
G1 X32.5304 Y-23.4904
G1 X32.4520 Y-23.4943
G1 X32.4324 Y-23.4957
G1 X32.4129 Y-23.4981
G1 X32.3353 Y-23.5097
G1 X32.3159 Y-23.5130
G1 X32.2968 Y-23.5173
G1 X32.2206 Y-23.5364
G1 X32.2017 Y-23.5416
G1 X32.1831 Y-23.5478
G1 X32.1091 Y-23.5742
G1 X32.0908 Y-23.5813
G1 X32.0785 Y-23.5867
G1 X32.0402 Y-23.5485
G1 X32.0402 Y-21.2708
G1 X32.0790 Y-21.2610
G1 X32.0978 Y-21.2553
G1 X32.1810 Y-21.2257
G1 X32.2083 Y-21.2147
G1 X32.2882 Y-21.1771
G1 X32.3057 Y-21.1683
G1 X32.3228 Y-21.1586
G1 X32.3985 Y-21.1131
G1 X32.4228 Y-21.0964
G1 X32.4858 Y-21.0496
G1 X32.5013 Y-21.0376
G1 X32.5162 Y-21.0247
G1 X32.5744 Y-20.9720
G1 X32.5886 Y-20.9585
G1 X32.6021 Y-20.9443
G1 X32.6613 Y-20.8787
G1 X32.6797 Y-20.8557
G1 X32.7265 Y-20.7927
G1 X32.7378 Y-20.7766
G1 X32.7483 Y-20.7600
G1 X32.7887 Y-20.6927
G1 X32.7984 Y-20.6756
G1 X32.8072 Y-20.6581
G1 X32.8407 Y-20.5871
G1 X32.8487 Y-20.5692
G1 X32.8558 Y-20.5509
G1 X32.8822 Y-20.4769
G1 X32.8884 Y-20.4583
G1 X32.8936 Y-20.4394
G1 X32.9127 Y-20.3632
G1 X32.9170 Y-20.3441
G1 X32.9203 Y-20.3247
G1 X32.9332 Y-20.2373
G1 X32.9357 Y-20.2080
G1 X32.9396 Y-20.1296
G1 X32.9400 Y-20.1100
G1 X32.9396 Y-20.0903
G1 X32.9357 Y-20.0119
G1 X32.9343 Y-19.9923
G1 X32.9319 Y-19.9728
G1 X32.9203 Y-19.8952
G1 X32.9170 Y-19.8758
G1 X32.9127 Y-19.8567
G1 X32.8936 Y-19.7805
G1 X32.8884 Y-19.7616
G1 X32.8822 Y-19.7430
G1 X32.8558 Y-19.6690
G1 X32.8487 Y-19.6507
G1 X32.8407 Y-19.6328
G1 X32.8072 Y-19.5618
G1 X32.7936 Y-19.5357
G1 X32.7483 Y-19.4599
G1 X32.7378 Y-19.4433
G1 X32.7265 Y-19.4272
G1 X32.6797 Y-19.3642
G1 X32.6677 Y-19.3487
G1 X32.6548 Y-19.3338
G1 X32.6021 Y-19.2756
G1 X32.5886 Y-19.2614
G1 X32.5744 Y-19.2479
G1 X32.5162 Y-19.1952
G1 X32.5013 Y-19.1823
G1 X32.4858 Y-19.1703
G1 X32.4228 Y-19.1235
G1 X32.4067 Y-19.1122
G1 X32.3901 Y-19.1017
G1 X32.3228 Y-19.0613
G1 X32.3057 Y-19.0516
G1 X32.2882 Y-19.0428
G1 X32.2172 Y-19.0093
G1 X32.1993 Y-19.0013
G1 X32.1810 Y-18.9942
G1 X32.1070 Y-18.9678
G1 X32.0884 Y-18.9616
G1 X32.0695 Y-18.9564
G1 X31.9933 Y-18.9373
G1 X31.9645 Y-18.9312
G1 X31.8674 Y-18.9168
G1 X31.8381 Y-18.9143
G1 X31.7499 Y-18.9101
G1 X31.1717 Y-18.9100
G1 X27.9789 Y-15.7173
G1 X27.9352 Y-15.6777
G1 X27.9122 Y-15.6593
G1 X27.8807 Y-15.6359
G1 X27.8646 Y-15.6246
G1 X27.8480 Y-15.6141
G1 X27.8143 Y-15.5939
G1 X27.7885 Y-15.5797
G1 X27.7346 Y-15.5542
G1 X27.7080 Y-15.5436
G1 X27.6710 Y-15.5304
G1 X27.6523 Y-15.5242
G1 X27.6334 Y-15.5190
G1 X27.5858 Y-15.5072
G1 X27.5568 Y-15.5018
G1 X27.5180 Y-15.4960
G1 X27.4985 Y-15.4936
G1 X27.4789 Y-15.4922
G1 X27.4299 Y-15.4899
G1 X26.2830 Y-15.4898
G1 X26.2454 Y-15.4484
G1 X26.2316 Y-15.4346
G1 X26.1662 Y-15.3752
G1 X26.1437 Y-15.3562
G1 X26.0728 Y-15.3035
G1 X26.0567 Y-15.2922
G1 X26.0401 Y-15.2817
G1 X25.9728 Y-15.2413
G1 X25.9470 Y-15.2271
G1 X25.8672 Y-15.1893
G1 X25.8493 Y-15.1813
G1 X25.8310 Y-15.1742
G1 X25.7570 Y-15.1478
G1 X25.7384 Y-15.1416
G1 X25.7195 Y-15.1364
G1 X25.6433 Y-15.1173
G1 X25.6242 Y-15.1130
G1 X25.6048 Y-15.1097
G1 X25.5174 Y-15.0968
G1 X25.4881 Y-15.0943
G1 X25.4097 Y-15.0904
G1 X25.3900 Y-15.0900
G1 X24.3802 Y-15.0901
G1 X24.2920 Y-15.0943
G1 X24.2724 Y-15.0957
G1 X24.2529 Y-15.0981
G1 X24.1753 Y-15.1097
G1 X24.1463 Y-15.1150
G1 X24.0606 Y-15.1364
G1 X24.0417 Y-15.1416
G1 X24.0231 Y-15.1478
G1 X23.9491 Y-15.1742
G1 X23.9308 Y-15.1813
G1 X23.9129 Y-15.1893
G1 X23.8419 Y-15.2228
G1 X23.8244 Y-15.2316
G1 X23.8073 Y-15.2413
G1 X23.7400 Y-15.2817
G1 X23.7234 Y-15.2922
G1 X23.7073 Y-15.3035
G1 X23.6443 Y-15.3503
G1 X23.6288 Y-15.3623
G1 X23.6139 Y-15.3752
G1 X23.5557 Y-15.4279
G1 X23.5415 Y-15.4414
G1 X23.5280 Y-15.4556
G1 X23.4753 Y-15.5138
G1 X23.4624 Y-15.5287
G1 X23.4504 Y-15.5442
G1 X23.4036 Y-15.6072
G1 X23.3923 Y-15.6233
G1 X23.3818 Y-15.6399
G1 X23.3414 Y-15.7072
G1 X23.3317 Y-15.7243
G1 X23.3229 Y-15.7418
G1 X23.2894 Y-15.8128
G1 X23.2814 Y-15.8307
G1 X23.2743 Y-15.8490
G1 X23.2479 Y-15.9230
G1 X23.2417 Y-15.9416
G1 X23.2365 Y-15.9605
G1 X23.2174 Y-16.0367
G1 X23.2131 Y-16.0558
G1 X23.2098 Y-16.0752
G1 X23.1982 Y-16.1528
G1 X23.1958 Y-16.1723
G1 X23.1944 Y-16.1919
G1 X23.1905 Y-16.2703
G1 X23.1901 Y-16.2900
G1 X23.1905 Y-16.3096
G1 X23.1944 Y-16.3880
G1 X23.1958 Y-16.4076
G1 X23.1982 Y-16.4271
G1 X23.2098 Y-16.5047
G1 Z2.0000
G1 X23.8481 Y-17.3600
G1 F60.00
G1 Z0.3
G1 F120.00
G1 X19.7020 Y-17.3600
G1 X19.7020 Y-17.8400
G1 X23.7121 Y-17.8400
G1 Z2.0000
G1 X23.3049 Y-18.3200
G1 F60.00
G1 Z0.3
G1 F120.00
G1 X19.7396 Y-18.3200
G1 Z2.0000
G1 X19.7400 Y-18.8000
G1 F60.00
G1 Z0.3
G1 F120.00
G1 X23.1910 Y-18.8000
G1 Z2.0000
G1 X23.2777 Y-19.2800
G1 F60.00
G1 Z0.3
G1 F120.00
G1 X19.7400 Y-19.2800
G1 Z2.0000
G1 X19.7020 Y-19.7600
G1 F60.00
G1 Z0.3
G1 F120.00
G1 X23.6318 Y-19.7600
G1 Z2.0000
G1 X24.0898 Y-20.2400
G1 F60.00
G1 Z0.3
G1 F120.00
G1 X19.7020 Y-20.2400
G1 X19.7020 Y-20.7200
G1 X24.0898 Y-20.7200
G1 X24.0898 Y-21.2000
G1 X19.7020 Y-21.2000
G1 X19.7020 Y-21.6800
G1 X24.0898 Y-21.6800
G1 X24.0898 Y-22.1600
G1 X19.7020 Y-22.1600
G1 X19.7020 Y-22.6400
G1 X24.0898 Y-22.6400
G1 X24.0898 Y-23.1200
G1 X19.7020 Y-23.1200
G1 Z2.0000
G1 X19.7400 Y-23.6000
G1 F60.00
G1 Z0.3
G1 F120.00
G1 X24.0898 Y-23.6000
G1 X24.0898 Y-24.0800
G1 X19.7400 Y-24.0800
G1 Z2.0000
G1 X19.7314 Y-24.5600
G1 F60.00
G1 Z0.3
G1 F120.00
G1 X24.0898 Y-24.5600
G1 X23.9083 Y-25.0400
G1 X19.6120 Y-25.0400
G1 Z2.0000
G1 X19.2113 Y-25.5200
G1 F60.00
G1 Z0.3
G1 F120.00
G1 X23.4283 Y-25.5200
G1 X22.9483 Y-26.0000
G1 X2.1441 Y-26.0000
G1 Z2.0000
G1 X1.7160 Y-24.0800
G1 F60.00
G1 Z0.3
G1 F120.00
G1 X4.5483 Y-24.0800
G1 X4.6401 Y-23.6000
G1 X2.0414 Y-23.6000
G1 Z2.0000
G1 X2.6917 Y-23.1200
G1 F60.00
G1 Z0.3
G1 F120.00
G1 X4.6791 Y-23.1200
G1 Z2.0000
G1 X4.9287 Y-22.6400
G1 F60.00
G1 Z0.3
G1 F120.00
G1 X3.1717 Y-22.6400
G1 X3.6517 Y-22.1600
G1 X6.4683 Y-22.1600
G1 X6.9483 Y-21.6800
G1 X4.1317 Y-21.6800
G1 X4.6117 Y-21.2000
G1 X7.4283 Y-21.2000
G1 X7.6198 Y-20.7200
G1 X5.0917 Y-20.7200
G1 Z2.0000
G1 X6.6324 Y-20.2400
G1 F60.00
G1 Z0.3
G1 F120.00
G1 X7.6198 Y-20.2400
G1 X7.6198 Y-19.7600
G1 X6.9632 Y-19.7600
G1 Z2.0000
G1 X7.0400 Y-19.2800
G1 F60.00
G1 Z0.3
G1 F120.00
G1 X7.6198 Y-19.2800
G1 X7.6198 Y-18.8000
G1 X7.0400 Y-18.8000
G1 Z2.0000
G1 X7.0396 Y-18.3200
G1 F60.00
G1 Z0.3
G1 F120.00
G1 X7.6198 Y-18.3200
G1 X7.6198 Y-17.8400
G1 X6.9300 Y-17.8400
G1 Z2.0000
G1 X6.5316 Y-17.3600
G1 F60.00
G1 Z0.3
G1 F120.00
G1 X7.6198 Y-17.3600
G1 X7.6198 Y-16.8800
G1 X5.0118 Y-16.8800
G1 X4.5318 Y-16.4000
G1 X7.6198 Y-16.4000
G1 X7.6198 Y-15.9200
G1 X4.0518 Y-15.9200
G1 Z2.0000
G1 X3.2284 Y-17.3600
G1 F60.00
G1 Z0.3
G1 F120.00
G1 X1.8675 Y-17.3600
G1 Z2.0000
G1 X1.9685 Y-17.8400
G1 F60.00
G1 Z0.3
G1 F120.00
G1 X3.7084 Y-17.8400
G1 X4.1884 Y-18.3200
G1 X2.3856 Y-18.3200
G1 Z2.0000
G1 X2.5037 Y-18.8000
G1 F60.00
G1 Z0.3
G1 F120.00
G1 X4.6400 Y-18.8000
G1 X4.2683 Y-19.2800
G1 X2.4212 Y-19.2800
G1 Z2.0000
G1 X2.0754 Y-19.7600
G1 F60.00
G1 Z0.3
G1 F120.00
G1 X3.7883 Y-19.7600
G1 X3.3083 Y-20.2400
G1 X-3.3183 Y-20.2400
G1 X-3.5198 Y-20.7200
G1 X2.8283 Y-20.7200
G1 X2.3483 Y-21.2000
G1 X-3.5198 Y-21.2000
G1 X-3.5198 Y-21.6800
G1 X-0.3872 Y-21.6800
G1 Z2.0000
G1 X-0.8157 Y-22.1600
G1 F60.00
G1 Z0.3
G1 F120.00
G1 X-3.5198 Y-22.1600
G1 X-3.5198 Y-22.6400
G1 X-0.9380 Y-22.6400
G1 Z2.0000
G1 X-0.9202 Y-22.9047
G1 F60.00
G1 Z0.3
G1 F120.00
G1 X-0.9169 Y-22.9241
G1 X-0.9126 Y-22.9432
G1 X-0.8910 Y-23.0289
G1 X-0.8821 Y-23.0569
G1 X-0.8557 Y-23.1309
G1 X-0.8486 Y-23.1492
G1 X-0.8406 Y-23.1671
G1 X-0.8071 Y-23.2381
G1 X-0.7983 Y-23.2556
G1 X-0.7886 Y-23.2727
G1 X-0.7482 Y-23.3400
G1 X-0.7377 Y-23.3566
G1 X-0.7264 Y-23.3727
G1 X-0.6796 Y-23.4357
G1 X-0.6676 Y-23.4512
G1 X-0.6547 Y-23.4661
G1 X-0.6020 Y-23.5243
G1 X-0.5815 Y-23.5453
G1 X-0.5161 Y-23.6047
G1 X-0.5012 Y-23.6176
G1 X-0.4857 Y-23.6296
G1 X-0.4147 Y-23.6822
G1 X-0.3900 Y-23.6982
G1 X-0.3227 Y-23.7386
G1 X-0.3056 Y-23.7483
G1 X-0.2881 Y-23.7571
G1 X-0.2171 Y-23.7906
G1 X-0.1992 Y-23.7986
G1 X-0.1809 Y-23.8057
G1 X-0.1069 Y-23.8321
G1 X-0.0883 Y-23.8383
G1 X-0.0694 Y-23.8435
G1 X0.0068 Y-23.8626
G1 X0.0259 Y-23.8669
G1 X0.0453 Y-23.8702
G1 X0.1327 Y-23.8831
G1 X0.1620 Y-23.8856
G1 X0.2404 Y-23.8895
G1 X0.2600 Y-23.8899
G1 X1.2699 Y-23.8898
G1 X1.3581 Y-23.8856
G1 X1.3777 Y-23.8842
G1 X1.3972 Y-23.8818
G1 X1.4748 Y-23.8702
G1 X1.5038 Y-23.8649
G1 X1.5895 Y-23.8435
G1 X1.6084 Y-23.8383
G1 X1.6270 Y-23.8321
G1 X1.7010 Y-23.8057
G1 X1.7193 Y-23.7986
G1 X1.7372 Y-23.7906
G1 X1.8082 Y-23.7571
G1 X1.8257 Y-23.7483
G1 X1.8428 Y-23.7386
G1 X1.9101 Y-23.6982
G1 X1.9267 Y-23.6877
G1 X1.9428 Y-23.6764
G1 X2.0058 Y-23.6296
G1 X2.0213 Y-23.6176
G1 X2.0362 Y-23.6047
G1 X2.0944 Y-23.5520
G1 X2.1086 Y-23.5385
G1 X2.1221 Y-23.5243
G1 X2.1725 Y-23.4687
G1 X2.2129 Y-23.4584
G1 X2.2317 Y-23.4527
G1 X2.2780 Y-23.4363
G1 X2.3053 Y-23.4254
G1 X2.3497 Y-23.4045
G1 X2.3673 Y-23.3957
G1 X2.3843 Y-23.3860
G1 X2.4180 Y-23.3658
G1 X2.4346 Y-23.3553
G1 X2.4507 Y-23.3440
G1 X2.4822 Y-23.3206
G1 X2.4977 Y-23.3085
G1 X2.5126 Y-23.2957
G1 X2.5433 Y-23.2678
G1 X2.5559 Y-23.2558
G1 X5.3685 Y-20.4432
G1 X5.3899 Y-20.4523
G1 X5.4731 Y-20.4821
G1 X5.4917 Y-20.4883
G1 X5.5106 Y-20.4935
G1 X5.5868 Y-20.5126
G1 X5.6059 Y-20.5169
G1 X5.6253 Y-20.5202
G1 X5.7029 Y-20.5318
G1 X5.7224 Y-20.5342
G1 X5.7420 Y-20.5356
G1 X5.8204 Y-20.5395
G1 X5.8400 Y-20.5399
G1 X5.8597 Y-20.5395
G1 X5.9381 Y-20.5356
G1 X5.9674 Y-20.5331
G1 X6.0548 Y-20.5202
G1 X6.0742 Y-20.5169
G1 X6.0933 Y-20.5126
G1 X6.1695 Y-20.4935
G1 X6.1884 Y-20.4883
G1 X6.2070 Y-20.4821
G1 X6.2810 Y-20.4557
G1 X6.2993 Y-20.4486
G1 X6.3172 Y-20.4406
G1 X6.3882 Y-20.4071
G1 X6.4057 Y-20.3983
G1 X6.4228 Y-20.3886
G1 X6.4901 Y-20.3482
G1 X6.5148 Y-20.3322
G1 X6.5858 Y-20.2796
G1 X6.6013 Y-20.2676
G1 X6.6162 Y-20.2547
G1 X6.6744 Y-20.2020
G1 X6.6886 Y-20.1885
G1 X6.7021 Y-20.1743
G1 X6.7548 Y-20.1161
G1 X6.7738 Y-20.0936
G1 X6.8265 Y-20.0227
G1 X6.8378 Y-20.0066
G1 X6.8483 Y-19.9900
G1 X6.8887 Y-19.9227
G1 X6.8984 Y-19.9056
G1 X6.9072 Y-19.8881
G1 X6.9407 Y-19.8171
G1 X6.9487 Y-19.7992
G1 X6.9558 Y-19.7809
G1 X6.9822 Y-19.7069
G1 X6.9884 Y-19.6883
G1 X6.9936 Y-19.6694
G1 X7.0127 Y-19.5932
G1 X7.0188 Y-19.5644
G1 X7.0319 Y-19.4771
G1 X7.0343 Y-19.4576
G1 X7.0357 Y-19.4380
G1 X7.0399 Y-19.3498
G1 X7.0400 Y-18.3400
G1 X7.0396 Y-18.3203
G1 X7.0357 Y-18.2419
G1 X7.0332 Y-18.2126
G1 X7.0188 Y-18.1155
G1 X7.0127 Y-18.0867
G1 X6.9936 Y-18.0105
G1 X6.9884 Y-17.9916
G1 X6.9822 Y-17.9730
G1 X6.9558 Y-17.8990
G1 X6.9487 Y-17.8807
G1 X6.9407 Y-17.8628
G1 X6.9072 Y-17.7918
G1 X6.8984 Y-17.7743
G1 X6.8887 Y-17.7572
G1 X6.8483 Y-17.6899
G1 X6.8378 Y-17.6733
G1 X6.8265 Y-17.6572
G1 X6.7797 Y-17.5942
G1 X6.7677 Y-17.5787
G1 X6.7548 Y-17.5638
G1 X6.7021 Y-17.5056
G1 X6.6886 Y-17.4914
G1 X6.6744 Y-17.4779
G1 X6.6088 Y-17.4187
G1 X6.5858 Y-17.4003
G1 X6.5228 Y-17.3535
G1 X6.5067 Y-17.3422
G1 X6.4901 Y-17.3317
G1 X6.4228 Y-17.2913
G1 X6.4057 Y-17.2816
G1 X6.3882 Y-17.2728
G1 X6.3172 Y-17.2393
G1 X6.2993 Y-17.2313
G1 X6.2810 Y-17.2242
G1 X6.2070 Y-17.1978
G1 X6.1884 Y-17.1916
G1 X6.1695 Y-17.1864
G1 X6.0933 Y-17.1673
G1 X6.0742 Y-17.1630
G1 X6.0548 Y-17.1597
G1 X5.9772 Y-17.1481
G1 X5.9577 Y-17.1457
G1 X5.9381 Y-17.1443
G1 X5.8597 Y-17.1404
G1 X5.8400 Y-17.1400
G1 X5.8204 Y-17.1404
G1 X5.7420 Y-17.1443
G1 X5.7127 Y-17.1468
G1 X5.6253 Y-17.1597
G1 X5.6059 Y-17.1630
G1 X5.5868 Y-17.1673
G1 X5.5106 Y-17.1864
G1 X5.4823 Y-17.1946
G1 X5.3991 Y-17.2242
G1 X5.3808 Y-17.2313
G1 X5.3685 Y-17.2367
G1 X3.8589 Y-15.7273
G1 X3.8226 Y-15.6942
G1 X3.8000 Y-15.6753
G1 X3.7527 Y-15.6402
G1 X3.7280 Y-15.6241
G1 X3.6943 Y-15.6039
G1 X3.6773 Y-15.5942
G1 X3.6597 Y-15.5854
G1 X3.6242 Y-15.5686
G1 X3.5975 Y-15.5571
G1 X3.5417 Y-15.5372
G1 X3.5229 Y-15.5315
G1 X3.4753 Y-15.5194
G1 X3.4562 Y-15.5151
G1 X3.4368 Y-15.5118
G1 X3.3980 Y-15.5060
G1 X3.3785 Y-15.5036
G1 X3.3589 Y-15.5022
G1 X3.3099 Y-15.4999
G1 X2.1981 Y-15.4998
G1 X2.1605 Y-15.4584
G1 X2.1467 Y-15.4446
G1 X2.0813 Y-15.3852
G1 X2.0588 Y-15.3662
G1 X1.9879 Y-15.3135
G1 X1.9718 Y-15.3022
G1 X1.9553 Y-15.2917
G1 X1.8879 Y-15.2513
G1 X1.8621 Y-15.2371
G1 X1.7823 Y-15.1993
G1 X1.7644 Y-15.1913
G1 X1.7461 Y-15.1842
G1 X1.6721 Y-15.1578
G1 X1.6441 Y-15.1489
G1 X1.5584 Y-15.1273
G1 X1.5296 Y-15.1212
G1 X1.4325 Y-15.1068
G1 X1.4032 Y-15.1043
G1 X1.3248 Y-15.1004
G1 X1.3052 Y-15.1000
G1 X0.3052 Y-15.1000
G1 X0.2855 Y-15.1004
G1 X0.2071 Y-15.1043
G1 X0.1778 Y-15.1068
G1 X0.0807 Y-15.1212
G1 X0.0519 Y-15.1273
G1 X-0.0243 Y-15.1464
G1 X-0.0432 Y-15.1516
G1 X-0.0618 Y-15.1578
G1 X-0.1357 Y-15.1842
G1 X-0.1541 Y-15.1913
G1 X-0.1720 Y-15.1993
G1 X-0.2430 Y-15.2328
G1 X-0.2605 Y-15.2416
G1 X-0.2776 Y-15.2513
G1 X-0.3449 Y-15.2917
G1 X-0.3615 Y-15.3022
G1 X-0.3776 Y-15.3135
G1 X-0.4406 Y-15.3603
G1 X-0.4561 Y-15.3723
G1 X-0.4710 Y-15.3852
G1 X-0.5291 Y-15.4379
G1 X-0.5434 Y-15.4514
G1 X-0.5569 Y-15.4656
G1 X-0.6096 Y-15.5238
G1 X-0.6225 Y-15.5387
G1 X-0.6345 Y-15.5542
G1 X-0.6813 Y-15.6172
G1 X-0.6926 Y-15.6333
G1 X-0.7031 Y-15.6499
G1 X-0.7435 Y-15.7172
G1 X-0.7531 Y-15.7343
G1 X-0.7620 Y-15.7518
G1 X-0.7955 Y-15.8228
G1 X-0.8035 Y-15.8407
G1 X-0.8106 Y-15.8590
G1 X-0.8370 Y-15.9330
G1 X-0.8432 Y-15.9516
G1 X-0.8484 Y-15.9705
G1 X-0.8675 Y-16.0467
G1 X-0.8718 Y-16.0658
G1 X-0.8751 Y-16.0852
G1 X-0.8867 Y-16.1628
G1 X-0.8891 Y-16.1823
G1 X-0.8905 Y-16.2019
G1 X-0.8944 Y-16.2803
G1 X-0.8948 Y-16.3000
G1 X-0.8944 Y-16.3196
G1 X-0.8905 Y-16.3980
G1 X-0.8891 Y-16.4176
G1 X-0.8867 Y-16.4371
G1 X-0.8751 Y-16.5147
G1 X-0.8718 Y-16.5341
G1 X-0.8675 Y-16.5532
G1 X-0.8484 Y-16.6294
G1 X-0.8432 Y-16.6483
G1 X-0.8370 Y-16.6669
G1 X-0.8106 Y-16.7409
G1 X-0.8035 Y-16.7592
G1 X-0.7955 Y-16.7771
G1 X-0.7620 Y-16.8481
G1 X-0.7531 Y-16.8656
G1 X-0.7435 Y-16.8827
G1 X-0.7031 Y-16.9500
G1 X-0.6926 Y-16.9666
G1 X-0.6813 Y-16.9827
G1 X-0.6345 Y-17.0457
G1 X-0.6225 Y-17.0612
G1 X-0.6096 Y-17.0761
G1 X-0.5569 Y-17.1343
G1 X-0.5434 Y-17.1485
G1 X-0.5291 Y-17.1620
G1 X-0.4710 Y-17.2147
G1 X-0.4484 Y-17.2337
G1 X-0.3696 Y-17.2922
G1 X-0.3449 Y-17.3082
G1 X-0.2776 Y-17.3486
G1 X-0.2605 Y-17.3583
G1 X-0.2430 Y-17.3671
G1 X-0.1720 Y-17.4006
G1 X-0.1541 Y-17.4086
G1 X-0.1357 Y-17.4157
G1 X-0.0618 Y-17.4421
G1 X-0.0432 Y-17.4483
G1 X-0.0243 Y-17.4535
G1 X0.0519 Y-17.4726
G1 X0.0807 Y-17.4787
G1 X0.1778 Y-17.4931
G1 X0.2071 Y-17.4956
G1 X0.2855 Y-17.4995
G1 X0.3052 Y-17.4999
G1 X1.3052 Y-17.4999
G1 X1.3248 Y-17.4995
G1 X1.4032 Y-17.4956
G1 X1.4325 Y-17.4931
G1 X1.5296 Y-17.4787
G1 X1.5584 Y-17.4726
G1 X1.6441 Y-17.4510
G1 X1.6721 Y-17.4421
G1 X1.7461 Y-17.4157
G1 X1.7644 Y-17.4086
G1 X1.7823 Y-17.4006
G1 X1.8621 Y-17.3628
G1 X1.8879 Y-17.3486
G1 X1.9553 Y-17.3082
G1 X1.9718 Y-17.2977
G1 X1.9879 Y-17.2864
G1 X2.0588 Y-17.2337
G1 X2.0813 Y-17.2147
G1 X2.1467 Y-17.1553
G1 X2.1605 Y-17.1415
G1 X2.1981 Y-17.1002
G1 X2.9686 Y-17.1002
G1 X4.6400 Y-18.7716
G1 X4.6400 Y-18.9083
G1 X1.8830 Y-21.6654
G1 X1.8343 Y-21.6364
G1 X1.8170 Y-21.6271
G1 X1.7283 Y-21.5852
G1 X1.7010 Y-21.5742
G1 X1.6178 Y-21.5446
G1 X1.5895 Y-21.5364
G1 X1.5133 Y-21.5173
G1 X1.4942 Y-21.5130
G1 X1.4748 Y-21.5097
G1 X1.3972 Y-21.4981
G1 X1.3777 Y-21.4957
G1 X1.3581 Y-21.4943
G1 X1.2797 Y-21.4904
G1 X1.2600 Y-21.4900
G1 X0.2502 Y-21.4901
G1 X0.1620 Y-21.4943
G1 X0.1424 Y-21.4957
G1 X0.1229 Y-21.4981
G1 X0.0453 Y-21.5097
G1 X0.0259 Y-21.5130
G1 X0.0068 Y-21.5173
G1 X-0.0694 Y-21.5364
G1 X-0.0883 Y-21.5416
G1 X-0.1069 Y-21.5478
G1 X-0.1809 Y-21.5742
G1 X-0.1992 Y-21.5813
G1 X-0.2171 Y-21.5893
G1 X-0.2881 Y-21.6228
G1 X-0.3056 Y-21.6316
G1 X-0.3227 Y-21.6413
G1 X-0.3900 Y-21.6817
G1 X-0.4147 Y-21.6977
G1 X-0.4857 Y-21.7503
G1 X-0.5012 Y-21.7623
G1 X-0.5161 Y-21.7752
G1 X-0.5743 Y-21.8279
G1 X-0.5885 Y-21.8414
G1 X-0.6020 Y-21.8556
G1 X-0.6547 Y-21.9138
G1 X-0.6676 Y-21.9287
G1 X-0.6796 Y-21.9442
G1 X-0.7264 Y-22.0072
G1 X-0.7377 Y-22.0233
G1 X-0.7482 Y-22.0399
G1 X-0.7886 Y-22.1072
G1 X-0.7983 Y-22.1243
G1 X-0.8071 Y-22.1418
G1 X-0.8406 Y-22.2128
G1 X-0.8486 Y-22.2307
G1 X-0.8557 Y-22.2490
G1 X-0.8821 Y-22.3230
G1 X-0.8883 Y-22.3416
G1 X-0.8935 Y-22.3605
G1 X-0.9126 Y-22.4367
G1 X-0.9169 Y-22.4558
G1 X-0.9202 Y-22.4752
G1 X-0.9318 Y-22.5528
G1 X-0.9342 Y-22.5723
G1 X-0.9356 Y-22.5919
G1 X-0.9395 Y-22.6703
G1 X-0.9399 Y-22.6900
G1 X-0.9395 Y-22.7096
G1 X-0.9356 Y-22.7880
G1 X-0.9342 Y-22.8076
G1 X-0.9318 Y-22.8271
G1 X-0.9202 Y-22.9047
G1 Z2.0000
G1 X-0.8596 Y-23.1200
G1 F60.00
G1 Z0.3
G1 F120.00
G1 X-3.5198 Y-23.1200
G1 X-3.5198 Y-23.6000
G1 X-0.5213 Y-23.6000
G1 X-0.1959 Y-24.0800
G1 X-3.5360 Y-24.0800
G1 Z2.0000
G1 X-3.8283 Y-24.5600
G1 F60.00
G1 Z0.3
G1 F120.00
G1 X-0.7603 Y-24.5600
G1 Z2.0000
G1 X-0.9299 Y-25.0400
G1 F60.00
G1 Z0.3
G1 F120.00
G1 X-4.3083 Y-25.0400
G1 X-4.7883 Y-25.5200
G1 X-0.8933 Y-25.5200
G1 Z2.0000
G1 X-0.9202 Y-25.4047
G1 F60.00
G1 Z0.3
G1 F120.00
G1 X-0.9169 Y-25.4241
G1 X-0.9126 Y-25.4432
G1 X-0.8910 Y-25.5289
G1 X-0.8821 Y-25.5569
G1 X-0.8557 Y-25.6309
G1 X-0.8486 Y-25.6492
G1 X-0.8406 Y-25.6671
G1 X-0.8071 Y-25.7381
G1 X-0.7935 Y-25.7642
G1 X-0.7482 Y-25.8400
G1 X-0.7377 Y-25.8566
G1 X-0.7264 Y-25.8727
G1 X-0.6796 Y-25.9357
G1 X-0.6676 Y-25.9512
G1 X-0.6547 Y-25.9661
G1 X-0.6020 Y-26.0243
G1 X-0.5885 Y-26.0385
G1 X-0.5743 Y-26.0520
G1 X-0.5087 Y-26.1112
G1 X-0.4857 Y-26.1296
G1 X-0.4227 Y-26.1764
G1 X-0.4066 Y-26.1877
G1 X-0.3900 Y-26.1982
G1 X-0.3227 Y-26.2386
G1 X-0.3056 Y-26.2483
G1 X-0.2881 Y-26.2571
G1 X-0.2082 Y-26.2947
G1 X-0.1809 Y-26.3057
G1 X-0.1069 Y-26.3321
G1 X-0.0883 Y-26.3383
G1 X-0.0694 Y-26.3435
G1 X0.0068 Y-26.3626
G1 X0.0259 Y-26.3669
G1 X0.0453 Y-26.3702
G1 X0.1229 Y-26.3818
G1 X0.1424 Y-26.3842
G1 X0.1620 Y-26.3856
G1 X0.2502 Y-26.3898
G1 X1.2699 Y-26.3898
G1 X1.3581 Y-26.3856
G1 X1.3777 Y-26.3842
G1 X1.3972 Y-26.3818
G1 X1.4748 Y-26.3702
G1 X1.4942 Y-26.3669
G1 X1.5133 Y-26.3626
G1 X1.5895 Y-26.3435
G1 X1.6084 Y-26.3383
G1 X1.6270 Y-26.3321
G1 X1.7010 Y-26.3057
G1 X1.7193 Y-26.2986
G1 X1.7372 Y-26.2906
G1 X1.8082 Y-26.2571
G1 X1.8343 Y-26.2435
G1 X1.9101 Y-26.1982
G1 X1.9267 Y-26.1877
G1 X1.9428 Y-26.1764
G1 X2.0137 Y-26.1237
G1 X2.0362 Y-26.1047
G1 X2.1016 Y-26.0453
G1 X2.1154 Y-26.0315
G1 X2.1530 Y-25.9902
G1 X4.5700 Y-25.9902
G1 X4.5897 Y-25.9897
G1 X4.6387 Y-25.9871
G1 X4.6680 Y-25.9839
G1 X4.7068 Y-25.9781
G1 X4.7262 Y-25.9748
G1 X4.7453 Y-25.9705
G1 X4.7834 Y-25.9609
G1 X4.8117 Y-25.9527
G1 X4.8580 Y-25.9363
G1 X4.8853 Y-25.9254
G1 X4.9385 Y-25.9002
G1 X4.9643 Y-25.8860
G1 X4.9980 Y-25.8658
G1 X5.0146 Y-25.8553
G1 X5.0307 Y-25.8440
G1 X5.0622 Y-25.8206
G1 X5.0777 Y-25.8085
G1 X5.0926 Y-25.7957
G1 X5.1297 Y-25.7618
G1 X5.3685 Y-25.5232
G1 X5.3808 Y-25.5286
G1 X5.3991 Y-25.5357
G1 X5.4731 Y-25.5621
G1 X5.4917 Y-25.5683
G1 X5.5106 Y-25.5735
G1 X5.5868 Y-25.5926
G1 X5.6059 Y-25.5969
G1 X5.6253 Y-25.6002
G1 X5.7029 Y-25.6118
G1 X5.7224 Y-25.6142
G1 X5.7420 Y-25.6156
G1 X5.8302 Y-25.6198
G1 X5.8597 Y-25.6195
G1 X5.9381 Y-25.6156
G1 X5.9577 Y-25.6142
G1 X5.9772 Y-25.6118
G1 X6.0548 Y-25.6002
G1 X6.0742 Y-25.5969
G1 X6.0933 Y-25.5926
G1 X6.1695 Y-25.5735
G1 X6.1884 Y-25.5683
G1 X6.2070 Y-25.5621
G1 X6.2810 Y-25.5357
G1 X6.3083 Y-25.5247
G1 X6.3970 Y-25.4828
G1 X6.4228 Y-25.4686
G1 X6.4985 Y-25.4231
G1 X6.5228 Y-25.4064
G1 X6.5858 Y-25.3596
G1 X6.6013 Y-25.3476
G1 X6.6162 Y-25.3347
G1 X6.6816 Y-25.2753
G1 X6.7021 Y-25.2543
G1 X6.7548 Y-25.1961
G1 X6.7677 Y-25.1812
G1 X6.7797 Y-25.1657
G1 X6.8265 Y-25.1027
G1 X6.8378 Y-25.0866
G1 X6.8483 Y-25.0700
G1 X6.8887 Y-25.0027
G1 X6.8984 Y-24.9856
G1 X6.9072 Y-24.9681
G1 X6.9448 Y-24.8882
G1 X6.9558 Y-24.8609
G1 X6.9822 Y-24.7869
G1 X6.9884 Y-24.7683
G1 X6.9936 Y-24.7494
G1 X7.0127 Y-24.6732
G1 X7.0170 Y-24.6541
G1 X7.0203 Y-24.6347
G1 X7.0319 Y-24.5571
G1 X7.0343 Y-24.5376
G1 X7.0357 Y-24.5180
G1 X7.0396 Y-24.4396
G1 X7.0400 Y-24.4200
G1 X7.0400 Y-23.8516
G1 X8.9859 Y-21.9058
G1 X8.9994 Y-21.8916
G1 X9.0258 Y-21.8625
G1 X9.0386 Y-21.8476
G1 X9.0507 Y-21.8321
G1 X9.0741 Y-21.8006
G1 X9.0907 Y-21.7763
G1 X9.1161 Y-21.7342
G1 X9.1258 Y-21.7172
G1 X9.1346 Y-21.6996
G1 X9.1518 Y-21.6632
G1 X9.1631 Y-21.6368
G1 X9.1796 Y-21.5909
G1 X9.1858 Y-21.5722
G1 X9.1910 Y-21.5533
G1 X9.2028 Y-21.5057
G1 X9.2082 Y-21.4767
G1 X9.2140 Y-21.4379
G1 X9.2164 Y-21.4184
G1 X9.2178 Y-21.3988
G1 X9.2201 Y-21.3498
G1 X9.2202 Y-12.6129
G1 X9.2616 Y-12.5753
G1 X9.2754 Y-12.5615
G1 X9.3348 Y-12.4961
G1 X9.3538 Y-12.4736
G1 X9.4065 Y-12.4027
G1 X9.4178 Y-12.3866
G1 X9.4283 Y-12.3700
G1 X9.4736 Y-12.2942
G1 X9.4872 Y-12.2681
G1 X9.5207 Y-12.1971
G1 X9.5287 Y-12.1792
G1 X9.5358 Y-12.1609
G1 X9.5622 Y-12.0869
G1 X9.5684 Y-12.0683
G1 X9.5736 Y-12.0494
G1 X9.5927 Y-11.9732
G1 X9.5970 Y-11.9541
G1 X9.6003 Y-11.9347
G1 X9.6119 Y-11.8571
G1 X9.6143 Y-11.8376
G1 X9.6157 Y-11.8180
G1 X9.6199 Y-11.7298
G1 X9.6200 Y-10.7200
G1 X9.6196 Y-10.7003
G1 X9.6157 Y-10.6219
G1 X9.6143 Y-10.6023
G1 X9.6119 Y-10.5828
G1 X9.6003 Y-10.5052
G1 X9.5970 Y-10.4858
G1 X9.5927 Y-10.4667
G1 X9.5736 Y-10.3905
G1 X9.5684 Y-10.3716
G1 X9.5622 Y-10.3530
G1 X9.5358 Y-10.2790
G1 X9.5287 Y-10.2607
G1 X9.5207 Y-10.2428
G1 X9.4872 Y-10.1718
G1 X9.4784 Y-10.1543
G1 X9.4687 Y-10.1372
G1 X9.4283 Y-10.0699
G1 X9.4178 Y-10.0533
G1 X9.4065 Y-10.0372
G1 X9.3597 Y-9.9742
G1 X9.3477 Y-9.9587
G1 X9.3348 Y-9.9438
G1 X9.2821 Y-9.8856
G1 X9.2686 Y-9.8714
G1 X9.2544 Y-9.8579
G1 X9.1962 Y-9.8052
G1 X9.1813 Y-9.7923
G1 X9.1658 Y-9.7803
G1 X9.1028 Y-9.7335
G1 X9.0785 Y-9.7168
G1 X8.9943 Y-9.6664
G1 X8.9682 Y-9.6528
G1 X8.8972 Y-9.6193
G1 X8.8793 Y-9.6113
G1 X8.8610 Y-9.6042
G1 X8.7778 Y-9.5746
G1 X8.7495 Y-9.5664
G1 X8.6733 Y-9.5473
G1 X8.6542 Y-9.5430
G1 X8.6348 Y-9.5397
G1 X8.5572 Y-9.5281
G1 X8.5377 Y-9.5257
G1 X8.5181 Y-9.5243
G1 X8.4397 Y-9.5204
G1 X8.4200 Y-9.5200
G1 X8.4004 Y-9.5204
G1 X8.3220 Y-9.5243
G1 X8.3024 Y-9.5257
G1 X8.2829 Y-9.5281
G1 X8.2053 Y-9.5397
G1 X8.1859 Y-9.5430
G1 X8.1668 Y-9.5473
G1 X8.0906 Y-9.5664
G1 X8.0717 Y-9.5716
G1 X8.0531 Y-9.5778
G1 X7.9791 Y-9.6042
G1 X7.9608 Y-9.6113
G1 X7.9429 Y-9.6193
G1 X7.8719 Y-9.6528
G1 X7.8544 Y-9.6616
G1 X7.8373 Y-9.6713
G1 X7.7700 Y-9.7117
G1 X7.7534 Y-9.7222
G1 X7.7373 Y-9.7335
G1 X7.6743 Y-9.7803
G1 X7.6513 Y-9.7987
G1 X7.5785 Y-9.8646
G1 X7.5580 Y-9.8856
G1 X7.5053 Y-9.9438
G1 X7.4924 Y-9.9587
G1 X7.4804 Y-9.9742
G1 X7.4278 Y-10.0452
G1 X7.4118 Y-10.0699
G1 X7.3714 Y-10.1372
G1 X7.3617 Y-10.1543
G1 X7.3529 Y-10.1718
G1 X7.3194 Y-10.2428
G1 X7.3114 Y-10.2607
G1 X7.3043 Y-10.2790
G1 X7.2779 Y-10.3530
G1 X7.2717 Y-10.3716
G1 X7.2665 Y-10.3905
G1 X7.2474 Y-10.4667
G1 X7.2413 Y-10.4955
G1 X7.2269 Y-10.5926
G1 X7.2244 Y-10.6219
G1 X7.2205 Y-10.7003
G1 X7.2201 Y-10.7200
G1 X7.2201 Y-11.7200
G1 X7.2205 Y-11.7396
G1 X7.2244 Y-11.8180
G1 X7.2258 Y-11.8376
G1 X7.2282 Y-11.8571
G1 X7.2398 Y-11.9347
G1 X7.2431 Y-11.9541
G1 X7.2474 Y-11.9732
G1 X7.2665 Y-12.0494
G1 X7.2717 Y-12.0683
G1 X7.2779 Y-12.0869
G1 X7.3043 Y-12.1609
G1 X7.3114 Y-12.1792
G1 X7.3194 Y-12.1971
G1 X7.3529 Y-12.2681
G1 X7.3665 Y-12.2942
G1 X7.4118 Y-12.3700
G1 X7.4223 Y-12.3866
G1 X7.4336 Y-12.4027
G1 X7.4863 Y-12.4736
G1 X7.5053 Y-12.4961
G1 X7.5647 Y-12.5615
G1 X7.5785 Y-12.5753
G1 X7.6198 Y-12.6129
G1 X7.6198 Y-21.0085
G1 X6.3116 Y-22.3167
G1 X6.2902 Y-22.3076
G1 X6.2070 Y-22.2778
G1 X6.1884 Y-22.2716
G1 X6.1695 Y-22.2664
G1 X6.0933 Y-22.2473
G1 X6.0742 Y-22.2430
G1 X6.0548 Y-22.2397
G1 X5.9772 Y-22.2281
G1 X5.9577 Y-22.2257
G1 X5.9381 Y-22.2243
G1 X5.8597 Y-22.2204
G1 X5.8400 Y-22.2200
G1 X5.8204 Y-22.2204
G1 X5.7420 Y-22.2243
G1 X5.7224 Y-22.2257
G1 X5.7029 Y-22.2281
G1 X5.6253 Y-22.2397
G1 X5.6059 Y-22.2430
G1 X5.5868 Y-22.2473
G1 X5.5106 Y-22.2664
G1 X5.4917 Y-22.2716
G1 X5.4731 Y-22.2778
G1 X5.3991 Y-22.3042
G1 X5.3808 Y-22.3113
G1 X5.3629 Y-22.3193
G1 X5.2919 Y-22.3528
G1 X5.2744 Y-22.3616
G1 X5.2573 Y-22.3713
G1 X5.1900 Y-22.4117
G1 X5.1734 Y-22.4222
G1 X5.1573 Y-22.4335
G1 X5.0943 Y-22.4803
G1 X5.0788 Y-22.4923
G1 X5.0639 Y-22.5052
G1 X5.0057 Y-22.5579
G1 X4.9915 Y-22.5714
G1 X4.9780 Y-22.5856
G1 X4.9253 Y-22.6438
G1 X4.9124 Y-22.6587
G1 X4.9004 Y-22.6742
G1 X4.8536 Y-22.7372
G1 X4.8423 Y-22.7533
G1 X4.8318 Y-22.7699
G1 X4.7914 Y-22.8372
G1 X4.7817 Y-22.8543
G1 X4.7729 Y-22.8718
G1 X4.7394 Y-22.9428
G1 X4.7314 Y-22.9607
G1 X4.7243 Y-22.9790
G1 X4.6979 Y-23.0530
G1 X4.6917 Y-23.0716
G1 X4.6865 Y-23.0905
G1 X4.6674 Y-23.1667
G1 X4.6613 Y-23.1955
G1 X4.6469 Y-23.2926
G1 X4.6444 Y-23.3219
G1 X4.6402 Y-23.4101
G1 X4.6401 Y-23.9883
G1 X4.2386 Y-24.3898
G1 X2.1530 Y-24.3898
G1 X2.1154 Y-24.3484
G1 X2.1016 Y-24.3346
G1 X2.0362 Y-24.2752
G1 X2.0137 Y-24.2562
G1 X1.9428 Y-24.2035
G1 X1.9267 Y-24.1922
G1 X1.9101 Y-24.1817
G1 X1.8343 Y-24.1364
G1 X1.8082 Y-24.1228
G1 X1.7372 Y-24.0893
G1 X1.7193 Y-24.0813
G1 X1.7010 Y-24.0742
G1 X1.6270 Y-24.0478
G1 X1.6084 Y-24.0416
G1 X1.5895 Y-24.0364
G1 X1.5133 Y-24.0173
G1 X1.4845 Y-24.0112
G1 X1.3972 Y-23.9981
G1 X1.3777 Y-23.9957
G1 X1.3581 Y-23.9943
G1 X1.2699 Y-23.9901
G1 X0.2600 Y-23.9900
G1 X0.2404 Y-23.9904
G1 X0.1620 Y-23.9943
G1 X0.1424 Y-23.9957
G1 X0.1229 Y-23.9981
G1 X0.0453 Y-24.0097
G1 X0.0259 Y-24.0130
G1 X0.0068 Y-24.0173
G1 X-0.0694 Y-24.0364
G1 X-0.0883 Y-24.0416
G1 X-0.1069 Y-24.0478
G1 X-0.1809 Y-24.0742
G1 X-0.1992 Y-24.0813
G1 X-0.2171 Y-24.0893
G1 X-0.2881 Y-24.1228
G1 X-0.3056 Y-24.1316
G1 X-0.3227 Y-24.1413
G1 X-0.3900 Y-24.1817
G1 X-0.4066 Y-24.1922
G1 X-0.4227 Y-24.2035
G1 X-0.4857 Y-24.2503
G1 X-0.5012 Y-24.2623
G1 X-0.5161 Y-24.2752
G1 X-0.5743 Y-24.3279
G1 X-0.5885 Y-24.3414
G1 X-0.6020 Y-24.3556
G1 X-0.6547 Y-24.4138
G1 X-0.6676 Y-24.4287
G1 X-0.6796 Y-24.4442
G1 X-0.7264 Y-24.5072
G1 X-0.7377 Y-24.5233
G1 X-0.7482 Y-24.5399
G1 X-0.7886 Y-24.6072
G1 X-0.7983 Y-24.6243
G1 X-0.8071 Y-24.6418
G1 X-0.8406 Y-24.7128
G1 X-0.8486 Y-24.7307
G1 X-0.8557 Y-24.7490
G1 X-0.8821 Y-24.8230
G1 X-0.8883 Y-24.8416
G1 X-0.8935 Y-24.8605
G1 X-0.9126 Y-24.9367
G1 X-0.9169 Y-24.9558
G1 X-0.9202 Y-24.9752
G1 X-0.9318 Y-25.0528
G1 X-0.9342 Y-25.0723
G1 X-0.9356 Y-25.0919
G1 X-0.9395 Y-25.1703
G1 X-0.9399 Y-25.1900
G1 X-0.9395 Y-25.2096
G1 X-0.9356 Y-25.2880
G1 X-0.9342 Y-25.3076
G1 X-0.9318 Y-25.3271
G1 X-0.9202 Y-25.4047
G1 Z2.0000
G1 X-0.6240 Y-26.0000
G1 F60.00
G1 Z0.3
G1 F120.00
G1 X-5.2683 Y-26.0000
G1 X-5.7483 Y-26.4800
G1 X22.4683 Y-26.4800
G1 Z2.0000
G1 X23.7717 Y-27.4400
G1 F60.00
G1 Z0.3
G1 F120.00
G1 X41.8043 Y-27.4400
G1 Z2.0000
G1 X41.5866 Y-27.9200
G1 F60.00
G1 Z0.3
G1 F120.00
G1 X23.2917 Y-27.9200
G1 Z2.0000
G1 X22.7874 Y-28.4000
G1 F60.00
G1 Z0.3
G1 F120.00
G1 X41.5031 Y-28.4000
G1 Z2.0000
G1 X41.5049 Y-28.6373
G1 F60.00
G1 Z0.3
G1 F120.00
G1 X41.5064 Y-28.6568
G1 X41.5152 Y-28.7448
G1 X41.5296 Y-28.8419
G1 X41.5487 Y-28.9381
G1 X41.5726 Y-29.0333
G1 X41.6011 Y-29.1273
G1 X41.6341 Y-29.2197
G1 X41.6717 Y-29.3104
G1 X41.7137 Y-29.3991
G1 X41.7600 Y-29.4857
G1 X41.8104 Y-29.5699
G1 X41.8650 Y-29.6515
G1 X41.9234 Y-29.7304
G1 X41.9857 Y-29.8062
G1 X42.0516 Y-29.8790
G1 X42.1210 Y-29.9484
G1 X42.1938 Y-30.0143
G1 X42.2696 Y-30.0766
G1 X42.3485 Y-30.1350
G1 X42.4301 Y-30.1896
G1 X42.5143 Y-30.2400
G1 X42.6009 Y-30.2863
G1 X42.6896 Y-30.3283
G1 X42.7803 Y-30.3659
G1 X42.8727 Y-30.3989
G1 X42.9667 Y-30.4274
G1 X43.0619 Y-30.4513
G1 X43.1581 Y-30.4704
G1 X43.2552 Y-30.4848
G1 X43.3529 Y-30.4945
G1 X43.4510 Y-30.4993
G1 X43.5491 Y-30.4993
G1 X43.6472 Y-30.4945
G1 X43.7449 Y-30.4848
G1 X43.8420 Y-30.4704
G1 X43.9382 Y-30.4513
G1 X44.0334 Y-30.4274
G1 X44.1274 Y-30.3989
G1 X44.2198 Y-30.3659
G1 X44.3105 Y-30.3283
G1 X44.3992 Y-30.2863
G1 X44.4858 Y-30.2400
G1 X44.5700 Y-30.1896
G1 X44.6516 Y-30.1350
G1 X44.7305 Y-30.0766
G1 X44.8063 Y-30.0143
G1 X44.8791 Y-29.9484
G1 X44.9485 Y-29.8790
G1 X45.0144 Y-29.8062
G1 X45.0767 Y-29.7304
G1 X45.1351 Y-29.6515
G1 X45.1897 Y-29.5699
G1 X45.2401 Y-29.4857
G1 X45.2864 Y-29.3991
G1 X45.3284 Y-29.3104
G1 X45.3660 Y-29.2197
G1 X45.3990 Y-29.1273
G1 X45.4275 Y-29.0333
G1 X45.4514 Y-28.9381
G1 X45.4705 Y-28.8419
G1 X45.4849 Y-28.7448
G1 X45.4945 Y-28.6471
G1 X45.4994 Y-28.5490
G1 X45.4994 Y-28.4509
G1 X45.4945 Y-28.3528
G1 X45.4849 Y-28.2551
G1 X45.4705 Y-28.1580
G1 X45.4514 Y-28.0618
G1 X45.4275 Y-27.9666
G1 X45.3990 Y-27.8726
G1 X45.3660 Y-27.7802
G1 X45.3284 Y-27.6895
G1 X45.2864 Y-27.6008
G1 X45.2401 Y-27.5142
G1 X45.1897 Y-27.4300
G1 X45.1351 Y-27.3484
G1 X45.0767 Y-27.2695
G1 X45.0144 Y-27.1937
G1 X44.9485 Y-27.1209
G1 X44.8791 Y-27.0515
G1 X44.8063 Y-26.9856
G1 X44.7305 Y-26.9233
G1 X44.6516 Y-26.8649
G1 X44.5700 Y-26.8103
G1 X44.4858 Y-26.7599
G1 X44.3992 Y-26.7136
G1 X44.3105 Y-26.6716
G1 X44.2198 Y-26.6340
G1 X44.1274 Y-26.6010
G1 X44.0334 Y-26.5725
G1 X43.9382 Y-26.5486
G1 X43.8420 Y-26.5295
G1 X43.7449 Y-26.5151
G1 X43.6472 Y-26.5055
G1 X43.5491 Y-26.5006
G1 X43.4510 Y-26.5006
G1 X43.3529 Y-26.5055
G1 X43.2552 Y-26.5151
G1 X43.1581 Y-26.5295
G1 X43.0619 Y-26.5486
G1 X42.9667 Y-26.5725
G1 X42.8727 Y-26.6010
G1 X42.7803 Y-26.6340
G1 X42.6896 Y-26.6716
G1 X42.6009 Y-26.7136
G1 X42.5143 Y-26.7599
G1 X42.4301 Y-26.8103
G1 X42.3485 Y-26.8649
G1 X42.2696 Y-26.9233
G1 X42.1938 Y-26.9856
G1 X42.1210 Y-27.0515
G1 X42.0516 Y-27.1209
G1 X41.9857 Y-27.1937
G1 X41.9234 Y-27.2695
G1 X41.8650 Y-27.3484
G1 X41.8104 Y-27.4300
G1 X41.7600 Y-27.5142
G1 X41.7137 Y-27.6008
G1 X41.6717 Y-27.6895
G1 X41.6341 Y-27.7802
G1 X41.6011 Y-27.8726
G1 X41.5726 Y-27.9666
G1 X41.5487 Y-28.0618
G1 X41.5296 Y-28.1580
G1 X41.5152 Y-28.2551
G1 X41.5055 Y-28.3528
G1 X41.5007 Y-28.4509
G1 X41.5007 Y-28.5490
G1 X41.5049 Y-28.6373
G1 Z2.0000
G1 X41.5370 Y-28.8800
G1 F60.00
G1 Z0.3
G1 F120.00
G1 X-12.3675 Y-28.8800
G1 Z2.0000
G1 X-14.0524 Y-28.8800
G1 F60.00
G1 Z0.3
G1 F120.00
G1 X-25.0675 Y-28.8800
G1 Z2.0000
G1 X-26.7524 Y-28.8800
G1 F60.00
G1 Z0.3
G1 F120.00
G1 X-39.5369 Y-28.8800
G1 Z2.0000
G1 X-39.5030 Y-28.4000
G1 F60.00
G1 Z0.3
G1 F120.00
G1 X-27.4054 Y-28.4000
G1 Z2.0000
G1 X-27.5902 Y-27.9447
G1 F60.00
G1 Z0.3
G1 F120.00
G1 X-27.5869 Y-27.9641
G1 X-27.5826 Y-27.9832
G1 X-27.5610 Y-28.0689
G1 X-27.5521 Y-28.0969
G1 X-27.5257 Y-28.1709
G1 X-27.5186 Y-28.1892
G1 X-27.5106 Y-28.2071
G1 X-27.4771 Y-28.2781
G1 X-27.4683 Y-28.2956
G1 X-27.4586 Y-28.3127
G1 X-27.4182 Y-28.3800
G1 X-27.4077 Y-28.3966
G1 X-27.3964 Y-28.4127
G1 X-27.3496 Y-28.4757
G1 X-27.3312 Y-28.4987
G1 X-27.2720 Y-28.5643
G1 X-27.2585 Y-28.5785
G1 X-27.2443 Y-28.5920
G1 X-27.1861 Y-28.6447
G1 X-27.1712 Y-28.6576
G1 X-27.1557 Y-28.6696
G1 X-27.0927 Y-28.7164
G1 X-27.0766 Y-28.7277
G1 X-27.0600 Y-28.7382
G1 X-26.9927 Y-28.7786
G1 X-26.9756 Y-28.7883
G1 X-26.9581 Y-28.7971
G1 X-26.8871 Y-28.8306
G1 X-26.8601 Y-28.8423
G1 X-26.7769 Y-28.8721
G1 X-26.7583 Y-28.8783
G1 X-26.7394 Y-28.8835
G1 X-26.6632 Y-28.9026
G1 X-26.6441 Y-28.9069
G1 X-26.6247 Y-28.9102
G1 X-26.5471 Y-28.9218
G1 X-26.5178 Y-28.9250
G1 X-26.4296 Y-28.9295
G1 X-26.4100 Y-28.9299
G1 X-25.4100 Y-28.9299
G1 X-25.3903 Y-28.9295
G1 X-25.3119 Y-28.9256
G1 X-25.2923 Y-28.9242
G1 X-25.2728 Y-28.9218
G1 X-25.1952 Y-28.9102
G1 X-25.1758 Y-28.9069
G1 X-25.1567 Y-28.9026
G1 X-25.0805 Y-28.8835
G1 X-25.0522 Y-28.8753
G1 X-24.9690 Y-28.8457
G1 X-24.9507 Y-28.8386
G1 X-24.9328 Y-28.8306
G1 X-24.8618 Y-28.7971
G1 X-24.8443 Y-28.7883
G1 X-24.8272 Y-28.7786
G1 X-24.7599 Y-28.7382
G1 X-24.7433 Y-28.7277
G1 X-24.7272 Y-28.7164
G1 X-24.6563 Y-28.6637
G1 X-24.6412 Y-28.6512
G1 X-24.6178 Y-28.6302
G1 X-19.6000 Y-28.6302
G1 X-19.5803 Y-28.6297
G1 X-19.5313 Y-28.6273
G1 X-19.5117 Y-28.6259
G1 X-19.4922 Y-28.6235
G1 X-19.4437 Y-28.6163
G1 X-19.4243 Y-28.6129
G1 X-19.4052 Y-28.6086
G1 X-19.3575 Y-28.5967
G1 X-19.3386 Y-28.5914
G1 X-19.3200 Y-28.5853
G1 X-19.2646 Y-28.5653
G1 X-19.2375 Y-28.5537
G1 X-19.1931 Y-28.5327
G1 X-19.1756 Y-28.5239
G1 X-19.1585 Y-28.5142
G1 X-19.1164 Y-28.4890
G1 X-19.0995 Y-28.4783
G1 X-19.0837 Y-28.4672
G1 X-19.0443 Y-28.4379
G1 X-19.0288 Y-28.4259
G1 X-19.0140 Y-28.4130
G1 X-18.9776 Y-28.3801
G1 X-18.9634 Y-28.3665
G1 X-14.4068 Y-23.8100
G1 X-13.9800 Y-23.8099
G1 X-13.9603 Y-23.8095
G1 X-13.8721 Y-23.8050
G1 X-13.8428 Y-23.8018
G1 X-13.7652 Y-23.7902
G1 X-13.7458 Y-23.7869
G1 X-13.7267 Y-23.7826
G1 X-13.6410 Y-23.7610
G1 X-13.6130 Y-23.7521
G1 X-13.5390 Y-23.7257
G1 X-13.5207 Y-23.7186
G1 X-13.5028 Y-23.7106
G1 X-13.4318 Y-23.6771
G1 X-13.4143 Y-23.6683
G1 X-13.3972 Y-23.6586
G1 X-13.3299 Y-23.6182
G1 X-13.3133 Y-23.6077
G1 X-13.2972 Y-23.5964
G1 X-13.2342 Y-23.5496
G1 X-13.2187 Y-23.5376
G1 X-13.2038 Y-23.5247
G1 X-13.1456 Y-23.4720
G1 X-13.1314 Y-23.4585
G1 X-13.1179 Y-23.4443
G1 X-13.0652 Y-23.3861
G1 X-13.0523 Y-23.3712
G1 X-13.0403 Y-23.3557
G1 X-12.9935 Y-23.2927
G1 X-12.9822 Y-23.2766
G1 X-12.9717 Y-23.2600
G1 X-12.9313 Y-23.1927
G1 X-12.9216 Y-23.1756
G1 X-12.9128 Y-23.1581
G1 X-12.8793 Y-23.0871
G1 X-12.8713 Y-23.0692
G1 X-12.8642 Y-23.0509
G1 X-12.8378 Y-22.9769
G1 X-12.8316 Y-22.9583
G1 X-12.8264 Y-22.9394
G1 X-12.8073 Y-22.8632
G1 X-12.8030 Y-22.8441
G1 X-12.7997 Y-22.8247
G1 X-12.7881 Y-22.7471
G1 X-12.7857 Y-22.7276
G1 X-12.7843 Y-22.7080
G1 X-12.7804 Y-22.6296
G1 X-12.7800 Y-22.6100
G1 X-12.7804 Y-22.5903
G1 X-12.7843 Y-22.5119
G1 X-12.7857 Y-22.4923
G1 X-12.7881 Y-22.4728
G1 X-12.7997 Y-22.3952
G1 X-12.8030 Y-22.3758
G1 X-12.8073 Y-22.3567
G1 X-12.8264 Y-22.2805
G1 X-12.8316 Y-22.2616
G1 X-12.8378 Y-22.2430
G1 X-12.8676 Y-22.1598
G1 X-12.8793 Y-22.1328
G1 X-12.9128 Y-22.0618
G1 X-12.9216 Y-22.0443
G1 X-12.9313 Y-22.0272
G1 X-12.9717 Y-21.9599
G1 X-12.9822 Y-21.9433
G1 X-12.9935 Y-21.9272
G1 X-13.0403 Y-21.8642
G1 X-13.0523 Y-21.8487
G1 X-13.0652 Y-21.8338
G1 X-13.1179 Y-21.7756
G1 X-13.1314 Y-21.7614
G1 X-13.1456 Y-21.7479
G1 X-13.2038 Y-21.6952
G1 X-13.2187 Y-21.6823
G1 X-13.2342 Y-21.6703
G1 X-13.2972 Y-21.6235
G1 X-13.3133 Y-21.6122
G1 X-13.3299 Y-21.6017
G1 X-13.3972 Y-21.5613
G1 X-13.4230 Y-21.5471
G1 X-13.5028 Y-21.5093
G1 X-13.5207 Y-21.5013
G1 X-13.5390 Y-21.4942
G1 X-13.6130 Y-21.4678
G1 X-13.6316 Y-21.4616
G1 X-13.6505 Y-21.4564
G1 X-13.7267 Y-21.4373
G1 X-13.7458 Y-21.4330
G1 X-13.7652 Y-21.4297
G1 X-13.8428 Y-21.4181
G1 X-13.8623 Y-21.4157
G1 X-13.8819 Y-21.4143
G1 X-13.9603 Y-21.4104
G1 X-13.9800 Y-21.4100
G1 X-14.9898 Y-21.4101
G1 X-15.0780 Y-21.4143
G1 X-15.0976 Y-21.4157
G1 X-15.1171 Y-21.4181
G1 X-15.2044 Y-21.4312
G1 X-15.2332 Y-21.4373
G1 X-15.3094 Y-21.4564
G1 X-15.3283 Y-21.4616
G1 X-15.3469 Y-21.4678
G1 X-15.4209 Y-21.4942
G1 X-15.4392 Y-21.5013
G1 X-15.4571 Y-21.5093
G1 X-15.5281 Y-21.5428
G1 X-15.5456 Y-21.5516
G1 X-15.5627 Y-21.5613
G1 X-15.6300 Y-21.6017
G1 X-15.6466 Y-21.6122
G1 X-15.6627 Y-21.6235
G1 X-15.7257 Y-21.6703
G1 X-15.7412 Y-21.6823
G1 X-15.7561 Y-21.6952
G1 X-15.8162 Y-21.7497
G1 X-19.5378 Y-21.7497
G1 X-19.5612 Y-21.7287
G1 X-19.5763 Y-21.7162
G1 X-19.6552 Y-21.6577
G1 X-19.6799 Y-21.6417
G1 X-19.7472 Y-21.6013
G1 X-19.7730 Y-21.5871
G1 X-19.8528 Y-21.5493
G1 X-19.8707 Y-21.5413
G1 X-19.8890 Y-21.5342
G1 X-19.9630 Y-21.5078
G1 X-19.9816 Y-21.5016
G1 X-20.0005 Y-21.4964
G1 X-20.0767 Y-21.4773
G1 X-20.1055 Y-21.4712
G1 X-20.1928 Y-21.4581
G1 X-20.2123 Y-21.4557
G1 X-20.2319 Y-21.4543
G1 X-20.3201 Y-21.4501
G1 X-21.3300 Y-21.4500
G1 X-21.3496 Y-21.4504
G1 X-21.4280 Y-21.4543
G1 X-21.4476 Y-21.4557
G1 X-21.4671 Y-21.4581
G1 X-21.5447 Y-21.4697
G1 X-21.5641 Y-21.4730
G1 X-21.5832 Y-21.4773
G1 X-21.6594 Y-21.4964
G1 X-21.6783 Y-21.5016
G1 X-21.6969 Y-21.5078
G1 X-21.7801 Y-21.5376
G1 X-21.8071 Y-21.5493
G1 X-21.8781 Y-21.5828
G1 X-21.8956 Y-21.5916
G1 X-21.9127 Y-21.6013
G1 X-21.9884 Y-21.6468
G1 X-22.0127 Y-21.6635
G1 X-22.0836 Y-21.7162
G1 X-22.0987 Y-21.7287
G1 X-22.1221 Y-21.7497
G1 X-24.6178 Y-21.7497
G1 X-24.6412 Y-21.7287
G1 X-24.6563 Y-21.7162
G1 X-24.7272 Y-21.6635
G1 X-24.7515 Y-21.6468
G1 X-24.8272 Y-21.6013
G1 X-24.8443 Y-21.5916
G1 X-24.8618 Y-21.5828
G1 X-24.9417 Y-21.5452
G1 X-24.9690 Y-21.5342
G1 X-25.0430 Y-21.5078
G1 X-25.0616 Y-21.5016
G1 X-25.0805 Y-21.4964
G1 X-25.1567 Y-21.4773
G1 X-25.1758 Y-21.4730
G1 X-25.1952 Y-21.4697
G1 X-25.2826 Y-21.4568
G1 X-25.3119 Y-21.4543
G1 X-25.3903 Y-21.4504
G1 X-25.4100 Y-21.4500
G1 X-26.4198 Y-21.4501
G1 X-26.5080 Y-21.4543
G1 X-26.5276 Y-21.4557
G1 X-26.5471 Y-21.4581
G1 X-26.6247 Y-21.4697
G1 X-26.6537 Y-21.4750
G1 X-26.7394 Y-21.4964
G1 X-26.7583 Y-21.5016
G1 X-26.7769 Y-21.5078
G1 X-26.8509 Y-21.5342
G1 X-26.8692 Y-21.5413
G1 X-26.8871 Y-21.5493
G1 X-26.9581 Y-21.5828
G1 X-26.9756 Y-21.5916
G1 X-26.9927 Y-21.6013
G1 X-27.0600 Y-21.6417
G1 X-27.0847 Y-21.6577
G1 X-27.1557 Y-21.7103
G1 X-27.1712 Y-21.7223
G1 X-27.1861 Y-21.7352
G1 X-27.2443 Y-21.7879
G1 X-27.2585 Y-21.8014
G1 X-27.2720 Y-21.8156
G1 X-27.3247 Y-21.8738
G1 X-27.3376 Y-21.8887
G1 X-27.3496 Y-21.9042
G1 X-27.3964 Y-21.9672
G1 X-27.4077 Y-21.9833
G1 X-27.4182 Y-21.9999
G1 X-27.4586 Y-22.0672
G1 X-27.4683 Y-22.0843
G1 X-27.4771 Y-22.1018
G1 X-27.5106 Y-22.1728
G1 X-27.5186 Y-22.1907
G1 X-27.5257 Y-22.2090
G1 X-27.5521 Y-22.2830
G1 X-27.5610 Y-22.3110
G1 X-27.5826 Y-22.3967
G1 X-27.5869 Y-22.4158
G1 X-27.5902 Y-22.4352
G1 X-27.6018 Y-22.5128
G1 X-27.6042 Y-22.5323
G1 X-27.6056 Y-22.5519
G1 X-27.6095 Y-22.6303
G1 X-27.6099 Y-22.6500
G1 X-27.6095 Y-22.6696
G1 X-27.6056 Y-22.7480
G1 X-27.6042 Y-22.7676
G1 X-27.6018 Y-22.7871
G1 X-27.5902 Y-22.8647
G1 X-27.5869 Y-22.8841
G1 X-27.5826 Y-22.9032
G1 X-27.5610 Y-22.9889
G1 X-27.5521 Y-23.0169
G1 X-27.5257 Y-23.0909
G1 X-27.5186 Y-23.1092
G1 X-27.5106 Y-23.1271
G1 X-27.4771 Y-23.1981
G1 X-27.4683 Y-23.2156
G1 X-27.4586 Y-23.2327
G1 X-27.4182 Y-23.3000
G1 X-27.4077 Y-23.3166
G1 X-27.3964 Y-23.3327
G1 X-27.3496 Y-23.3957
G1 X-27.3376 Y-23.4112
G1 X-27.3247 Y-23.4261
G1 X-27.2720 Y-23.4843
G1 X-27.2585 Y-23.4985
G1 X-27.2443 Y-23.5120
G1 X-27.1861 Y-23.5647
G1 X-27.1712 Y-23.5776
G1 X-27.1557 Y-23.5896
G1 X-27.0927 Y-23.6364
G1 X-27.0766 Y-23.6477
G1 X-27.0600 Y-23.6582
G1 X-26.9927 Y-23.6986
G1 X-26.9756 Y-23.7083
G1 X-26.9581 Y-23.7171
G1 X-26.8782 Y-23.7547
G1 X-26.8509 Y-23.7657
G1 X-26.7769 Y-23.7921
G1 X-26.7583 Y-23.7983
G1 X-26.7394 Y-23.8035
G1 X-26.6632 Y-23.8226
G1 X-26.6441 Y-23.8269
G1 X-26.6247 Y-23.8302
G1 X-26.5471 Y-23.8418
G1 X-26.5276 Y-23.8442
G1 X-26.5080 Y-23.8456
G1 X-26.4296 Y-23.8495
G1 X-26.4100 Y-23.8499
G1 X-25.4100 Y-23.8499
G1 X-25.3903 Y-23.8495
G1 X-25.3119 Y-23.8456
G1 X-25.2923 Y-23.8442
G1 X-25.2728 Y-23.8418
G1 X-25.1952 Y-23.8302
G1 X-25.1758 Y-23.8269
G1 X-25.1567 Y-23.8226
G1 X-25.0805 Y-23.8035
G1 X-25.0616 Y-23.7983
G1 X-25.0430 Y-23.7921
G1 X-24.9690 Y-23.7657
G1 X-24.9417 Y-23.7547
G1 X-24.8618 Y-23.7171
G1 X-24.8443 Y-23.7083
G1 X-24.8272 Y-23.6986
G1 X-24.7515 Y-23.6531
G1 X-24.7272 Y-23.6364
G1 X-24.6563 Y-23.5837
G1 X-24.6412 Y-23.5712
G1 X-24.6178 Y-23.5502
G1 X-22.1221 Y-23.5502
G1 X-22.0987 Y-23.5712
G1 X-22.0836 Y-23.5837
G1 X-22.0047 Y-23.6422
G1 X-21.9800 Y-23.6582
G1 X-21.9127 Y-23.6986
G1 X-21.8869 Y-23.7128
G1 X-21.8071 Y-23.7506
G1 X-21.7892 Y-23.7586
G1 X-21.7709 Y-23.7657
G1 X-21.6969 Y-23.7921
G1 X-21.6783 Y-23.7983
G1 X-21.6594 Y-23.8035
G1 X-21.5832 Y-23.8226
G1 X-21.5544 Y-23.8287
G1 X-21.4671 Y-23.8418
G1 X-21.4476 Y-23.8442
G1 X-21.4280 Y-23.8456
G1 X-21.3398 Y-23.8498
G1 X-20.3300 Y-23.8499
G1 X-20.3103 Y-23.8495
G1 X-20.2319 Y-23.8456
G1 X-20.2123 Y-23.8442
G1 X-20.1928 Y-23.8418
G1 X-20.1152 Y-23.8302
G1 X-20.0958 Y-23.8269
G1 X-20.0767 Y-23.8226
G1 X-20.0005 Y-23.8035
G1 X-19.9816 Y-23.7983
G1 X-19.9630 Y-23.7921
G1 X-19.8798 Y-23.7623
G1 X-19.8528 Y-23.7506
G1 X-19.7818 Y-23.7171
G1 X-19.7643 Y-23.7083
G1 X-19.7472 Y-23.6986
G1 X-19.6715 Y-23.6531
G1 X-19.6472 Y-23.6364
G1 X-19.5763 Y-23.5837
G1 X-19.5612 Y-23.5712
G1 X-19.5378 Y-23.5502
G1 X-16.6933 Y-23.5502
G1 X-19.9728 Y-26.8297
G1 X-24.6178 Y-26.8297
G1 X-24.6412 Y-26.8087
G1 X-24.6563 Y-26.7962
G1 X-24.7272 Y-26.7435
G1 X-24.7433 Y-26.7322
G1 X-24.7599 Y-26.7217
G1 X-24.8272 Y-26.6813
G1 X-24.8443 Y-26.6716
G1 X-24.8618 Y-26.6628
G1 X-24.9328 Y-26.6293
G1 X-24.9507 Y-26.6213
G1 X-24.9690 Y-26.6142
G1 X-25.0522 Y-26.5846
G1 X-25.0805 Y-26.5764
G1 X-25.1567 Y-26.5573
G1 X-25.1758 Y-26.5530
G1 X-25.1952 Y-26.5497
G1 X-25.2728 Y-26.5381
G1 X-25.2923 Y-26.5357
G1 X-25.3119 Y-26.5343
G1 X-25.3903 Y-26.5304
G1 X-25.4100 Y-26.5300
G1 X-26.4100 Y-26.5300
G1 X-26.4296 Y-26.5304
G1 X-26.5080 Y-26.5343
G1 X-26.5276 Y-26.5357
G1 X-26.5471 Y-26.5381
G1 X-26.6247 Y-26.5497
G1 X-26.6441 Y-26.5530
G1 X-26.6632 Y-26.5573
G1 X-26.7394 Y-26.5764
G1 X-26.7583 Y-26.5816
G1 X-26.7769 Y-26.5878
G1 X-26.8509 Y-26.6142
G1 X-26.8692 Y-26.6213
G1 X-26.8871 Y-26.6293
G1 X-26.9581 Y-26.6628
G1 X-26.9842 Y-26.6764
G1 X-27.0600 Y-26.7217
G1 X-27.0766 Y-26.7322
G1 X-27.0927 Y-26.7435
G1 X-27.1557 Y-26.7903
G1 X-27.1787 Y-26.8087
G1 X-27.2443 Y-26.8679
G1 X-27.2653 Y-26.8884
G1 X-27.3312 Y-26.9612
G1 X-27.3496 Y-26.9842
G1 X-27.3964 Y-27.0472
G1 X-27.4131 Y-27.0715
G1 X-27.4635 Y-27.1557
G1 X-27.4771 Y-27.1818
G1 X-27.5106 Y-27.2528
G1 X-27.5186 Y-27.2707
G1 X-27.5257 Y-27.2890
G1 X-27.5521 Y-27.3630
G1 X-27.5610 Y-27.3910
G1 X-27.5826 Y-27.4767
G1 X-27.5887 Y-27.5055
G1 X-27.6031 Y-27.6026
G1 X-27.6056 Y-27.6319
G1 X-27.6098 Y-27.7201
G1 X-27.6095 Y-27.7496
G1 X-27.6056 Y-27.8280
G1 X-27.6042 Y-27.8476
G1 X-27.6018 Y-27.8671
G1 X-27.5902 Y-27.9447
G1 X-27.5939 Y-27.9200
G1 X-39.5865 Y-27.9200
G1 Z2.0000
G1 X-39.8042 Y-27.4400
G1 F60.00
G1 Z0.3
G1 F120.00
G1 X-27.5734 Y-27.4400
G1 Z2.0000
G1 X-27.3302 Y-26.9600
G1 F60.00
G1 Z0.3
G1 F120.00
G1 X-40.2247 Y-26.9600
G1 Z2.0000
G1 X-39.6949 Y-29.3600
G1 F60.00
G1 Z0.3
G1 F120.00
G1 X41.6950 Y-29.3600
G1 Z2.0000
G1 X42.0161 Y-29.8400
G1 F60.00
G1 Z0.3
G1 F120.00
G1 X-40.0160 Y-29.8400
G1 Z2.0000
G1 X-40.6717 Y-30.3200
G1 F60.00
G1 Z0.3
G1 F120.00
G1 X42.6718 Y-30.3200
G1 Z2.0000
G1 X44.3283 Y-30.3200
G1 F60.00
G1 Z0.3
G1 F120.00
G1 X49.0000 Y-30.3200
G1 X49.0000 Y-30.8000
G1 X-46.9999 Y-30.8000
G1 X-46.9999 Y-31.2800
G1 X49.0000 Y-31.2800
G1 X48.9851 Y-31.7600
G1 X-46.9850 Y-31.7600
G1 X-46.8865 Y-32.2400
G1 X48.8866 Y-32.2400
G1 X48.6792 Y-32.7200
G1 X-46.6791 Y-32.7200
G1 X-46.3282 Y-33.2000
G1 X48.3283 Y-33.2000
G1 X47.7186 Y-33.6800
G1 X-45.7185 Y-33.6800
G1 X-46.9999 Y-30.3200
G1 X-42.3282 Y-30.3200
G1 Z2.0000
G1 X-42.9839 Y-29.8400
G1 F60.00
G1 Z0.3
G1 F120.00
G1 X-46.9999 Y-29.8400
G1 X-46.9999 Y-29.3600
G1 X-43.3050 Y-29.3600
G1 Z2.0000
G1 X-43.4630 Y-28.8800
G1 F60.00
G1 Z0.3
G1 F120.00
G1 X-46.9999 Y-28.8800
G1 X-46.9999 Y-28.4000
G1 X-43.4969 Y-28.4000
G1 Z2.0000
G1 X-43.4994 Y-28.5392
G1 F60.00
G1 Z0.3
G1 F120.00
G1 X-43.4989 Y-28.5589
G1 X-43.4945 Y-28.6471
G1 X-43.4848 Y-28.7448
G1 X-43.4704 Y-28.8419
G1 X-43.4513 Y-28.9381
G1 X-43.4274 Y-29.0333
G1 X-43.3989 Y-29.1273
G1 X-43.3659 Y-29.2197
G1 X-43.3283 Y-29.3104
G1 X-43.2863 Y-29.3991
G1 X-43.2400 Y-29.4857
G1 X-43.1896 Y-29.5699
G1 X-43.1350 Y-29.6515
G1 X-43.0766 Y-29.7304
G1 X-43.0143 Y-29.8062
G1 X-42.9484 Y-29.8790
G1 X-42.8790 Y-29.9484
G1 X-42.8062 Y-30.0143
G1 X-42.7304 Y-30.0766
G1 X-42.6515 Y-30.1350
G1 X-42.5699 Y-30.1896
G1 X-42.4857 Y-30.2400
G1 X-42.3991 Y-30.2863
G1 X-42.3104 Y-30.3283
G1 X-42.2197 Y-30.3659
G1 X-42.1273 Y-30.3989
G1 X-42.0333 Y-30.4274
G1 X-41.9381 Y-30.4513
G1 X-41.8419 Y-30.4704
G1 X-41.7448 Y-30.4848
G1 X-41.6471 Y-30.4945
G1 X-41.5490 Y-30.4993
G1 X-41.4509 Y-30.4993
G1 X-41.3528 Y-30.4945
G1 X-41.2551 Y-30.4848
G1 X-41.1580 Y-30.4704
G1 X-41.0618 Y-30.4513
G1 X-40.9666 Y-30.4274
G1 X-40.8726 Y-30.3989
G1 X-40.7802 Y-30.3659
G1 X-40.6895 Y-30.3283
G1 X-40.6008 Y-30.2863
G1 X-40.5142 Y-30.2400
G1 X-40.4300 Y-30.1896
G1 X-40.3484 Y-30.1350
G1 X-40.2695 Y-30.0766
G1 X-40.1937 Y-30.0143
G1 X-40.1209 Y-29.9484
G1 X-40.0515 Y-29.8790
G1 X-39.9856 Y-29.8062
G1 X-39.9233 Y-29.7304
G1 X-39.8649 Y-29.6515
G1 X-39.8103 Y-29.5699
G1 X-39.7599 Y-29.4857
G1 X-39.7136 Y-29.3991
G1 X-39.6716 Y-29.3104
G1 X-39.6340 Y-29.2197
G1 X-39.6010 Y-29.1273
G1 X-39.5725 Y-29.0333
G1 X-39.5486 Y-28.9381
G1 X-39.5295 Y-28.8419
G1 X-39.5151 Y-28.7448
G1 X-39.5055 Y-28.6471
G1 X-39.5006 Y-28.5490
G1 X-39.5006 Y-28.4509
G1 X-39.5055 Y-28.3528
G1 X-39.5151 Y-28.2551
G1 X-39.5295 Y-28.1580
G1 X-39.5486 Y-28.0618
G1 X-39.5725 Y-27.9666
G1 X-39.6010 Y-27.8726
G1 X-39.6340 Y-27.7802
G1 X-39.6716 Y-27.6895
G1 X-39.7136 Y-27.6008
G1 X-39.7599 Y-27.5142
G1 X-39.8103 Y-27.4300
G1 X-39.8649 Y-27.3484
G1 X-39.9233 Y-27.2695
G1 X-39.9856 Y-27.1937
G1 X-40.0515 Y-27.1209
G1 X-40.1209 Y-27.0515
G1 X-40.1937 Y-26.9856
G1 X-40.2695 Y-26.9233
G1 X-40.3484 Y-26.8649
G1 X-40.4300 Y-26.8103
G1 X-40.5142 Y-26.7599
G1 X-40.6008 Y-26.7136
G1 X-40.6895 Y-26.6716
G1 X-40.7802 Y-26.6340
G1 X-40.8726 Y-26.6010
G1 X-40.9666 Y-26.5725
G1 X-41.0618 Y-26.5486
G1 X-41.1580 Y-26.5295
G1 X-41.2551 Y-26.5151
G1 X-41.3528 Y-26.5055
G1 X-41.4509 Y-26.5006
G1 X-41.5490 Y-26.5006
G1 X-41.6471 Y-26.5055
G1 X-41.7448 Y-26.5151
G1 X-41.8419 Y-26.5295
G1 X-41.9381 Y-26.5486
G1 X-42.0333 Y-26.5725
G1 X-42.1273 Y-26.6010
G1 X-42.2197 Y-26.6340
G1 X-42.3104 Y-26.6716
G1 X-42.3991 Y-26.7136
G1 X-42.4857 Y-26.7599
G1 X-42.5699 Y-26.8103
G1 X-42.6515 Y-26.8649
G1 X-42.7304 Y-26.9233
G1 X-42.8062 Y-26.9856
G1 X-42.8790 Y-27.0515
G1 X-42.9484 Y-27.1209
G1 X-43.0143 Y-27.1937
G1 X-43.0766 Y-27.2695
G1 X-43.1350 Y-27.3484
G1 X-43.1896 Y-27.4300
G1 X-43.2400 Y-27.5142
G1 X-43.2863 Y-27.6008
G1 X-43.3283 Y-27.6895
G1 X-43.3659 Y-27.7802
G1 X-43.3989 Y-27.8726
G1 X-43.4274 Y-27.9666
G1 X-43.4513 Y-28.0618
G1 X-43.4704 Y-28.1580
G1 X-43.4848 Y-28.2551
G1 X-43.4945 Y-28.3528
G1 X-43.4993 Y-28.4509
G1 X-43.4994 Y-28.5392
G1 Z2.0000
G1 X-43.4134 Y-27.9200
G1 F60.00
G1 Z0.3
G1 F120.00
G1 X-46.9999 Y-27.9200
G1 X-46.9999 Y-27.4400
G1 X-43.1957 Y-27.4400
G1 Z2.0000
G1 X-42.7752 Y-26.9600
G1 F60.00
G1 Z0.3
G1 F120.00
G1 X-46.9999 Y-26.9600
G1 X-46.9999 Y-26.4800
G1 X-19.6231 Y-26.4800
G1 X-19.1431 Y-26.0000
G1 X-46.9999 Y-26.0000
G1 X-46.9999 Y-25.5200
G1 X-18.6631 Y-25.5200
G1 X-18.1831 Y-25.0400
G1 X-46.9999 Y-25.0400
G1 X-46.9999 Y-24.5600
G1 X-17.7031 Y-24.5600
G1 X-17.2231 Y-24.0800
G1 X-46.9999 Y-24.0800
G1 X-46.9999 Y-23.6000
G1 X-27.1418 Y-23.6000
G1 Z2.0000
G1 X-27.5139 Y-23.1200
G1 F60.00
G1 Z0.3
G1 F120.00
G1 X-46.9999 Y-23.1200
G1 X-46.9999 Y-22.6400
G1 X-27.6098 Y-22.6400
G1 Z2.0000
G1 X-27.5046 Y-22.1600
G1 F60.00
G1 Z0.3
G1 F120.00
G1 X-46.9999 Y-22.1600
G1 X-46.9999 Y-21.6800
G1 X-27.1149 Y-21.6800
G1 Z2.0000
G1 X-24.7050 Y-21.6800
G1 F60.00
G1 Z0.3
G1 F120.00
G1 X-22.0349 Y-21.6800
G1 Z2.0000
G1 X-22.0618 Y-23.6000
G1 F60.00
G1 Z0.3
G1 F120.00
G1 X-24.6781 Y-23.6000
G1 Z2.0000
G1 X-19.5981 Y-23.6000
G1 F60.00
G1 Z0.3
G1 F120.00
G1 X-16.7431 Y-23.6000
G1 Z2.0000
G1 X-15.6369 Y-25.0400
G1 F60.00
G1 Z0.3
G1 F120.00
G1 X-11.6917 Y-25.0400
G1 X-12.1717 Y-25.5200
G1 X-16.1169 Y-25.5200
G1 X-16.5969 Y-26.0000
G1 X-12.6517 Y-26.0000
G1 X-13.1317 Y-26.4800
G1 X-17.0769 Y-26.4800
G1 X-17.5569 Y-26.9600
G1 X-14.6302 Y-26.9600
G1 Z2.0000
G1 X-14.8734 Y-27.4400
G1 F60.00
G1 Z0.3
G1 F120.00
G1 X-18.0369 Y-27.4400
G1 X-18.5169 Y-27.9200
G1 X-14.8939 Y-27.9200
G1 X-14.8902 Y-27.9447
G1 X-14.8887 Y-27.9544
G1 X-14.8849 Y-27.9737
G1 X-14.8635 Y-28.0594
G1 X-14.8553 Y-28.0877
G1 X-14.8257 Y-28.1709
G1 X-14.8186 Y-28.1892
G1 X-14.8106 Y-28.2071
G1 X-14.7771 Y-28.2781
G1 X-14.7635 Y-28.3042
G1 X-14.7182 Y-28.3800
G1 X-14.7077 Y-28.3966
G1 X-14.6964 Y-28.4127
G1 X-14.6496 Y-28.4757
G1 X-14.6376 Y-28.4912
G1 X-14.6247 Y-28.5061
G1 X-14.5720 Y-28.5643
G1 X-14.5585 Y-28.5785
G1 X-14.5443 Y-28.5920
G1 X-14.4787 Y-28.6512
G1 X-14.4557 Y-28.6696
G1 X-14.3927 Y-28.7164
G1 X-14.3766 Y-28.7277
G1 X-14.3600 Y-28.7382
G1 X-14.2927 Y-28.7786
G1 X-14.2756 Y-28.7883
G1 X-14.2581 Y-28.7971
G1 X-14.1782 Y-28.8347
G1 X-14.1509 Y-28.8457
G1 X-14.0769 Y-28.8721
G1 X-14.0583 Y-28.8783
G1 X-14.0394 Y-28.8835
G1 X-13.9632 Y-28.9026
G1 X-13.9441 Y-28.9069
G1 X-13.9247 Y-28.9102
G1 X-13.8471 Y-28.9218
G1 X-13.8276 Y-28.9242
G1 X-13.8080 Y-28.9256
G1 X-13.7198 Y-28.9298
G1 X-12.7001 Y-28.9298
G1 X-12.6119 Y-28.9256
G1 X-12.5923 Y-28.9242
G1 X-12.5728 Y-28.9218
G1 X-12.4952 Y-28.9102
G1 X-12.4758 Y-28.9069
G1 X-12.4567 Y-28.9026
G1 X-12.3805 Y-28.8835
G1 X-12.3616 Y-28.8783
G1 X-12.3430 Y-28.8721
G1 X-12.2690 Y-28.8457
G1 X-12.2507 Y-28.8386
G1 X-12.2328 Y-28.8306
G1 X-12.1618 Y-28.7971
G1 X-12.1357 Y-28.7835
G1 X-12.0599 Y-28.7382
G1 X-12.0433 Y-28.7277
G1 X-12.0272 Y-28.7164
G1 X-11.9563 Y-28.6637
G1 X-11.9338 Y-28.6447
G1 X-11.8684 Y-28.5853
G1 X-11.8546 Y-28.5715
G1 X-11.8170 Y-28.5302
G1 X22.3500 Y-28.5302
G1 X22.3697 Y-28.5297
G1 X22.4089 Y-28.5277
G1 X22.4285 Y-28.5263
G1 X22.4480 Y-28.5239
G1 X22.4868 Y-28.5181
G1 X22.5158 Y-28.5127
G1 X22.5634 Y-28.5009
G1 X22.5823 Y-28.4957
G1 X22.6010 Y-28.4895
G1 X22.6380 Y-28.4763
G1 X22.6653 Y-28.4654
G1 X22.7097 Y-28.4445
G1 X22.7273 Y-28.4357
G1 X22.7443 Y-28.4260
G1 X22.7864 Y-28.4006
G1 X22.8107 Y-28.3840
G1 X22.8422 Y-28.3606
G1 X22.8577 Y-28.3485
G1 X22.8726 Y-28.3357
G1 X22.9097 Y-28.3018
G1 X25.4627 Y-25.7488
G1 X25.4958 Y-25.7125
G1 X25.5086 Y-25.6976
G1 X25.5207 Y-25.6821
G1 X25.5441 Y-25.6506
G1 X25.5554 Y-25.6345
G1 X25.5659 Y-25.6179
G1 X25.5861 Y-25.5842
G1 X25.5958 Y-25.5672
G1 X25.6046 Y-25.5496
G1 X25.6214 Y-25.5141
G1 X25.6295 Y-25.4957
G1 X25.6364 Y-25.4779
G1 X25.6496 Y-25.4409
G1 X25.6558 Y-25.4222
G1 X25.6610 Y-25.4033
G1 X25.6706 Y-25.3652
G1 X25.6749 Y-25.3461
G1 X25.6782 Y-25.3267
G1 X25.6840 Y-25.2879
G1 X25.6864 Y-25.2684
G1 X25.6878 Y-25.2488
G1 X25.6898 Y-25.2096
G1 X25.6902 Y-25.1900
G1 X25.6902 Y-19.9908
G1 X25.7290 Y-19.9810
G1 X25.7478 Y-19.9753
G1 X25.8310 Y-19.9457
G1 X25.8583 Y-19.9347
G1 X25.9382 Y-19.8971
G1 X25.9557 Y-19.8883
G1 X25.9728 Y-19.8786
G1 X26.0401 Y-19.8382
G1 X26.0648 Y-19.8222
G1 X26.1358 Y-19.7696
G1 X26.1513 Y-19.7576
G1 X26.1662 Y-19.7447
G1 X26.2244 Y-19.6920
G1 X26.2386 Y-19.6785
G1 X26.2521 Y-19.6643
G1 X26.3048 Y-19.6061
G1 X26.3177 Y-19.5912
G1 X26.3297 Y-19.5757
G1 X26.3765 Y-19.5127
G1 X26.3932 Y-19.4884
G1 X26.4387 Y-19.4127
G1 X26.4484 Y-19.3956
G1 X26.4572 Y-19.3781
G1 X26.4907 Y-19.3071
G1 X26.4987 Y-19.2892
G1 X26.5058 Y-19.2709
G1 X26.5322 Y-19.1969
G1 X26.5384 Y-19.1783
G1 X26.5436 Y-19.1594
G1 X26.5627 Y-19.0832
G1 X26.5670 Y-19.0641
G1 X26.5703 Y-19.0447
G1 X26.5819 Y-18.9671
G1 X26.5843 Y-18.9476
G1 X26.5857 Y-18.9280
G1 X26.5896 Y-18.8496
G1 X26.5900 Y-18.8300
G1 X26.5896 Y-18.8103
G1 X26.5857 Y-18.7319
G1 X26.5843 Y-18.7123
G1 X26.5819 Y-18.6928
G1 X26.5703 Y-18.6152
G1 X26.5650 Y-18.5862
G1 X26.5436 Y-18.5005
G1 X26.5384 Y-18.4816
G1 X26.5322 Y-18.4630
G1 X26.5024 Y-18.3798
G1 X26.4907 Y-18.3528
G1 X26.4572 Y-18.2818
G1 X26.4484 Y-18.2643
G1 X26.4387 Y-18.2472
G1 X26.3983 Y-18.1799
G1 X26.3878 Y-18.1633
G1 X26.3765 Y-18.1472
G1 X26.3297 Y-18.0842
G1 X26.3177 Y-18.0687
G1 X26.3048 Y-18.0538
G1 X26.2521 Y-17.9956
G1 X26.2386 Y-17.9814
G1 X26.2244 Y-17.9679
G1 X26.1662 Y-17.9152
G1 X26.1513 Y-17.9023
G1 X26.1358 Y-17.8903
G1 X26.0648 Y-17.8377
G1 X26.0401 Y-17.8217
G1 X25.9728 Y-17.7813
G1 X25.9557 Y-17.7716
G1 X25.9382 Y-17.7628
G1 X25.8672 Y-17.7293
G1 X25.8493 Y-17.7213
G1 X25.8310 Y-17.7142
G1 X25.7570 Y-17.6878
G1 X25.7384 Y-17.6816
G1 X25.7195 Y-17.6764
G1 X25.6433 Y-17.6573
G1 X25.6242 Y-17.6530
G1 X25.6048 Y-17.6497
G1 X25.5272 Y-17.6381
G1 X25.5077 Y-17.6357
G1 X25.4881 Y-17.6343
G1 X25.4097 Y-17.6304
G1 X25.3900 Y-17.6300
G1 X24.3802 Y-17.6301
G1 X24.2920 Y-17.6343
G1 X24.2724 Y-17.6357
G1 X24.2529 Y-17.6381
G1 X24.1753 Y-17.6497
G1 X24.1463 Y-17.6550
G1 X24.0511 Y-17.6789
G1 X24.0231 Y-17.6878
G1 X23.9491 Y-17.7142
G1 X23.9308 Y-17.7213
G1 X23.9129 Y-17.7293
G1 X23.8419 Y-17.7628
G1 X23.8244 Y-17.7716
G1 X23.8073 Y-17.7813
G1 X23.7400 Y-17.8217
G1 X23.7234 Y-17.8322
G1 X23.7073 Y-17.8435
G1 X23.6443 Y-17.8903
G1 X23.6288 Y-17.9023
G1 X23.6139 Y-17.9152
G1 X23.5557 Y-17.9679
G1 X23.5415 Y-17.9814
G1 X23.5280 Y-17.9956
G1 X23.4753 Y-18.0538
G1 X23.4624 Y-18.0687
G1 X23.4504 Y-18.0842
G1 X23.4036 Y-18.1472
G1 X23.3923 Y-18.1633
G1 X23.3818 Y-18.1799
G1 X23.3414 Y-18.2472
G1 X23.3317 Y-18.2643
G1 X23.3229 Y-18.2818
G1 X23.2894 Y-18.3528
G1 X23.2814 Y-18.3707
G1 X23.2743 Y-18.3890
G1 X23.2479 Y-18.4630
G1 X23.2417 Y-18.4816
G1 X23.2365 Y-18.5005
G1 X23.2151 Y-18.5862
G1 X23.2098 Y-18.6152
G1 X23.1982 Y-18.6928
G1 X23.1958 Y-18.7123
G1 X23.1944 Y-18.7319
G1 X23.1905 Y-18.8103
G1 X23.1901 Y-18.8300
G1 X23.1905 Y-18.8496
G1 X23.1944 Y-18.9280
G1 X23.1958 Y-18.9476
G1 X23.1982 Y-18.9671
G1 X23.2098 Y-19.0447
G1 X23.2131 Y-19.0641
G1 X23.2174 Y-19.0832
G1 X23.2365 Y-19.1594
G1 X23.2417 Y-19.1783
G1 X23.2479 Y-19.1969
G1 X23.2743 Y-19.2709
G1 X23.2853 Y-19.2982
G1 X23.3272 Y-19.3869
G1 X23.3414 Y-19.4127
G1 X23.3818 Y-19.4800
G1 X23.3923 Y-19.4966
G1 X23.4036 Y-19.5127
G1 X23.4504 Y-19.5757
G1 X23.4688 Y-19.5987
G1 X23.5347 Y-19.6715
G1 X23.5557 Y-19.6920
G1 X23.6213 Y-19.7512
G1 X23.6443 Y-19.7696
G1 X23.7073 Y-19.8164
G1 X23.7234 Y-19.8277
G1 X23.7400 Y-19.8382
G1 X23.8073 Y-19.8786
G1 X23.8331 Y-19.8928
G1 X23.9129 Y-19.9306
G1 X23.9399 Y-19.9423
G1 X24.0323 Y-19.9753
G1 X24.0511 Y-19.9810
G1 X24.0898 Y-19.9908
G1 X24.0898 Y-24.8585
G1 X22.0186 Y-26.9298
G1 X-6.1981 Y-26.9298
G1 X-3.7541 Y-24.4858
G1 X-3.7406 Y-24.4716
G1 X-3.7142 Y-24.4425
G1 X-3.7014 Y-24.4276
G1 X-3.6893 Y-24.4121
G1 X-3.6602 Y-24.3726
G1 X-3.6493 Y-24.3563
G1 X-3.6239 Y-24.3142
G1 X-3.6142 Y-24.2972
G1 X-3.6054 Y-24.2796
G1 X-3.5882 Y-24.2432
G1 X-3.5805 Y-24.2257
G1 X-3.5736 Y-24.2079
G1 X-3.5604 Y-24.1709
G1 X-3.5515 Y-24.1428
G1 X-3.5394 Y-24.0952
G1 X-3.5333 Y-24.0664
G1 X-3.5247 Y-24.0081
G1 X-3.5222 Y-23.9788
G1 X-3.5199 Y-23.9298
G1 X-3.5198 Y-20.4414
G1 X-2.7185 Y-19.6402
G1 X-0.5878 Y-19.6402
G1 X-0.5502 Y-19.6815
G1 X-0.5363 Y-19.6953
G1 X-0.4710 Y-19.7547
G1 X-0.4484 Y-19.7737
G1 X-0.3776 Y-19.8264
G1 X-0.3615 Y-19.8377
G1 X-0.3449 Y-19.8482
G1 X-0.2691 Y-19.8935
G1 X-0.2430 Y-19.9071
G1 X-0.1720 Y-19.9406
G1 X-0.1541 Y-19.9486
G1 X-0.1357 Y-19.9557
G1 X-0.0618 Y-19.9821
G1 X-0.0432 Y-19.9883
G1 X-0.0243 Y-19.9935
G1 X0.0519 Y-20.0126
G1 X0.0711 Y-20.0169
G1 X0.0904 Y-20.0202
G1 X0.1681 Y-20.0318
G1 X0.1875 Y-20.0342
G1 X0.2071 Y-20.0356
G1 X0.2953 Y-20.0398
G1 X1.3150 Y-20.0398
G1 X1.4130 Y-20.0350
G1 X1.4423 Y-20.0318
G1 X1.5199 Y-20.0202
G1 X1.5393 Y-20.0169
G1 X1.5584 Y-20.0126
G1 X1.6346 Y-19.9935
G1 X1.6535 Y-19.9883
G1 X1.6721 Y-19.9821
G1 X1.7461 Y-19.9557
G1 X1.7644 Y-19.9486
G1 X1.7823 Y-19.9406
G1 X1.8533 Y-19.9071
G1 X1.8708 Y-19.8983
G1 X1.8879 Y-19.8886
G1 X1.9553 Y-19.8482
G1 X1.9718 Y-19.8377
G1 X1.9879 Y-19.8264
G1 X2.0510 Y-19.7796
G1 X2.0664 Y-19.7676
G1 X2.0813 Y-19.7547
G1 X2.1395 Y-19.7020
G1 X2.1537 Y-19.6885
G1 X2.1672 Y-19.6743
G1 X2.2200 Y-19.6161
G1 X2.2389 Y-19.5936
G1 X2.2974 Y-19.5147
G1 X2.3134 Y-19.4900
G1 X2.3538 Y-19.4227
G1 X2.3635 Y-19.4056
G1 X2.3723 Y-19.3881
G1 X2.4059 Y-19.3171
G1 X2.4175 Y-19.2901
G1 X2.4473 Y-19.2069
G1 X2.4535 Y-19.1883
G1 X2.4587 Y-19.1694
G1 X2.4778 Y-19.0932
G1 X2.4821 Y-19.0741
G1 X2.4855 Y-19.0547
G1 X2.4970 Y-18.9771
G1 X2.4994 Y-18.9576
G1 X2.5008 Y-18.9380
G1 X2.5047 Y-18.8596
G1 X2.5052 Y-18.8400
G1 X2.5047 Y-18.8203
G1 X2.5008 Y-18.7419
G1 X2.4994 Y-18.7223
G1 X2.4970 Y-18.7028
G1 X2.4855 Y-18.6252
G1 X2.4821 Y-18.6058
G1 X2.4778 Y-18.5867
G1 X2.4587 Y-18.5105
G1 X2.4535 Y-18.4916
G1 X2.4473 Y-18.4730
G1 X2.4209 Y-18.3990
G1 X2.4138 Y-18.3807
G1 X2.4059 Y-18.3628
G1 X2.3723 Y-18.2918
G1 X2.3635 Y-18.2743
G1 X2.3538 Y-18.2572
G1 X2.3083 Y-18.1815
G1 X2.2916 Y-18.1572
G1 X2.2449 Y-18.0942
G1 X2.2328 Y-18.0787
G1 X2.2200 Y-18.0638
G1 X2.1672 Y-18.0056
G1 X2.1467 Y-17.9846
G1 X2.0813 Y-17.9252
G1 X2.0664 Y-17.9123
G1 X2.0510 Y-17.9003
G1 X1.9879 Y-17.8535
G1 X1.9718 Y-17.8422
G1 X1.9553 Y-17.8317
G1 X1.8879 Y-17.7913
G1 X1.8708 Y-17.7816
G1 X1.8533 Y-17.7728
G1 X1.7823 Y-17.7393
G1 X1.7644 Y-17.7313
G1 X1.7461 Y-17.7242
G1 X1.6721 Y-17.6978
G1 X1.6535 Y-17.6916
G1 X1.6346 Y-17.6864
G1 X1.5584 Y-17.6673
G1 X1.5296 Y-17.6612
G1 X1.4423 Y-17.6481
G1 X1.4228 Y-17.6457
G1 X1.4032 Y-17.6443
G1 X1.3150 Y-17.6401
G1 X0.2953 Y-17.6401
G1 X0.2071 Y-17.6443
G1 X0.1875 Y-17.6457
G1 X0.1681 Y-17.6481
G1 X0.0904 Y-17.6597
G1 X0.0711 Y-17.6630
G1 X0.0519 Y-17.6673
G1 X-0.0243 Y-17.6864
G1 X-0.0432 Y-17.6916
G1 X-0.0618 Y-17.6978
G1 X-0.1357 Y-17.7242
G1 X-0.1631 Y-17.7352
G1 X-0.2430 Y-17.7728
G1 X-0.2605 Y-17.7816
G1 X-0.2776 Y-17.7913
G1 X-0.3449 Y-17.8317
G1 X-0.3696 Y-17.8477
G1 X-0.4406 Y-17.9003
G1 X-0.4636 Y-17.9187
G1 X-0.5363 Y-17.9846
G1 X-0.5502 Y-17.9984
G1 X-0.5878 Y-18.0398
G1 X-3.0598 Y-18.0399
G1 X-3.1088 Y-18.0422
G1 X-3.1284 Y-18.0436
G1 X-3.1479 Y-18.0460
G1 X-3.1867 Y-18.0518
G1 X-3.2061 Y-18.0551
G1 X-3.2252 Y-18.0594
G1 X-3.2633 Y-18.0690
G1 X-3.2822 Y-18.0742
G1 X-3.3009 Y-18.0804
G1 X-3.3379 Y-18.0936
G1 X-3.3652 Y-18.1045
G1 X-3.4184 Y-18.1297
G1 X-3.4442 Y-18.1439
G1 X-3.4863 Y-18.1693
G1 X-3.5106 Y-18.1859
G1 X-3.5421 Y-18.2093
G1 X-3.5576 Y-18.2214
G1 X-3.5725 Y-18.2342
G1 X-3.6096 Y-18.2681
G1 X-4.8926 Y-19.5511
G1 X-4.9257 Y-19.5874
G1 X-4.9385 Y-19.6023
G1 X-4.9506 Y-19.6178
G1 X-4.9740 Y-19.6493
G1 X-4.9853 Y-19.6654
G1 X-4.9958 Y-19.6820
G1 X-5.0160 Y-19.7157
G1 X-5.0257 Y-19.7327
G1 X-5.0345 Y-19.7503
G1 X-5.0550 Y-19.7938
G1 X-5.0628 Y-19.8125
G1 X-5.0827 Y-19.8683
G1 X-5.0884 Y-19.8871
G1 X-5.1005 Y-19.9347
G1 X-5.1066 Y-19.9635
G1 X-5.1139 Y-20.0120
G1 X-5.1163 Y-20.0315
G1 X-5.1177 Y-20.0511
G1 X-5.1197 Y-20.0903
G1 X-5.1202 Y-20.1100
G1 X-5.1202 Y-23.5885
G1 X-8.4614 Y-26.9298
G1 X-11.3181 Y-26.9298
G1 X-8.6015 Y-24.2132
G1 X-8.5892 Y-24.2186
G1 X-8.5709 Y-24.2257
G1 X-8.4969 Y-24.2521
G1 X-8.4783 Y-24.2583
G1 X-8.4594 Y-24.2635
G1 X-8.3737 Y-24.2849
G1 X-8.3447 Y-24.2902
G1 X-8.2671 Y-24.3018
G1 X-8.2476 Y-24.3042
G1 X-8.2280 Y-24.3056
G1 X-8.1496 Y-24.3095
G1 X-8.1201 Y-24.3098
G1 X-8.0221 Y-24.3050
G1 X-7.9928 Y-24.3018
G1 X-7.9152 Y-24.2902
G1 X-7.8958 Y-24.2869
G1 X-7.8767 Y-24.2826
G1 X-7.7910 Y-24.2610
G1 X-7.7630 Y-24.2521
G1 X-7.6890 Y-24.2257
G1 X-7.6707 Y-24.2186
G1 X-7.6528 Y-24.2106
G1 X-7.5818 Y-24.1771
G1 X-7.5643 Y-24.1683
G1 X-7.5472 Y-24.1586
G1 X-7.4799 Y-24.1182
G1 X-7.4633 Y-24.1077
G1 X-7.4472 Y-24.0964
G1 X-7.3842 Y-24.0496
G1 X-7.3687 Y-24.0376
G1 X-7.3538 Y-24.0247
G1 X-7.2956 Y-23.9720
G1 X-7.2814 Y-23.9585
G1 X-7.2679 Y-23.9443
G1 X-7.2152 Y-23.8861
G1 X-7.2023 Y-23.8712
G1 X-7.1903 Y-23.8557
G1 X-7.1435 Y-23.7927
G1 X-7.1322 Y-23.7766
G1 X-7.1217 Y-23.7600
G1 X-7.0813 Y-23.6927
G1 X-7.0716 Y-23.6756
G1 X-7.0628 Y-23.6581
G1 X-7.0293 Y-23.5871
G1 X-7.0213 Y-23.5692
G1 X-7.0142 Y-23.5509
G1 X-6.9878 Y-23.4769
G1 X-6.9816 Y-23.4583
G1 X-6.9764 Y-23.4394
G1 X-6.9550 Y-23.3537
G1 X-6.9497 Y-23.3247
G1 X-6.9381 Y-23.2471
G1 X-6.9357 Y-23.2276
G1 X-6.9343 Y-23.2080
G1 X-6.9304 Y-23.1296
G1 X-6.9300 Y-23.1100
G1 X-6.9300 Y-22.1100
G1 X-6.9304 Y-22.0903
G1 X-6.9343 Y-22.0119
G1 X-6.9357 Y-21.9923
G1 X-6.9381 Y-21.9728
G1 X-6.9512 Y-21.8855
G1 X-6.9573 Y-21.8567
G1 X-6.9764 Y-21.7805
G1 X-6.9816 Y-21.7616
G1 X-6.9878 Y-21.7430
G1 X-7.0142 Y-21.6690
G1 X-7.0213 Y-21.6507
G1 X-7.0293 Y-21.6328
G1 X-7.0628 Y-21.5618
G1 X-7.0716 Y-21.5443
G1 X-7.0813 Y-21.5272
G1 X-7.1217 Y-21.4599
G1 X-7.1322 Y-21.4433
G1 X-7.1435 Y-21.4272
G1 X-7.1903 Y-21.3642
G1 X-7.2023 Y-21.3487
G1 X-7.2152 Y-21.3338
G1 X-7.2679 Y-21.2756
G1 X-7.2814 Y-21.2614
G1 X-7.2956 Y-21.2479
G1 X-7.3538 Y-21.1952
G1 X-7.3687 Y-21.1823
G1 X-7.3842 Y-21.1703
G1 X-7.4472 Y-21.1235
G1 X-7.4633 Y-21.1122
G1 X-7.4799 Y-21.1017
G1 X-7.5472 Y-21.0613
G1 X-7.5643 Y-21.0516
G1 X-7.5818 Y-21.0428
G1 X-7.6528 Y-21.0093
G1 X-7.6707 Y-21.0013
G1 X-7.6890 Y-20.9942
G1 X-7.7630 Y-20.9678
G1 X-7.7816 Y-20.9616
G1 X-7.8005 Y-20.9564
G1 X-7.8767 Y-20.9373
G1 X-7.8958 Y-20.9330
G1 X-7.9152 Y-20.9297
G1 X-7.9928 Y-20.9181
G1 X-8.0221 Y-20.9149
G1 X-8.1201 Y-20.9101
G1 X-8.1496 Y-20.9104
G1 X-8.2280 Y-20.9143
G1 X-8.2476 Y-20.9157
G1 X-8.2671 Y-20.9181
G1 X-8.3447 Y-20.9297
G1 X-8.3737 Y-20.9350
G1 X-8.4689 Y-20.9589
G1 X-8.4969 Y-20.9678
G1 X-8.5801 Y-20.9976
G1 X-8.6071 Y-21.0093
G1 X-8.6781 Y-21.0428
G1 X-8.6956 Y-21.0516
G1 X-8.7127 Y-21.0613
G1 X-8.7800 Y-21.1017
G1 X-8.7966 Y-21.1122
G1 X-8.8127 Y-21.1235
G1 X-8.8757 Y-21.1703
G1 X-8.8912 Y-21.1823
G1 X-8.9061 Y-21.1952
G1 X-8.9643 Y-21.2479
G1 X-8.9785 Y-21.2614
G1 X-8.9920 Y-21.2756
G1 X-9.0447 Y-21.3338
G1 X-9.0576 Y-21.3487
G1 X-9.0696 Y-21.3642
G1 X-9.1164 Y-21.4272
G1 X-9.1277 Y-21.4433
G1 X-9.1382 Y-21.4599
G1 X-9.1786 Y-21.5272
G1 X-9.1883 Y-21.5443
G1 X-9.1971 Y-21.5618
G1 X-9.2306 Y-21.6328
G1 X-9.2386 Y-21.6507
G1 X-9.2457 Y-21.6690
G1 X-9.2721 Y-21.7430
G1 X-9.2783 Y-21.7616
G1 X-9.2835 Y-21.7805
G1 X-9.3026 Y-21.8567
G1 X-9.3087 Y-21.8855
G1 X-9.3231 Y-21.9826
G1 X-9.3256 Y-22.0119
G1 X-9.3298 Y-22.1001
G1 X-9.3299 Y-22.6783
G1 X-13.1816 Y-26.5300
G1 X-13.7100 Y-26.5300
G1 X-13.7296 Y-26.5304
G1 X-13.8080 Y-26.5343
G1 X-13.8373 Y-26.5368
G1 X-13.9344 Y-26.5512
G1 X-13.9632 Y-26.5573
G1 X-14.0394 Y-26.5764
G1 X-14.0583 Y-26.5816
G1 X-14.0769 Y-26.5878
G1 X-14.1509 Y-26.6142
G1 X-14.1692 Y-26.6213
G1 X-14.1871 Y-26.6293
G1 X-14.2581 Y-26.6628
G1 X-14.2756 Y-26.6716
G1 X-14.2927 Y-26.6813
G1 X-14.3600 Y-26.7217
G1 X-14.3766 Y-26.7322
G1 X-14.3927 Y-26.7435
G1 X-14.4557 Y-26.7903
G1 X-14.4712 Y-26.8023
G1 X-14.4861 Y-26.8152
G1 X-14.5443 Y-26.8679
G1 X-14.5585 Y-26.8814
G1 X-14.5720 Y-26.8956
G1 X-14.6247 Y-26.9538
G1 X-14.6376 Y-26.9687
G1 X-14.6496 Y-26.9842
G1 X-14.6964 Y-27.0472
G1 X-14.7077 Y-27.0633
G1 X-14.7182 Y-27.0799
G1 X-14.7586 Y-27.1472
G1 X-14.7683 Y-27.1643
G1 X-14.7771 Y-27.1818
G1 X-14.8106 Y-27.2528
G1 X-14.8186 Y-27.2707
G1 X-14.8257 Y-27.2890
G1 X-14.8521 Y-27.3630
G1 X-14.8583 Y-27.3816
G1 X-14.8635 Y-27.4005
G1 X-14.8826 Y-27.4767
G1 X-14.8869 Y-27.4958
G1 X-14.8902 Y-27.5152
G1 X-14.9018 Y-27.5928
G1 X-14.9042 Y-27.6123
G1 X-14.9056 Y-27.6319
G1 X-14.9098 Y-27.7201
G1 X-14.9095 Y-27.7496
G1 X-14.9056 Y-27.8280
G1 X-14.9042 Y-27.8476
G1 X-14.9018 Y-27.8671
G1 X-14.8902 Y-27.9447
G1 Z2.0000
G1 X-14.7054 Y-28.4000
G1 F60.00
G1 Z0.3
G1 F120.00
G1 X-18.9996 Y-28.4000
G1 Z2.0000
G1 X-15.1569 Y-24.5600
G1 F60.00
G1 Z0.3
G1 F120.00
G1 X-11.2117 Y-24.5600
G1 X-10.7317 Y-24.0800
G1 X-14.6769 Y-24.0800
G1 Z2.0000
G1 X-13.3022 Y-23.6000
G1 F60.00
G1 Z0.3
G1 F120.00
G1 X-10.2517 Y-23.6000
G1 X-9.7717 Y-23.1200
G1 X-12.8948 Y-23.1200
G1 Z2.0000
G1 X-12.7809 Y-22.6400
G1 F60.00
G1 Z0.3
G1 F120.00
G1 X-9.3299 Y-22.6400
G1 X-9.3299 Y-22.1600
G1 X-12.8676 Y-22.1600
G1 Z2.0000
G1 X-13.2216 Y-21.6800
G1 F60.00
G1 Z0.3
G1 F120.00
G1 X-9.2496 Y-21.6800
G1 Z2.0000
G1 X-8.9114 Y-21.2000
G1 F60.00
G1 Z0.3
G1 F120.00
G1 X-46.9999 Y-21.2000
G1 X-46.9999 Y-20.7200
G1 X-5.1202 Y-20.7200
G1 X-5.1202 Y-21.2000
G1 X-7.3485 Y-21.2000
G1 Z2.0000
G1 X-7.0103 Y-21.6800
G1 F60.00
G1 Z0.3
G1 F120.00
G1 X-5.1202 Y-21.6800
G1 X-5.1202 Y-22.1600
G1 X-6.9300 Y-22.1600
G1 X-6.9300 Y-22.6400
G1 X-5.1202 Y-22.6400
G1 X-5.1202 Y-23.1200
G1 X-6.9301 Y-23.1200
G1 Z2.0000
G1 X-7.0353 Y-23.6000
G1 F60.00
G1 Z0.3
G1 F120.00
G1 X-5.1317 Y-23.6000
G1 X-5.6117 Y-24.0800
G1 X-7.4251 Y-24.0800
G1 X-6.5717 Y-25.0400
G1 X-9.4283 Y-25.0400
G1 X-9.9083 Y-25.5200
G1 X-7.0517 Y-25.5200
G1 X-7.5317 Y-26.0000
G1 X-10.3883 Y-26.0000
G1 X-10.8683 Y-26.4800
G1 X-8.0117 Y-26.4800
G1 X-8.9483 Y-24.5600
G1 X-6.0917 Y-24.5600
G1 X-5.1202 Y-20.2400
G1 X-46.9999 Y-20.2400
G1 X-46.9999 Y-19.7600
G1 X-5.0391 Y-19.7600
G1 Z2.0000
G1 X-4.6217 Y-19.2800
G1 F60.00
G1 Z0.3
G1 F120.00
G1 X-7.8663 Y-19.2800
G1 Z2.0000
G1 X-8.3936 Y-19.2800
G1 F60.00
G1 Z0.3
G1 F120.00
G1 X-46.9999 Y-19.2800
G1 X-46.9999 Y-18.8000
G1 X-15.2027 Y-18.8000
G1 Z2.0000
G1 X-16.2071 Y-18.3200
G1 F60.00
G1 Z0.3
G1 F120.00
G1 X-46.9999 Y-18.3200
G1 X-46.9999 Y-17.8400
G1 X-16.6740 Y-17.8400
G1 X-17.0820 Y-17.3600
G1 X-46.9999 Y-17.3600
G1 X-46.9999 Y-16.8800
G1 X-17.4900 Y-16.8800
G1 X-17.8980 Y-16.4000
G1 X-46.9999 Y-16.4000
G1 X-46.9999 Y-15.9200
G1 X-18.3060 Y-15.9200
G1 X-18.7140 Y-15.4400
G1 X-46.9999 Y-15.4400
G1 X-46.9999 Y-14.9600
G1 X-19.1220 Y-14.9600
G1 Z2.0000
G1 X-19.5300 Y-14.4800
G1 F60.00
G1 Z0.3
G1 F120.00
G1 X-46.9999 Y-14.4800
G1 X-46.9999 Y-14.0000
G1 X-19.9380 Y-14.0000
G1 X-20.3460 Y-13.5200
G1 X-46.9999 Y-13.5200
G1 X-46.9999 Y-13.0400
G1 X-20.7540 Y-13.0400
G1 X-21.1620 Y-12.5600
G1 X-46.9999 Y-12.5600
G1 X-46.9999 Y-12.0800
G1 X-21.5700 Y-12.0800
G1 Z2.0000
G1 X-21.9726 Y-11.6000
G1 F60.00
G1 Z0.3
G1 F120.00
G1 X-46.9999 Y-11.6000
G1 X-46.9999 Y-11.1200
G1 X-26.6736 Y-11.1200
G1 Z2.0000
G1 X-27.7180 Y-10.6400
G1 F60.00
G1 Z0.3
G1 F120.00
G1 X-46.9999 Y-10.6400
G1 X-46.9999 Y-10.1600
G1 X-28.2030 Y-10.1600
G1 X-28.6830 Y-9.6800
G1 X-46.9999 Y-9.6800
G1 X-46.9999 Y-9.2000
G1 X-29.1630 Y-9.2000
G1 X-29.6430 Y-8.7200
G1 X-46.9999 Y-8.7200
G1 X-46.9999 Y-8.2400
G1 X-31.0454 Y-8.2400
G1 Z2.0000
G1 X-31.3539 Y-7.7600
G1 F60.00
G1 Z0.3
G1 F120.00
G1 X-46.9999 Y-7.7600
G1 X-46.9999 Y-7.2800
G1 X-31.4160 Y-7.2800
G1 X-31.5630 Y-6.8000
G1 X-46.9999 Y-6.8000
G1 X-46.9999 Y-6.3200
G1 X-32.0430 Y-6.3200
G1 X-32.5230 Y-5.8400
G1 X-33.6528 Y-5.8400
G1 Z2.0000
G1 X-33.5185 Y-3.9200
G1 F60.00
G1 Z0.3
G1 F120.00
G1 X-18.9801 Y-3.9200
G1 X-18.7568 Y-4.4000
G1 X-18.4736 Y-4.4000
G1 X-18.2768 Y-4.8800
G1 X-17.9936 Y-4.8800
G1 X-17.7968 Y-5.3600
G1 X-17.5136 Y-5.3600
G1 X-17.3168 Y-5.8400
G1 X-17.0336 Y-5.8400
G1 Z2.0000
G1 X-18.4230 Y-7.2800
G1 F60.00
G1 Z0.3
G1 F120.00
G1 X-28.0239 Y-7.2800
G1 Z2.0000
G1 X-28.0568 Y-7.7600
G1 F60.00
G1 Z0.3
G1 F120.00
G1 X-17.9430 Y-7.7600
G1 X-18.9030 Y-6.8000
G1 X-28.1640 Y-6.8000
G1 Z2.0000
G1 X-28.6395 Y-6.3200
G1 F60.00
G1 Z0.3
G1 F120.00
G1 X-19.3830 Y-6.3200
G1 X-19.8630 Y-5.8400
G1 X-29.9768 Y-5.8400
G1 Z2.0000
G1 X-27.5768 Y-8.2400
G1 F60.00
G1 Z0.3
G1 F120.00
G1 X-4.5630 Y-8.2400
G1 X-4.0830 Y-8.7200
G1 X-27.0968 Y-8.7200
G1 Z2.0000
G1 X-24.4734 Y-9.2000
G1 F60.00
G1 Z0.3
G1 F120.00
G1 X-22.2665 Y-9.2000
G1 Z2.0000
G1 X-22.4984 Y-9.6800
G1 F60.00
G1 Z0.3
G1 F120.00
G1 X-24.2415 Y-9.6800
G1 Z2.0000
G1 X-24.2290 Y-10.1600
G1 F60.00
G1 Z0.3
G1 F120.00
G1 X-22.5109 Y-10.1600
G1 X-22.5087 Y-10.1744
G1 X-22.5049 Y-10.1937
G1 X-22.4905 Y-10.2514
G1 X-22.4790 Y-10.4135
G1 X-22.4768 Y-10.4321
G1 X-22.4729 Y-10.4587
G1 X-22.4694 Y-10.4771
G1 X-22.4121 Y-10.7439
G1 X-22.4071 Y-10.7627
G1 X-22.3966 Y-10.7973
G1 X-22.3022 Y-11.0544
G1 X-22.2917 Y-11.0801
G1 X-22.2766 Y-11.1127
G1 X-22.1471 Y-11.3539
G1 X-22.1378 Y-11.3702
G1 X-22.1185 Y-11.4009
G1 X-22.1077 Y-11.4163
G1 X-21.9487 Y-11.6325
G1 X-21.9258 Y-11.6615
G1 X-16.5296 Y-18.0099
G1 X-16.5141 Y-18.0273
G1 X-16.5041 Y-18.0378
G1 X-16.3113 Y-18.2340
G1 X-16.2975 Y-18.2474
G1 X-16.2769 Y-18.2657
G1 X-16.2546 Y-18.2840
G1 X-16.0391 Y-18.4476
G1 X-16.0155 Y-18.4643
G1 X-15.9932 Y-18.4787
G1 X-15.9758 Y-18.4889
G1 X-15.7305 Y-18.6245
G1 X-15.6970 Y-18.6405
G1 X-15.6704 Y-18.6516
G1 X-15.4173 Y-18.7472
G1 X-15.3993 Y-18.7535
G1 X-15.3728 Y-18.7615
G1 X-15.3448 Y-18.7687
G1 X-15.0805 Y-18.8269
G1 X-15.0522 Y-18.8320
G1 X-15.0153 Y-18.8369
G1 X-14.7314 Y-18.8576
G1 X-14.7080 Y-18.8587
G1 X-14.6936 Y-18.8589
G1 X-14.1542 Y-18.8589
G1 X-14.1292 Y-18.8583
G1 X-14.1138 Y-18.8574
G1 X-13.8206 Y-18.8347
G1 X-13.8002 Y-18.8326
G1 X-13.7610 Y-18.8265
G1 X-13.7408 Y-18.8223
G1 X-13.4593 Y-18.7559
G1 X-13.4493 Y-18.7535
G1 X-13.4296 Y-18.7477
G1 X-13.4016 Y-18.7387
G1 X-13.3823 Y-18.7314
G1 X-13.1144 Y-18.6226
G1 X-13.0956 Y-18.6143
G1 X-13.0692 Y-18.6013
G1 X-13.0596 Y-18.5964
G1 X-13.0421 Y-18.5865
G1 X-12.7941 Y-18.4377
G1 X-12.7767 Y-18.4267
G1 X-12.7444 Y-18.4037
G1 X-12.7282 Y-18.3910
G1 X-12.5023 Y-18.2028
G1 X-12.4907 Y-18.1927
G1 X-12.4723 Y-18.1758
G1 X-8.9673 Y-14.7654
G1 X-8.9521 Y-14.7500
G1 X-8.7734 Y-14.5516
G1 X-8.7618 Y-14.5382
G1 X-8.7460 Y-14.5183
G1 X-8.7303 Y-14.4968
G1 X-8.5895 Y-14.2907
G1 X-8.5798 Y-14.2759
G1 X-8.5668 Y-14.2540
G1 X-8.5541 Y-14.2306
G1 X-8.4419 Y-14.0076
G1 X-8.4342 Y-13.9916
G1 X-8.4243 Y-13.9682
G1 X-8.4147 Y-13.9434
G1 X-8.3332 Y-13.7074
G1 X-8.3282 Y-13.6921
G1 X-8.3187 Y-13.6575
G1 X-8.3148 Y-13.6402
G1 X-8.2653 Y-13.3955
G1 X-8.2621 Y-13.3780
G1 X-8.2600 Y-13.3633
G1 X-8.2546 Y-13.3477
G1 X-8.2489 Y-13.3289
G1 X-8.2273 Y-13.2432
G1 X-8.2230 Y-13.2241
G1 X-8.2197 Y-13.2047
G1 X-8.2081 Y-13.1271
G1 X-8.2049 Y-13.0978
G1 X-8.2004 Y-13.0096
G1 X-8.2000 Y-12.9900
G1 X-8.2000 Y-11.9900
G1 X-8.2004 Y-11.9703
G1 X-8.2043 Y-11.8919
G1 X-8.2068 Y-11.8626
G1 X-8.2212 Y-11.7655
G1 X-8.2250 Y-11.7462
G1 X-8.2380 Y-11.6942
G1 X-8.2382 Y-11.1781
G1 X-8.2393 Y-11.1550
G1 X-8.2595 Y-10.8741
G1 X-8.2643 Y-10.8377
G1 X-8.2693 Y-10.8096
G1 X-8.3282 Y-10.5395
G1 X-8.3333 Y-10.5205
G1 X-8.3441 Y-10.4854
G1 X-8.4410 Y-10.2252
G1 X-8.4479 Y-10.2078
G1 X-8.4591 Y-10.1832
G1 X-8.4719 Y-10.1576
G1 X-8.6001 Y-9.9228
G1 X-8.6147 Y-9.8982
G1 X-8.6295 Y-9.8754
G1 X-8.6405 Y-9.8599
G1 X-8.8011 Y-9.6454
G1 X-8.8188 Y-9.6234
G1 X-8.8368 Y-9.6029
G1 X-8.8499 Y-9.5891
G1 X-9.0391 Y-9.3999
G1 X-9.0528 Y-9.3868
G1 X-9.0734 Y-9.3688
G1 X-9.0956 Y-9.3509
G1 X-9.3176 Y-9.1849
G1 X-9.3482 Y-9.1647
G1 X-9.3727 Y-9.1501
G1 X-9.6076 Y-9.0219
G1 X-9.6246 Y-9.0131
G1 X-9.6580 Y-8.9979
G1 X-9.6756 Y-8.9908
G1 X-9.9335 Y-8.8947
G1 X-9.9535 Y-8.8883
G1 X-9.9888 Y-8.8784
G1 X-10.2596 Y-8.8193
G1 X-10.2783 Y-8.8157
G1 X-10.3052 Y-8.8117
G1 X-10.3336 Y-8.8087
G1 X-10.6050 Y-8.7893
G1 X-10.6281 Y-8.7882
G1 X-10.6424 Y-8.7880
G1 X-20.0342 Y-8.7880
G1 X-20.0862 Y-8.7750
G1 X-20.1055 Y-8.7712
G1 X-20.2026 Y-8.7568
G1 X-20.2319 Y-8.7543
G1 X-20.3201 Y-8.7501
G1 X-21.3300 Y-8.7500
G1 X-21.3496 Y-8.7504
G1 X-21.4280 Y-8.7543
G1 X-21.4476 Y-8.7557
G1 X-21.4671 Y-8.7581
G1 X-21.5447 Y-8.7697
G1 X-21.5641 Y-8.7730
G1 X-21.5832 Y-8.7773
G1 X-21.6594 Y-8.7964
G1 X-21.6783 Y-8.8016
G1 X-21.6969 Y-8.8078
G1 X-21.7709 Y-8.8342
G1 X-21.7892 Y-8.8413
G1 X-21.8071 Y-8.8493
G1 X-21.8781 Y-8.8828
G1 X-21.8956 Y-8.8916
G1 X-21.9127 Y-8.9013
G1 X-21.9800 Y-8.9417
G1 X-21.9966 Y-8.9522
G1 X-22.0127 Y-8.9635
G1 X-22.0757 Y-9.0103
G1 X-22.0912 Y-9.0223
G1 X-22.1061 Y-9.0352
G1 X-22.1643 Y-9.0879
G1 X-22.1785 Y-9.1014
G1 X-22.1920 Y-9.1156
G1 X-22.2447 Y-9.1738
G1 X-22.2576 Y-9.1887
G1 X-22.2696 Y-9.2042
G1 X-22.3164 Y-9.2672
G1 X-22.3331 Y-9.2915
G1 X-22.3835 Y-9.3757
G1 X-22.3971 Y-9.4018
G1 X-22.4306 Y-9.4728
G1 X-22.4386 Y-9.4907
G1 X-22.4457 Y-9.5090
G1 X-22.4721 Y-9.5830
G1 X-22.4810 Y-9.6110
G1 X-22.5026 Y-9.6967
G1 X-22.5087 Y-9.7255
G1 X-22.5231 Y-9.8226
G1 X-22.5256 Y-9.8519
G1 X-22.5298 Y-9.9401
G1 X-22.5295 Y-9.9696
G1 X-22.5256 Y-10.0480
G1 X-22.5242 Y-10.0676
G1 X-22.5218 Y-10.0871
G1 X-22.5102 Y-10.1647
G1 Z2.0000
G1 X-22.4345 Y-10.6400
G1 F60.00
G1 Z0.3
G1 F120.00
G1 X-24.4289 Y-10.6400
G1 Z2.0000
G1 X-25.1463 Y-11.1200
G1 F60.00
G1 Z0.3
G1 F120.00
G1 X-22.2728 Y-11.1200
G1 Z2.0000
G1 X-19.6250 Y-21.6800
G1 F60.00
G1 Z0.3
G1 F120.00
G1 X-15.7383 Y-21.6800
G1 Z2.0000
G1 X-13.6462 Y-18.8000
G1 F60.00
G1 Z0.3
G1 F120.00
G1 X-9.1110 Y-18.8000
G1 Z2.0000
G1 X-9.3102 Y-18.3247
G1 F60.00
G1 Z0.3
G1 F120.00
G1 X-9.3069 Y-18.3441
G1 X-9.3026 Y-18.3632
G1 X-9.2835 Y-18.4394
G1 X-9.2783 Y-18.4583
G1 X-9.2721 Y-18.4769
G1 X-9.2457 Y-18.5509
G1 X-9.2347 Y-18.5782
G1 X-9.1928 Y-18.6669
G1 X-9.1786 Y-18.6927
G1 X-9.1382 Y-18.7600
G1 X-9.1277 Y-18.7766
G1 X-9.1164 Y-18.7927
G1 X-9.0696 Y-18.8557
G1 X-9.0576 Y-18.8712
G1 X-9.0447 Y-18.8861
G1 X-8.9920 Y-18.9443
G1 X-8.9785 Y-18.9585
G1 X-8.9643 Y-18.9720
G1 X-8.9061 Y-19.0247
G1 X-8.8912 Y-19.0376
G1 X-8.8757 Y-19.0496
G1 X-8.8127 Y-19.0964
G1 X-8.7966 Y-19.1077
G1 X-8.7800 Y-19.1182
G1 X-8.7127 Y-19.1586
G1 X-8.6956 Y-19.1683
G1 X-8.6781 Y-19.1771
G1 X-8.6071 Y-19.2106
G1 X-8.5892 Y-19.2186
G1 X-8.5709 Y-19.2257
G1 X-8.4969 Y-19.2521
G1 X-8.4689 Y-19.2610
G1 X-8.3832 Y-19.2826
G1 X-8.3641 Y-19.2869
G1 X-8.3447 Y-19.2902
G1 X-8.2671 Y-19.3018
G1 X-8.2476 Y-19.3042
G1 X-8.2280 Y-19.3056
G1 X-8.1496 Y-19.3095
G1 X-8.1300 Y-19.3099
G1 X-8.1103 Y-19.3095
G1 X-8.0319 Y-19.3056
G1 X-8.0123 Y-19.3042
G1 X-7.9928 Y-19.3018
G1 X-7.9152 Y-19.2902
G1 X-7.8958 Y-19.2869
G1 X-7.8767 Y-19.2826
G1 X-7.8005 Y-19.2635
G1 X-7.7816 Y-19.2583
G1 X-7.7630 Y-19.2521
G1 X-7.6890 Y-19.2257
G1 X-7.6707 Y-19.2186
G1 X-7.6528 Y-19.2106
G1 X-7.5818 Y-19.1771
G1 X-7.5643 Y-19.1683
G1 X-7.5472 Y-19.1586
G1 X-7.4799 Y-19.1182
G1 X-7.4633 Y-19.1077
G1 X-7.4472 Y-19.0964
G1 X-7.3842 Y-19.0496
G1 X-7.3687 Y-19.0376
G1 X-7.3538 Y-19.0247
G1 X-7.2956 Y-18.9720
G1 X-7.2814 Y-18.9585
G1 X-7.2679 Y-18.9443
G1 X-7.2152 Y-18.8861
G1 X-7.2023 Y-18.8712
G1 X-7.1903 Y-18.8557
G1 X-7.1377 Y-18.7847
G1 X-7.1217 Y-18.7600
G1 X-7.0813 Y-18.6927
G1 X-7.0716 Y-18.6756
G1 X-7.0628 Y-18.6581
G1 X-7.0293 Y-18.5871
G1 X-7.0176 Y-18.5601
G1 X-6.9878 Y-18.4769
G1 X-6.9816 Y-18.4583
G1 X-6.9764 Y-18.4394
G1 X-6.9573 Y-18.3632
G1 X-6.9530 Y-18.3441
G1 X-6.9497 Y-18.3247
G1 X-6.9381 Y-18.2471
G1 X-6.9349 Y-18.2178
G1 X-6.9304 Y-18.1296
G1 X-6.9300 Y-18.1100
G1 X-6.9300 Y-17.5416
G1 X-6.3341 Y-16.9458
G1 X-6.3206 Y-16.9316
G1 X-6.2942 Y-16.9025
G1 X-6.2814 Y-16.8876
G1 X-6.2693 Y-16.8721
G1 X-6.2402 Y-16.8326
G1 X-6.2241 Y-16.8079
G1 X-6.1990 Y-16.7658
G1 X-6.1897 Y-16.7484
G1 X-6.1682 Y-16.7032
G1 X-6.1569 Y-16.6768
G1 X-6.1404 Y-16.6309
G1 X-6.1342 Y-16.6122
G1 X-6.1290 Y-16.5933
G1 X-6.1194 Y-16.5552
G1 X-6.1151 Y-16.5361
G1 X-6.1118 Y-16.5167
G1 X-6.1060 Y-16.4779
G1 X-6.1036 Y-16.4584
G1 X-6.1022 Y-16.4388
G1 X-6.0999 Y-16.3898
G1 X-6.0998 Y-13.8829
G1 X-6.0584 Y-13.8453
G1 X-6.0446 Y-13.8315
G1 X-5.9852 Y-13.7661
G1 X-5.9662 Y-13.7436
G1 X-5.9135 Y-13.6727
G1 X-5.9022 Y-13.6566
G1 X-5.8917 Y-13.6400
G1 X-5.8464 Y-13.5642
G1 X-5.8328 Y-13.5381
G1 X-5.7993 Y-13.4671
G1 X-5.7913 Y-13.4492
G1 X-5.7842 Y-13.4309
G1 X-5.7578 Y-13.3569
G1 X-5.7516 Y-13.3383
G1 X-5.7464 Y-13.3194
G1 X-5.7273 Y-13.2432
G1 X-5.7230 Y-13.2241
G1 X-5.7197 Y-13.2047
G1 X-5.7081 Y-13.1271
G1 X-5.7057 Y-13.1076
G1 X-5.7043 Y-13.0880
G1 X-5.7001 Y-12.9998
G1 X-5.7000 Y-11.9900
G1 X-5.7004 Y-11.9703
G1 X-5.7043 Y-11.8919
G1 X-5.7057 Y-11.8723
G1 X-5.7081 Y-11.8528
G1 X-5.7197 Y-11.7752
G1 X-5.7230 Y-11.7558
G1 X-5.7273 Y-11.7367
G1 X-5.7464 Y-11.6605
G1 X-5.7516 Y-11.6416
G1 X-5.7578 Y-11.6230
G1 X-5.7842 Y-11.5490
G1 X-5.7913 Y-11.5307
G1 X-5.7993 Y-11.5128
G1 X-5.8371 Y-11.4330
G1 X-5.8513 Y-11.4072
G1 X-5.8917 Y-11.3399
G1 X-5.9022 Y-11.3233
G1 X-5.9135 Y-11.3072
G1 X-5.9603 Y-11.2442
G1 X-5.9723 Y-11.2287
G1 X-5.9852 Y-11.2138
G1 X-6.0379 Y-11.1556
G1 X-6.0514 Y-11.1414
G1 X-6.0656 Y-11.1279
G1 X-6.1238 Y-11.0752
G1 X-6.1387 Y-11.0623
G1 X-6.1542 Y-11.0503
G1 X-6.2172 Y-11.0035
G1 X-6.2333 Y-10.9922
G1 X-6.2499 Y-10.9817
G1 X-6.3172 Y-10.9413
G1 X-6.3343 Y-10.9316
G1 X-6.3518 Y-10.9228
G1 X-6.4228 Y-10.8893
G1 X-6.4498 Y-10.8776
G1 X-6.5330 Y-10.8478
G1 X-6.5516 Y-10.8416
G1 X-6.5705 Y-10.8364
G1 X-6.6467 Y-10.8173
G1 X-6.6658 Y-10.8130
G1 X-6.6852 Y-10.8097
G1 X-6.7628 Y-10.7981
G1 X-6.7823 Y-10.7957
G1 X-6.8019 Y-10.7943
G1 X-6.8803 Y-10.7904
G1 X-6.9000 Y-10.7900
G1 X-6.9196 Y-10.7904
G1 X-6.9980 Y-10.7943
G1 X-7.0176 Y-10.7957
G1 X-7.0371 Y-10.7981
G1 X-7.1147 Y-10.8097
G1 X-7.1341 Y-10.8130
G1 X-7.1532 Y-10.8173
G1 X-7.2294 Y-10.8364
G1 X-7.2483 Y-10.8416
G1 X-7.2669 Y-10.8478
G1 X-7.3409 Y-10.8742
G1 X-7.3592 Y-10.8813
G1 X-7.3771 Y-10.8893
G1 X-7.4481 Y-10.9228
G1 X-7.4656 Y-10.9316
G1 X-7.4827 Y-10.9413
G1 X-7.5500 Y-10.9817
G1 X-7.5666 Y-10.9922
G1 X-7.5827 Y-11.0035
G1 X-7.6457 Y-11.0503
G1 X-7.6612 Y-11.0623
G1 X-7.6761 Y-11.0752
G1 X-7.7343 Y-11.1279
G1 X-7.7485 Y-11.1414
G1 X-7.7620 Y-11.1556
G1 X-7.8147 Y-11.2138
G1 X-7.8276 Y-11.2287
G1 X-7.8396 Y-11.2442
G1 X-7.8864 Y-11.3072
G1 X-7.8977 Y-11.3233
G1 X-7.9082 Y-11.3399
G1 X-7.9486 Y-11.4072
G1 X-7.9583 Y-11.4243
G1 X-7.9671 Y-11.4418
G1 X-8.0006 Y-11.5128
G1 X-8.0123 Y-11.5398
G1 X-8.0421 Y-11.6230
G1 X-8.0483 Y-11.6416
G1 X-8.0535 Y-11.6605
G1 X-8.0749 Y-11.7462
G1 X-8.0802 Y-11.7752
G1 X-8.0918 Y-11.8528
G1 X-8.0942 Y-11.8723
G1 X-8.0956 Y-11.8919
G1 X-8.0995 Y-11.9703
G1 X-8.0999 Y-11.9900
G1 X-8.0999 Y-12.9900
G1 X-8.0995 Y-13.0096
G1 X-8.0950 Y-13.0978
G1 X-8.0918 Y-13.1271
G1 X-8.0802 Y-13.2047
G1 X-8.0769 Y-13.2241
G1 X-8.0726 Y-13.2432
G1 X-8.0535 Y-13.3194
G1 X-8.0483 Y-13.3383
G1 X-8.0421 Y-13.3569
G1 X-8.0157 Y-13.4309
G1 X-8.0086 Y-13.4492
G1 X-8.0006 Y-13.4671
G1 X-7.9628 Y-13.5469
G1 X-7.9486 Y-13.5727
G1 X-7.9082 Y-13.6400
G1 X-7.8977 Y-13.6566
G1 X-7.8864 Y-13.6727
G1 X-7.8337 Y-13.7436
G1 X-7.8147 Y-13.7661
G1 X-7.7553 Y-13.8315
G1 X-7.7415 Y-13.8453
G1 X-7.7002 Y-13.8829
G1 X-7.7002 Y-15.9903
G1 X-7.7630 Y-15.9678
G1 X-7.7816 Y-15.9616
G1 X-7.8005 Y-15.9564
G1 X-7.8767 Y-15.9373
G1 X-7.8958 Y-15.9330
G1 X-7.9152 Y-15.9297
G1 X-7.9928 Y-15.9181
G1 X-8.0123 Y-15.9157
G1 X-8.0319 Y-15.9143
G1 X-8.1201 Y-15.9101
G1 X-8.1496 Y-15.9104
G1 X-8.2280 Y-15.9143
G1 X-8.2476 Y-15.9157
G1 X-8.2671 Y-15.9181
G1 X-8.3447 Y-15.9297
G1 X-8.3641 Y-15.9330
G1 X-8.3832 Y-15.9373
G1 X-8.4594 Y-15.9564
G1 X-8.4783 Y-15.9616
G1 X-8.4969 Y-15.9678
G1 X-8.5709 Y-15.9942
G1 X-8.5892 Y-16.0013
G1 X-8.6071 Y-16.0093
G1 X-8.6781 Y-16.0428
G1 X-8.6956 Y-16.0516
G1 X-8.7127 Y-16.0613
G1 X-8.7884 Y-16.1068
G1 X-8.8127 Y-16.1235
G1 X-8.8757 Y-16.1703
G1 X-8.8912 Y-16.1823
G1 X-8.9061 Y-16.1952
G1 X-8.9643 Y-16.2479
G1 X-8.9785 Y-16.2614
G1 X-8.9920 Y-16.2756
G1 X-9.0447 Y-16.3338
G1 X-9.0576 Y-16.3487
G1 X-9.0696 Y-16.3642
G1 X-9.1222 Y-16.4352
G1 X-9.1382 Y-16.4599
G1 X-9.1786 Y-16.5272
G1 X-9.1883 Y-16.5443
G1 X-9.1971 Y-16.5618
G1 X-9.2306 Y-16.6328
G1 X-9.2386 Y-16.6507
G1 X-9.2457 Y-16.6690
G1 X-9.2721 Y-16.7430
G1 X-9.2783 Y-16.7616
G1 X-9.2835 Y-16.7805
G1 X-9.3026 Y-16.8567
G1 X-9.3069 Y-16.8758
G1 X-9.3102 Y-16.8952
G1 X-9.3218 Y-16.9728
G1 X-9.3242 Y-16.9923
G1 X-9.3256 Y-17.0119
G1 X-9.3295 Y-17.0903
G1 X-9.3299 Y-17.1100
G1 X-9.3299 Y-18.1100
G1 X-9.3295 Y-18.1296
G1 X-9.3256 Y-18.2080
G1 X-9.3242 Y-18.2276
G1 X-9.3218 Y-18.2471
G1 X-9.3102 Y-18.3247
G1 X-9.3109 Y-18.3200
G1 X-12.6430 Y-18.3200
G1 Z2.0000
G1 X-12.1272 Y-17.8400
G1 F60.00
G1 Z0.3
G1 F120.00
G1 X-9.3299 Y-17.8400
G1 X-9.3299 Y-17.3600
G1 X-11.6339 Y-17.3600
G1 X-11.1405 Y-16.8800
G1 X-9.3077 Y-16.8800
G1 Z2.0000
G1 X-9.0962 Y-16.4000
G1 F60.00
G1 Z0.3
G1 F120.00
G1 X-10.6472 Y-16.4000
G1 X-10.1539 Y-15.9200
G1 X-8.2797 Y-15.9200
G1 Z2.0000
G1 X-7.9802 Y-15.9200
G1 F60.00
G1 Z0.3
G1 F120.00
G1 X-7.7002 Y-15.9200
G1 X-7.7002 Y-15.4400
G1 X-9.6605 Y-15.4400
G1 X-9.1672 Y-14.9600
G1 X-7.7002 Y-14.9600
G1 X-7.7002 Y-14.4800
G1 X-8.7188 Y-14.4800
G1 Z2.0000
G1 X-8.4382 Y-14.0000
G1 F60.00
G1 Z0.3
G1 F120.00
G1 X-7.7002 Y-14.0000
G1 Z2.0000
G1 X-7.9756 Y-13.5200
G1 F60.00
G1 Z0.3
G1 F120.00
G1 X-8.2905 Y-13.5200
G1 Z2.0000
G1 X-8.2019 Y-13.0400
G1 F60.00
G1 Z0.3
G1 F120.00
G1 X-8.0980 Y-13.0400
G1 Z2.0000
G1 X-8.0999 Y-12.5600
G1 F60.00
G1 Z0.3
G1 F120.00
G1 X-8.2000 Y-12.5600
G1 X-8.2000 Y-12.0800
G1 X-8.0999 Y-12.0800
G1 Z2.0000
G1 X-8.0339 Y-11.6000
G1 F60.00
G1 Z0.3
G1 F120.00
G1 X-8.2380 Y-11.6000
G1 Z2.0000
G1 X-8.2418 Y-11.1200
G1 F60.00
G1 Z0.3
G1 F120.00
G1 X-7.7256 Y-11.1200
G1 X-8.3062 Y-10.6400
G1 X-2.1458 Y-10.6400
G1 Z2.0000
G1 X-2.6430 Y-10.1600
G1 F60.00
G1 Z0.3
G1 F120.00
G1 X-8.4706 Y-10.1600
G1 Z2.0000
G1 X-8.7752 Y-9.6800
G1 F60.00
G1 Z0.3
G1 F120.00
G1 X-3.1230 Y-9.6800
G1 X-3.6030 Y-9.2000
G1 X-9.2972 Y-9.2000
G1 Z2.0000
G1 X-6.0743 Y-11.1200
G1 F60.00
G1 Z0.3
G1 F120.00
G1 X-0.1402 Y-11.1200
G1 X-0.1402 Y-11.6000
G1 X-5.7660 Y-11.6000
G1 Z2.0000
G1 X-5.7000 Y-12.0800
G1 F60.00
G1 Z0.3
G1 F120.00
G1 X-0.1402 Y-12.0800
G1 X-0.1402 Y-12.5600
G1 X-5.7000 Y-12.5600
G1 Z2.0000
G1 X-5.7019 Y-13.0400
G1 F60.00
G1 Z0.3
G1 F120.00
G1 X-0.6537 Y-13.0400
G1 Z2.0000
G1 X-0.8705 Y-13.5200
G1 F60.00
G1 Z0.3
G1 F120.00
G1 X-5.8243 Y-13.5200
G1 Z2.0000
G1 X-6.0998 Y-14.0000
G1 F60.00
G1 Z0.3
G1 F120.00
G1 X-0.8705 Y-14.0000
G1 Z2.0000
G1 X-0.6536 Y-14.4800
G1 F60.00
G1 Z0.3
G1 F120.00
G1 X-6.0998 Y-14.4800
G1 X-6.0998 Y-14.9600
G1 X7.6198 Y-14.9600
G1 X7.6198 Y-14.4800
G1 X2.2639 Y-14.4800
G1 Z2.0000
G1 X2.4808 Y-14.0000
G1 F60.00
G1 Z0.3
G1 F120.00
G1 X7.6198 Y-14.0000
G1 X7.6198 Y-13.5200
G1 X2.4809 Y-13.5200
G1 Z2.0000
G1 X2.2640 Y-13.0400
G1 F60.00
G1 Z0.3
G1 F120.00
G1 X7.6198 Y-13.0400
G1 Z2.0000
G1 X7.5633 Y-12.5600
G1 F60.00
G1 Z0.3
G1 F120.00
G1 X1.6603 Y-12.5600
G1 X1.6603 Y-12.0800
G1 X7.2755 Y-12.0800
G1 Z2.0000
G1 X7.2201 Y-11.6000
G1 F60.00
G1 Z0.3
G1 F120.00
G1 X1.6603 Y-11.6000
G1 X1.6603 Y-11.1200
G1 X7.2201 Y-11.1200
G1 Z2.0000
G1 X7.2235 Y-10.6400
G1 F60.00
G1 Z0.3
G1 F120.00
G1 X2.2114 Y-10.6400
G1 Z2.0000
G1 X2.4335 Y-10.1600
G1 F60.00
G1 Z0.3
G1 F120.00
G1 X7.3588 Y-10.1600
G1 Z2.0000
G1 X7.8228 Y-9.6800
G1 F60.00
G1 Z0.3
G1 F120.00
G1 X2.4378 Y-9.6800
G1 Z2.0000
G1 X0.1103 Y-8.7200
G1 F60.00
G1 Z0.3
G1 F120.00
G1 X-1.5368 Y-8.7200
G1 Z2.0000
G1 X-0.5314 Y-15.4400
G1 F60.00
G1 Z0.3
G1 F120.00
G1 X-6.0998 Y-15.4400
G1 X-6.0998 Y-15.9200
G1 X-0.8324 Y-15.9200
G1 Z2.0000
G1 X-0.8904 Y-16.4000
G1 F60.00
G1 Z0.3
G1 F120.00
G1 X-6.1003 Y-16.4000
G1 Z2.0000
G1 X-6.2753 Y-16.8800
G1 F60.00
G1 Z0.3
G1 F120.00
G1 X-0.7450 Y-16.8800
G1 Z2.0000
G1 X-0.2572 Y-17.3600
G1 F60.00
G1 Z0.3
G1 F120.00
G1 X-6.7483 Y-17.3600
G1 X-6.9300 Y-17.8400
G1 X-0.3582 Y-17.8400
G1 Z2.0000
G1 X-0.4650 Y-19.7600
G1 F60.00
G1 Z0.3
G1 F120.00
G1 X-2.8383 Y-19.7600
G1 Z2.0000
G1 X-4.1417 Y-18.8000
G1 F60.00
G1 Z0.3
G1 F120.00
G1 X-7.1489 Y-18.8000
G1 Z2.0000
G1 X-6.9490 Y-18.3200
G1 F60.00
G1 Z0.3
G1 F120.00
G1 X-3.6617 Y-18.3200
G1 Z2.0000
G1 X2.1417 Y-15.4400
G1 F60.00
G1 Z0.3
G1 F120.00
G1 X7.6198 Y-15.4400
G1 Z2.0000
G1 X9.2202 Y-15.4400
G1 F60.00
G1 Z0.3
G1 F120.00
G1 X11.3780 Y-15.4400
G1 X11.6726 Y-15.9200
G1 X9.2202 Y-15.9200
G1 X9.2202 Y-16.4000
G1 X11.9673 Y-16.4000
G1 X12.2619 Y-16.8800
G1 X9.2202 Y-16.8800
G1 X9.2202 Y-17.3600
G1 X12.5566 Y-17.3600
G1 X12.8512 Y-17.8400
G1 X9.2202 Y-17.8400
G1 X9.2202 Y-18.3200
G1 X13.1459 Y-18.3200
G1 X13.4406 Y-18.8000
G1 X9.2202 Y-18.8000
G1 X9.2202 Y-19.2800
G1 X13.7352 Y-19.2800
G1 X14.0299 Y-19.7600
G1 X9.2202 Y-19.7600
G1 X9.2202 Y-20.2400
G1 X14.3245 Y-20.2400
G1 X14.6192 Y-20.7200
G1 X9.2202 Y-20.7200
G1 X9.2202 Y-21.2000
G1 X14.9138 Y-21.2000
G1 X15.2085 Y-21.6800
G1 X9.1439 Y-21.6800
G1 Z2.0000
G1 X8.7317 Y-22.1600
G1 F60.00
G1 Z0.3
G1 F120.00
G1 X15.5031 Y-22.1600
G1 X15.7978 Y-22.6400
G1 X8.2517 Y-22.6400
G1 X7.7717 Y-23.1200
G1 X16.0924 Y-23.1200
G1 X16.3871 Y-23.6000
G1 X7.2917 Y-23.6000
G1 X7.0400 Y-24.0800
G1 X16.6817 Y-24.0800
G1 X16.9764 Y-24.5600
G1 X7.0314 Y-24.5600
G1 Z2.0000
G1 X6.8663 Y-25.0400
G1 F60.00
G1 Z0.3
G1 F120.00
G1 X17.2711 Y-25.0400
G1 Z2.0000
G1 X17.7738 Y-25.5200
G1 F60.00
G1 Z0.3
G1 F120.00
G1 X6.3186 Y-25.5200
G1 Z2.0000
G1 X9.2202 Y-14.9600
G1 F60.00
G1 Z0.3
G1 F120.00
G1 X11.0833 Y-14.9600
G1 X10.7887 Y-14.4800
G1 X9.2202 Y-14.4800
G1 X9.2202 Y-14.0000
G1 X10.4940 Y-14.0000
G1 X10.1994 Y-13.5200
G1 X9.2202 Y-13.5200
G1 X9.2202 Y-13.0400
G1 X9.9047 Y-13.0400
G1 Z2.0000
G1 X9.6914 Y-12.5600
G1 F60.00
G1 Z0.3
G1 F120.00
G1 X9.2768 Y-12.5600
G1 Z2.0000
G1 X9.6560 Y-12.3805
G1 F60.00
G1 Z0.3
G1 F120.00
G1 X9.6575 Y-12.4004
G1 X9.6600 Y-12.4202
G1 X9.6654 Y-12.4544
G1 X9.6694 Y-12.4739
G1 X9.7151 Y-12.6524
G1 X9.7236 Y-12.6810
G1 X9.7390 Y-12.7229
G1 X9.7510 Y-12.7503
G1 X9.8298 Y-12.9131
G1 X9.8447 Y-12.9413
G1 X9.8547 Y-12.9585
G1 X17.2681 Y-25.0352
G1 X17.2792 Y-25.0523
G1 X17.2923 Y-25.0711
G1 X17.4168 Y-25.2341
G1 X17.4300 Y-25.2496
G1 X17.4616 Y-25.2832
G1 X17.4688 Y-25.2902
G1 X17.4836 Y-25.3038
G1 X17.6261 Y-25.4272
G1 X17.6422 Y-25.4397
G1 X17.6712 Y-25.4602
G1 X17.6882 Y-25.4715
G1 X17.7057 Y-25.4819
G1 X17.8613 Y-25.5690
G1 X17.8794 Y-25.5785
G1 X17.8979 Y-25.5871
G1 X17.9309 Y-25.6012
G1 X17.9403 Y-25.6048
G1 X17.9593 Y-25.6113
G1 X18.1293 Y-25.6651
G1 X18.1489 Y-25.6707
G1 X18.1688 Y-25.6754
G1 X18.2035 Y-25.6824
G1 X18.2237 Y-25.6855
G1 X18.2338 Y-25.6867
G1 X18.4175 Y-25.7055
G1 X18.4379 Y-25.7071
G1 X18.4607 Y-25.7081
G1 X18.5966 Y-25.7082
G1 X18.6078 Y-25.7081
G1 X18.6329 Y-25.7068
G1 X18.6553 Y-25.7049
G1 X18.7899 Y-25.6898
G1 X18.8165 Y-25.6858
G1 X18.8341 Y-25.6822
G1 X18.8699 Y-25.6740
G1 X18.8958 Y-25.6665
G1 X19.0255 Y-25.6212
G1 X19.0423 Y-25.6149
G1 X19.0589 Y-25.6079
G1 X19.1000 Y-25.5880
G1 X19.1236 Y-25.5750
G1 X19.2400 Y-25.5020
G1 X19.2623 Y-25.4869
G1 X19.2766 Y-25.4760
G1 X19.3053 Y-25.4530
G1 X19.3254 Y-25.4351
G1 X19.4289 Y-25.3315
G1 X19.4410 Y-25.3183
G1 X19.4525 Y-25.3045
G1 X19.4753 Y-25.2757
G1 X19.4909 Y-25.2538
G1 X19.5641 Y-25.1374
G1 X19.5733 Y-25.1220
G1 X19.5818 Y-25.1062
G1 X19.6017 Y-25.0650
G1 X19.6087 Y-25.0485
G1 X19.6150 Y-25.0317
G1 X19.6581 Y-24.9088
G1 X19.6645 Y-24.8882
G1 X19.6699 Y-24.8673
G1 X19.6797 Y-24.8227
G1 X19.6825 Y-24.8050
G1 X19.6858 Y-24.7764
G1 X19.6936 Y-24.7494
G1 X19.7150 Y-24.6637
G1 X19.7203 Y-24.6347
G1 X19.7319 Y-24.5571
G1 X19.7343 Y-24.5376
G1 X19.7357 Y-24.5180
G1 X19.7396 Y-24.4396
G1 X19.7400 Y-24.4200
G1 X19.7399 Y-23.4101
G1 X19.7357 Y-23.3219
G1 X19.7332 Y-23.2926
G1 X19.7188 Y-23.1955
G1 X19.7150 Y-23.1762
G1 X19.7020 Y-23.1242
G1 X19.7020 Y-19.6357
G1 X19.7150 Y-19.5837
G1 X19.7188 Y-19.5644
G1 X19.7332 Y-19.4673
G1 X19.7357 Y-19.4380
G1 X19.7399 Y-19.3498
G1 X19.7400 Y-18.3400
G1 X19.7396 Y-18.3203
G1 X19.7357 Y-18.2419
G1 X19.7332 Y-18.2126
G1 X19.7188 Y-18.1155
G1 X19.7150 Y-18.0962
G1 X19.7020 Y-18.0442
G1 X19.7019 Y-10.8105
G1 X19.7010 Y-10.7885
G1 X19.6995 Y-10.7690
G1 X19.6821 Y-10.5921
G1 X19.6797 Y-10.5726
G1 X19.6763 Y-10.5533
G1 X19.6696 Y-10.5198
G1 X19.6648 Y-10.5008
G1 X19.6093 Y-10.3178
G1 X19.6027 Y-10.2993
G1 X19.5897 Y-10.2677
G1 X19.5818 Y-10.2497
G1 X19.5729 Y-10.2322
G1 X19.4873 Y-10.0723
G1 X19.4719 Y-10.0472
G1 X19.4584 Y-10.0270
G1 X19.4471 Y-10.0109
G1 X19.4350 Y-9.9955
G1 X19.3198 Y-9.8553
G1 X19.3066 Y-9.8407
G1 X19.2755 Y-9.8097
G1 X19.2535 Y-9.7902
G1 X19.1132 Y-9.6752
G1 X19.0974 Y-9.6635
G1 X19.0691 Y-9.6444
G1 X19.0525 Y-9.6339
G1 X19.0354 Y-9.6242
G1 X18.8754 Y-9.5388
G1 X18.8576 Y-9.5304
G1 X18.8261 Y-9.5173
G1 X18.8078 Y-9.5102
G1 X18.7892 Y-9.5040
G1 X18.6249 Y-9.4542
G1 X18.6060 Y-9.4490
G1 X18.5868 Y-9.4447
G1 X18.5534 Y-9.4381
G1 X18.5340 Y-9.4353
G1 X18.3375 Y-9.4159
G1 X18.3156 Y-9.4147
G1 X18.2960 Y-9.4142
G1 X11.1175 Y-9.4142
G1 X11.0867 Y-9.4152
G1 X11.0677 Y-9.4166
G1 X10.8866 Y-9.4340
G1 X10.8584 Y-9.4384
G1 X10.8352 Y-9.4429
G1 X10.8166 Y-9.4469
G1 X10.7983 Y-9.4518
G1 X10.6295 Y-9.5015
G1 X10.6115 Y-9.5077
G1 X10.5807 Y-9.5199
G1 X10.5632 Y-9.5274
G1 X10.5461 Y-9.5357
G1 X10.3897 Y-9.6165
G1 X10.3732 Y-9.6260
G1 X10.3453 Y-9.6438
G1 X10.3296 Y-9.6545
G1 X10.3143 Y-9.6659
G1 X10.1761 Y-9.7747
G1 X10.1617 Y-9.7872
G1 X10.1278 Y-9.8198
G1 X10.0857 Y-9.8579
G1 X10.0715 Y-9.8714
G1 X10.0580 Y-9.8856
G1 X10.0053 Y-9.9438
G1 X9.9924 Y-9.9587
G1 X9.9804 Y-9.9742
G1 X9.9336 Y-10.0372
G1 X9.9223 Y-10.0533
G1 X9.9118 Y-10.0699
G1 X9.8714 Y-10.1372
G1 X9.8617 Y-10.1543
G1 X9.8529 Y-10.1718
G1 X9.8194 Y-10.2428
G1 X9.8077 Y-10.2698
G1 X9.7779 Y-10.3530
G1 X9.7717 Y-10.3716
G1 X9.7665 Y-10.3905
G1 X9.7474 Y-10.4667
G1 X9.7431 Y-10.4858
G1 X9.7398 Y-10.5052
G1 X9.7269 Y-10.5926
G1 X9.7250 Y-10.6121
G1 X9.7218 Y-10.6748
G1 X9.7164 Y-10.7133
G1 X9.7134 Y-10.7440
G1 X9.6461 Y-12.1580
G1 X9.6460 Y-12.1803
G1 X9.6466 Y-12.2003
G1 X9.6560 Y-12.3805
G1 Z2.0000
G1 X9.6497 Y-12.0800
G1 F60.00
G1 Z0.3
G1 F120.00
G1 X9.5646 Y-12.0800
G1 Z2.0000
G1 X9.6200 Y-11.6000
G1 F60.00
G1 Z0.3
G1 F120.00
G1 X9.6726 Y-11.6000
G1 X9.6954 Y-11.1200
G1 X9.6200 Y-11.1200
G1 Z2.0000
G1 X9.6166 Y-10.6400
G1 F60.00
G1 Z0.3
G1 F120.00
G1 X9.7235 Y-10.6400
G1 Z2.0000
G1 X9.8588 Y-10.1600
G1 F60.00
G1 Z0.3
G1 F120.00
G1 X9.4813 Y-10.1600
G1 Z2.0000
G1 X9.0173 Y-9.6800
G1 F60.00
G1 Z0.3
G1 F120.00
G1 X10.2964 Y-9.6800
G1 Z2.0000
G1 X25.9320 Y-17.3600
G1 F60.00
G1 Z0.3
G1 F120.00
G1 X27.3584 Y-17.3600
G1 X27.8384 Y-17.8400
G1 X26.0680 Y-17.8400
G1 Z2.0000
G1 X26.4752 Y-18.3200
G1 F60.00
G1 Z0.3
G1 F120.00
G1 X28.3184 Y-18.3200
G1 X28.7984 Y-18.8000
G1 X26.5891 Y-18.8000
G1 Z2.0000
G1 X26.5024 Y-19.2800
G1 F60.00
G1 Z0.3
G1 F120.00
G1 X29.2784 Y-19.2800
G1 X29.5922 Y-19.7600
G1 X26.1483 Y-19.7600
G1 Z2.0000
G1 X25.6902 Y-20.2400
G1 F60.00
G1 Z0.3
G1 F120.00
G1 X29.5473 Y-20.2400
G1 Z2.0000
G1 X29.7078 Y-20.7200
G1 F60.00
G1 Z0.3
G1 F120.00
G1 X25.6902 Y-20.7200
G1 X25.6902 Y-21.2000
G1 X30.2404 Y-21.2000
G1 X30.4398 Y-21.6800
G1 X25.6902 Y-21.6800
G1 X25.6902 Y-22.1600
G1 X30.4398 Y-22.1600
G1 X30.4398 Y-22.6400
G1 X25.6902 Y-22.6400
G1 X25.6902 Y-23.1200
G1 X30.4398 Y-23.1200
G1 X30.4398 Y-23.6000
G1 X25.6902 Y-23.6000
G1 X25.6902 Y-24.0800
G1 X30.4657 Y-24.0800
G1 Z2.0000
G1 X30.7884 Y-24.5600
G1 F60.00
G1 Z0.3
G1 F120.00
G1 X25.6902 Y-24.5600
G1 X25.6902 Y-25.0400
G1 X31.2684 Y-25.0400
G1 X31.3500 Y-25.5200
G1 X25.6186 Y-25.5200
G1 Z2.0000
G1 X25.2117 Y-26.0000
G1 F60.00
G1 Z0.3
G1 F120.00
G1 X31.3916 Y-26.0000
G1 Z2.0000
G1 X31.6479 Y-26.4800
G1 F60.00
G1 Z0.3
G1 F120.00
G1 X24.7317 Y-26.4800
G1 X24.2517 Y-26.9600
G1 X42.2248 Y-26.9600
G1 Z2.0000
G1 X44.7753 Y-26.9600
G1 F60.00
G1 Z0.3
G1 F120.00
G1 X49.0000 Y-26.9600
G1 X49.0000 Y-26.4800
G1 X35.9522 Y-26.4800
G1 Z2.0000
G1 X36.2085 Y-26.0000
G1 F60.00
G1 Z0.3
G1 F120.00
G1 X49.0000 Y-26.0000
G1 X49.0000 Y-25.5200
G1 X36.2500 Y-25.5200
G1 X36.3317 Y-25.0400
G1 X49.0000 Y-25.0400
G1 X49.0000 Y-24.5600
G1 X36.8117 Y-24.5600
G1 Z2.0000
G1 X37.1040 Y-24.0800
G1 F60.00
G1 Z0.3
G1 F120.00
G1 X49.0000 Y-24.0800
G1 X49.0000 Y-23.6000
G1 X37.1202 Y-23.6000
G1 X37.1202 Y-23.1200
G1 X49.0000 Y-23.1200
G1 X49.0000 Y-22.6400
G1 X37.1202 Y-22.6400
G1 X37.1202 Y-22.1600
G1 X49.0000 Y-22.1600
G1 X49.0000 Y-21.6800
G1 X37.1202 Y-21.6800
G1 X37.3197 Y-21.2000
G1 X49.0000 Y-21.2000
G1 X49.0000 Y-20.7200
G1 X37.8523 Y-20.7200
G1 Z2.0000
G1 X38.0128 Y-20.2400
G1 F60.00
G1 Z0.3
G1 F120.00
G1 X49.0000 Y-20.2400
G1 X49.0000 Y-19.7600
G1 X37.9679 Y-19.7600
G1 Z2.0000
G1 X37.6861 Y-19.2800
G1 F60.00
G1 Z0.3
G1 F120.00
G1 X49.0000 Y-19.2800
G1 X49.0000 Y-18.8000
G1 X37.1203 Y-18.8000
G1 X37.1202 Y-18.3200
G1 X49.0000 Y-18.3200
G1 X49.0000 Y-17.8400
G1 X37.1202 Y-17.8400
G1 X37.1202 Y-17.3600
G1 X49.0000 Y-17.3600
G1 X49.0000 Y-16.8800
G1 X37.1202 Y-16.8800
G1 X37.1202 Y-16.4000
G1 X49.0000 Y-16.4000
G1 X49.0000 Y-15.9200
G1 X37.1202 Y-15.9200
G1 X37.1202 Y-15.4400
G1 X49.0000 Y-15.4400
G1 X49.0000 Y-14.9600
G1 X37.1202 Y-14.9600
G1 X37.1202 Y-14.4800
G1 X49.0000 Y-14.4800
G1 X49.0000 Y-14.0000
G1 X37.2117 Y-14.0000
G1 X37.6917 Y-13.5200
G1 X49.0000 Y-13.5200
G1 X49.0000 Y-13.0400
G1 X38.1717 Y-13.0400
G1 X38.6517 Y-12.5600
G1 X49.0000 Y-12.5600
G1 X49.0000 Y-12.0800
G1 X39.1317 Y-12.0800
G1 X39.6117 Y-11.6000
G1 X49.0000 Y-11.6000
G1 X49.0000 Y-11.1200
G1 X40.0917 Y-11.1200
G1 Z2.0000
G1 X43.4864 Y-10.6400
G1 F60.00
G1 Z0.3
G1 F120.00
G1 X49.0000 Y-10.6400
G1 X49.0000 Y-10.1600
G1 X43.7085 Y-10.1600
G1 Z2.0000
G1 X43.7128 Y-9.6800
G1 F60.00
G1 Z0.3
G1 F120.00
G1 X49.0000 Y-9.6800
G1 X49.0000 Y-9.2000
G1 X43.5013 Y-9.2000
G1 Z2.0000
G1 X35.5198 Y-15.9200
G1 F60.00
G1 Z0.3
G1 F120.00
G1 X28.1818 Y-15.9200
G1 X28.6618 Y-16.4000
G1 X35.5198 Y-16.4000
G1 X35.5198 Y-16.8800
G1 X29.1418 Y-16.8800
G1 X29.6218 Y-17.3600
G1 X35.5198 Y-17.3600
G1 X35.5198 Y-17.8400
G1 X30.1018 Y-17.8400
G1 X30.5818 Y-18.3200
G1 X35.5198 Y-18.3200
G1 X35.5198 Y-18.8000
G1 X31.0618 Y-18.8000
G1 Z2.0000
G1 X32.6061 Y-19.2800
G1 F60.00
G1 Z0.3
G1 F120.00
G1 X34.9540 Y-19.2800
G1 Z2.0000
G1 X34.6722 Y-19.7600
G1 F60.00
G1 Z0.3
G1 F120.00
G1 X32.8879 Y-19.7600
G1 Z2.0000
G1 X32.9328 Y-20.2400
G1 F60.00
G1 Z0.3
G1 F120.00
G1 X34.6273 Y-20.2400
G1 Z2.0000
G1 X34.7878 Y-20.7200
G1 F60.00
G1 Z0.3
G1 F120.00
G1 X32.7723 Y-20.7200
G1 Z2.0000
G1 X32.2397 Y-21.2000
G1 F60.00
G1 Z0.3
G1 F120.00
G1 X35.3204 Y-21.2000
G1 X35.5198 Y-21.6800
G1 X32.0402 Y-21.6800
G1 X32.0402 Y-22.1600
G1 X35.5198 Y-22.1600
G1 X35.5198 Y-22.6400
G1 X32.0402 Y-22.6400
G1 X32.0402 Y-23.1200
G1 X35.5198 Y-23.1200
G1 X34.5502 Y-23.6000
G1 X33.0499 Y-23.6000
G1 Z2.0000
G1 X33.5824 Y-24.0800
G1 F60.00
G1 Z0.3
G1 F120.00
G1 X34.0177 Y-24.0800
G1 Z2.0000
G1 X33.8573 Y-24.5600
G1 F60.00
G1 Z0.3
G1 F120.00
G1 X33.7428 Y-24.5600
G1 Z2.0000
G1 X33.7500 Y-25.0400
G1 F60.00
G1 Z0.3
G1 F120.00
G1 X33.8501 Y-25.0400
G1 X33.8501 Y-25.5200
G1 X33.7500 Y-25.5200
G1 X33.8698 Y-25.9047
G1 X33.8731 Y-25.9241
G1 X33.8774 Y-25.9432
G1 X33.8965 Y-26.0194
G1 X33.9017 Y-26.0383
G1 X33.9079 Y-26.0569
G1 X33.9343 Y-26.1309
G1 X33.9453 Y-26.1582
G1 X33.9829 Y-26.2381
G1 X33.9917 Y-26.2556
G1 X34.0014 Y-26.2727
G1 X34.0418 Y-26.3400
G1 X34.0523 Y-26.3566
G1 X34.0636 Y-26.3727
G1 X34.1104 Y-26.4357
G1 X34.1224 Y-26.4512
G1 X34.1353 Y-26.4661
G1 X34.1880 Y-26.5243
G1 X34.2015 Y-26.5385
G1 X34.2157 Y-26.5520
G1 X34.2813 Y-26.6112
G1 X34.3043 Y-26.6296
G1 X34.3673 Y-26.6764
G1 X34.3834 Y-26.6877
G1 X34.4000 Y-26.6982
G1 X34.4673 Y-26.7386
G1 X34.4844 Y-26.7483
G1 X34.5019 Y-26.7571
G1 X34.5729 Y-26.7906
G1 X34.5908 Y-26.7986
G1 X34.6091 Y-26.8057
G1 X34.6831 Y-26.8321
G1 X34.7017 Y-26.8383
G1 X34.7206 Y-26.8435
G1 X34.7968 Y-26.8626
G1 X34.8159 Y-26.8669
G1 X34.8353 Y-26.8702
G1 X34.9129 Y-26.8818
G1 X34.9324 Y-26.8842
G1 X34.9520 Y-26.8856
G1 X35.0304 Y-26.8895
G1 X35.0500 Y-26.8899
G1 X35.0697 Y-26.8895
G1 X35.1481 Y-26.8856
G1 X35.1677 Y-26.8842
G1 X35.1872 Y-26.8818
G1 X35.2648 Y-26.8702
G1 X35.2842 Y-26.8669
G1 X35.3033 Y-26.8626
G1 X35.3795 Y-26.8435
G1 X35.3984 Y-26.8383
G1 X35.4170 Y-26.8321
G1 X35.4910 Y-26.8057
G1 X35.5093 Y-26.7986
G1 X35.5272 Y-26.7906
G1 X35.5982 Y-26.7571
G1 X35.6157 Y-26.7483
G1 X35.6328 Y-26.7386
G1 X35.7001 Y-26.6982
G1 X35.7167 Y-26.6877
G1 X35.7328 Y-26.6764
G1 X35.7958 Y-26.6296
G1 X35.8113 Y-26.6176
G1 X35.8262 Y-26.6047
G1 X35.8844 Y-26.5520
G1 X35.8986 Y-26.5385
G1 X35.9121 Y-26.5243
G1 X35.9648 Y-26.4661
G1 X35.9777 Y-26.4512
G1 X35.9897 Y-26.4357
G1 X36.0365 Y-26.3727
G1 X36.0478 Y-26.3566
G1 X36.0583 Y-26.3400
G1 X36.1036 Y-26.2642
G1 X36.1172 Y-26.2381
G1 X36.1507 Y-26.1671
G1 X36.1587 Y-26.1492
G1 X36.1658 Y-26.1309
G1 X36.1922 Y-26.0569
G1 X36.1984 Y-26.0383
G1 X36.2036 Y-26.0194
G1 X36.2227 Y-25.9432
G1 X36.2270 Y-25.9241
G1 X36.2303 Y-25.9047
G1 X36.2432 Y-25.8173
G1 X36.2457 Y-25.7880
G1 X36.2496 Y-25.7096
G1 X36.2500 Y-25.6900
G1 X36.2500 Y-25.1216
G1 X36.8859 Y-24.4858
G1 X36.8994 Y-24.4716
G1 X36.9258 Y-24.4425
G1 X36.9386 Y-24.4276
G1 X36.9507 Y-24.4121
G1 X36.9741 Y-24.3806
G1 X36.9907 Y-24.3563
G1 X37.0210 Y-24.3058
G1 X37.0346 Y-24.2796
G1 X37.0518 Y-24.2432
G1 X37.0595 Y-24.2257
G1 X37.0664 Y-24.2079
G1 X37.0796 Y-24.1709
G1 X37.0885 Y-24.1428
G1 X37.1006 Y-24.0952
G1 X37.1049 Y-24.0761
G1 X37.1082 Y-24.0567
G1 X37.1140 Y-24.0179
G1 X37.1164 Y-23.9984
G1 X37.1178 Y-23.9788
G1 X37.1198 Y-23.9396
G1 X37.1202 Y-23.9200
G1 X37.1202 Y-21.2708
G1 X37.1590 Y-21.2610
G1 X37.1778 Y-21.2553
G1 X37.2610 Y-21.2257
G1 X37.2883 Y-21.2147
G1 X37.3682 Y-21.1771
G1 X37.3857 Y-21.1683
G1 X37.4028 Y-21.1586
G1 X37.4785 Y-21.1131
G1 X37.5028 Y-21.0964
G1 X37.5658 Y-21.0496
G1 X37.5813 Y-21.0376
G1 X37.5962 Y-21.0247
G1 X37.6544 Y-20.9720
G1 X37.6686 Y-20.9585
G1 X37.6821 Y-20.9443
G1 X37.7413 Y-20.8787
G1 X37.7597 Y-20.8557
G1 X37.8065 Y-20.7927
G1 X37.8178 Y-20.7766
G1 X37.8283 Y-20.7600
G1 X37.8687 Y-20.6927
G1 X37.8784 Y-20.6756
G1 X37.8872 Y-20.6581
G1 X37.9207 Y-20.5871
G1 X37.9287 Y-20.5692
G1 X37.9358 Y-20.5509
G1 X37.9622 Y-20.4769
G1 X37.9684 Y-20.4583
G1 X37.9736 Y-20.4394
G1 X37.9927 Y-20.3632
G1 X37.9970 Y-20.3441
G1 X38.0003 Y-20.3247
G1 X38.0119 Y-20.2471
G1 X38.0151 Y-20.2178
G1 X38.0196 Y-20.1296
G1 X38.0200 Y-20.1100
G1 X38.0196 Y-20.0903
G1 X38.0157 Y-20.0119
G1 X38.0143 Y-19.9923
G1 X38.0119 Y-19.9728
G1 X38.0003 Y-19.8952
G1 X37.9970 Y-19.8758
G1 X37.9927 Y-19.8567
G1 X37.9736 Y-19.7805
G1 X37.9684 Y-19.7616
G1 X37.9622 Y-19.7430
G1 X37.9324 Y-19.6598
G1 X37.9207 Y-19.6328
G1 X37.8872 Y-19.5618
G1 X37.8784 Y-19.5443
G1 X37.8687 Y-19.5272
G1 X37.8283 Y-19.4599
G1 X37.8123 Y-19.4352
G1 X37.7597 Y-19.3642
G1 X37.7477 Y-19.3487
G1 X37.7348 Y-19.3338
G1 X37.6821 Y-19.2756
G1 X37.6686 Y-19.2614
G1 X37.6544 Y-19.2479
G1 X37.5962 Y-19.1952
G1 X37.5813 Y-19.1823
G1 X37.5658 Y-19.1703
G1 X37.4948 Y-19.1177
G1 X37.4701 Y-19.1017
G1 X37.4028 Y-19.0613
G1 X37.3857 Y-19.0516
G1 X37.3682 Y-19.0428
G1 X37.2883 Y-19.0052
G1 X37.2610 Y-18.9942
G1 X37.1778 Y-18.9646
G1 X37.1590 Y-18.9589
G1 X37.1203 Y-18.9491
G1 X37.1202 Y-14.0914
G1 X40.5015 Y-10.7102
G1 X40.6421 Y-10.7102
G1 X40.6797 Y-10.7515
G1 X40.6935 Y-10.7653
G1 X40.7663 Y-10.8312
G1 X40.7893 Y-10.8496
G1 X40.8603 Y-10.9022
G1 X40.8850 Y-10.9182
G1 X40.9523 Y-10.9586
G1 X40.9694 Y-10.9683
G1 X40.9869 Y-10.9771
G1 X41.0579 Y-11.0106
G1 X41.0849 Y-11.0223
G1 X41.1681 Y-11.0521
G1 X41.1867 Y-11.0583
G1 X41.2056 Y-11.0635
G1 X41.2818 Y-11.0826
G1 X41.3009 Y-11.0869
G1 X41.3203 Y-11.0902
G1 X41.3979 Y-11.1018
G1 X41.4174 Y-11.1042
G1 X41.4370 Y-11.1056
G1 X41.5154 Y-11.1095
G1 X41.5350 Y-11.1099
G1 X42.5449 Y-11.1098
G1 X42.6331 Y-11.1056
G1 X42.6527 Y-11.1042
G1 X42.6722 Y-11.1018
G1 X42.7498 Y-11.0902
G1 X42.7692 Y-11.0869
G1 X42.7883 Y-11.0826
G1 X42.8645 Y-11.0635
G1 X42.8834 Y-11.0583
G1 X42.9020 Y-11.0521
G1 X42.9760 Y-11.0257
G1 X42.9943 Y-11.0186
G1 X43.0122 Y-11.0106
G1 X43.0832 Y-10.9771
G1 X43.1007 Y-10.9683
G1 X43.1178 Y-10.9586
G1 X43.1851 Y-10.9182
G1 X43.2017 Y-10.9077
G1 X43.2178 Y-10.8964
G1 X43.2808 Y-10.8496
G1 X43.3038 Y-10.8312
G1 X43.3766 Y-10.7653
G1 X43.3971 Y-10.7443
G1 X43.4498 Y-10.6861
G1 X43.4627 Y-10.6712
G1 X43.4747 Y-10.6557
G1 X43.5215 Y-10.5927
G1 X43.5328 Y-10.5766
G1 X43.5433 Y-10.5600
G1 X43.5837 Y-10.4927
G1 X43.5934 Y-10.4756
G1 X43.6022 Y-10.4581
G1 X43.6357 Y-10.3871
G1 X43.6437 Y-10.3692
G1 X43.6508 Y-10.3509
G1 X43.6772 Y-10.2769
G1 X43.6834 Y-10.2583
G1 X43.6886 Y-10.2394
G1 X43.7077 Y-10.1632
G1 X43.7120 Y-10.1441
G1 X43.7153 Y-10.1247
G1 X43.7269 Y-10.0471
G1 X43.7293 Y-10.0276
G1 X43.7307 Y-10.0080
G1 X43.7346 Y-9.9296
G1 X43.7350 Y-9.9100
G1 X43.7346 Y-9.8903
G1 X43.7307 Y-9.8119
G1 X43.7293 Y-9.7923
G1 X43.7269 Y-9.7728
G1 X43.7153 Y-9.6952
G1 X43.7120 Y-9.6758
G1 X43.7077 Y-9.6567
G1 X43.6886 Y-9.5805
G1 X43.6834 Y-9.5616
G1 X43.6772 Y-9.5430
G1 X43.6508 Y-9.4690
G1 X43.6437 Y-9.4507
G1 X43.6357 Y-9.4328
G1 X43.6022 Y-9.3618
G1 X43.5934 Y-9.3443
G1 X43.5837 Y-9.3272
G1 X43.5433 Y-9.2599
G1 X43.5328 Y-9.2433
G1 X43.5215 Y-9.2272
G1 X43.4747 Y-9.1642
G1 X43.4627 Y-9.1487
G1 X43.4498 Y-9.1338
G1 X43.3971 Y-9.0756
G1 X43.3836 Y-9.0614
G1 X43.3694 Y-9.0479
G1 X43.3112 Y-8.9952
G1 X43.2963 Y-8.9823
G1 X43.2808 Y-8.9703
G1 X43.2178 Y-8.9235
G1 X43.1935 Y-8.9068
G1 X43.1093 Y-8.8564
G1 X43.0832 Y-8.8428
G1 X43.0122 Y-8.8093
G1 X42.9943 Y-8.8013
G1 X42.9760 Y-8.7942
G1 X42.9020 Y-8.7678
G1 X42.8834 Y-8.7616
G1 X42.8645 Y-8.7564
G1 X42.7883 Y-8.7373
G1 X42.7692 Y-8.7330
G1 X42.7498 Y-8.7297
G1 X42.6722 Y-8.7181
G1 X42.6429 Y-8.7149
G1 X42.5547 Y-8.7104
G1 X42.5350 Y-8.7100
G1 X41.5350 Y-8.7100
G1 X41.5154 Y-8.7104
G1 X41.4370 Y-8.7143
G1 X41.4077 Y-8.7168
G1 X41.3203 Y-8.7297
G1 X41.3009 Y-8.7330
G1 X41.2818 Y-8.7373
G1 X41.2056 Y-8.7564
G1 X41.1867 Y-8.7616
G1 X41.1681 Y-8.7678
G1 X41.0941 Y-8.7942
G1 X41.0758 Y-8.8013
G1 X41.0579 Y-8.8093
G1 X40.9781 Y-8.8471
G1 X40.9523 Y-8.8613
G1 X40.8850 Y-8.9017
G1 X40.8684 Y-8.9122
G1 X40.8523 Y-8.9235
G1 X40.7814 Y-8.9762
G1 X40.7589 Y-8.9952
G1 X40.6935 Y-9.0546
G1 X40.6797 Y-9.0684
G1 X40.6421 Y-9.1098
G1 X40.1700 Y-9.1098
G1 X40.1504 Y-9.1102
G1 X40.1014 Y-9.1128
G1 X40.0721 Y-9.1160
G1 X40.0236 Y-9.1233
G1 X40.0043 Y-9.1272
G1 X39.9472 Y-9.1415
G1 X39.9191 Y-9.1504
G1 X39.8821 Y-9.1636
G1 X39.8638 Y-9.1707
G1 X39.8459 Y-9.1786
G1 X39.8104 Y-9.1954
G1 X39.7842 Y-9.2090
G1 X39.7421 Y-9.2341
G1 X39.7174 Y-9.2502
G1 X39.6701 Y-9.2853
G1 X39.6475 Y-9.3042
G1 X39.6168 Y-9.3321
G1 X39.6042 Y-9.3441
G1 X35.7542 Y-13.1941
G1 X35.7407 Y-13.2083
G1 X35.7078 Y-13.2448
G1 X35.6894 Y-13.2678
G1 X35.6660 Y-13.2993
G1 X35.6547 Y-13.3154
G1 X35.6442 Y-13.3320
G1 X35.6240 Y-13.3657
G1 X35.6143 Y-13.3827
G1 X35.6055 Y-13.4003
G1 X35.5887 Y-13.4358
G1 X35.5772 Y-13.4625
G1 X35.5573 Y-13.5183
G1 X35.5491 Y-13.5466
G1 X35.5395 Y-13.5847
G1 X35.5352 Y-13.6038
G1 X35.5319 Y-13.6232
G1 X35.5261 Y-13.6620
G1 X35.5229 Y-13.6913
G1 X35.5200 Y-13.7501
G1 X35.5198 Y-18.9491
G1 X35.4811 Y-18.9589
G1 X35.4623 Y-18.9646
G1 X35.3791 Y-18.9942
G1 X35.3518 Y-19.0052
G1 X35.2719 Y-19.0428
G1 X35.2544 Y-19.0516
G1 X35.2373 Y-19.0613
G1 X35.1616 Y-19.1068
G1 X35.1373 Y-19.1235
G1 X35.0743 Y-19.1703
G1 X35.0588 Y-19.1823
G1 X35.0439 Y-19.1952
G1 X34.9857 Y-19.2479
G1 X34.9715 Y-19.2614
G1 X34.9580 Y-19.2756
G1 X34.9053 Y-19.3338
G1 X34.8863 Y-19.3563
G1 X34.8336 Y-19.4272
G1 X34.8223 Y-19.4433
G1 X34.8118 Y-19.4599
G1 X34.7714 Y-19.5272
G1 X34.7617 Y-19.5443
G1 X34.7529 Y-19.5618
G1 X34.7194 Y-19.6328
G1 X34.7114 Y-19.6507
G1 X34.7043 Y-19.6690
G1 X34.6779 Y-19.7430
G1 X34.6690 Y-19.7710
G1 X34.6474 Y-19.8567
G1 X34.6431 Y-19.8758
G1 X34.6398 Y-19.8952
G1 X34.6282 Y-19.9728
G1 X34.6258 Y-19.9923
G1 X34.6244 Y-20.0119
G1 X34.6205 Y-20.0903
G1 X34.6201 Y-20.1100
G1 X34.6205 Y-20.1296
G1 X34.6244 Y-20.2080
G1 X34.6258 Y-20.2276
G1 X34.6282 Y-20.2471
G1 X34.6398 Y-20.3247
G1 X34.6431 Y-20.3441
G1 X34.6474 Y-20.3632
G1 X34.6690 Y-20.4489
G1 X34.6779 Y-20.4769
G1 X34.7043 Y-20.5509
G1 X34.7114 Y-20.5692
G1 X34.7194 Y-20.5871
G1 X34.7529 Y-20.6581
G1 X34.7617 Y-20.6756
G1 X34.7714 Y-20.6927
G1 X34.8118 Y-20.7600
G1 X34.8223 Y-20.7766
G1 X34.8336 Y-20.7927
G1 X34.8863 Y-20.8636
G1 X34.9053 Y-20.8861
G1 X34.9580 Y-20.9443
G1 X34.9715 Y-20.9585
G1 X34.9857 Y-20.9720
G1 X35.0439 Y-21.0247
G1 X35.0588 Y-21.0376
G1 X35.0743 Y-21.0496
G1 X35.1373 Y-21.0964
G1 X35.1616 Y-21.1131
G1 X35.2373 Y-21.1586
G1 X35.2544 Y-21.1683
G1 X35.2719 Y-21.1771
G1 X35.3518 Y-21.2147
G1 X35.3791 Y-21.2257
G1 X35.4623 Y-21.2553
G1 X35.4811 Y-21.2610
G1 X35.5198 Y-21.2708
G1 X35.5198 Y-23.5859
G1 X35.5093 Y-23.5813
G1 X35.4910 Y-23.5742
G1 X35.4170 Y-23.5478
G1 X35.3984 Y-23.5416
G1 X35.3795 Y-23.5364
G1 X35.3033 Y-23.5173
G1 X35.2842 Y-23.5130
G1 X35.2648 Y-23.5097
G1 X35.1774 Y-23.4968
G1 X35.1481 Y-23.4943
G1 X35.0697 Y-23.4904
G1 X35.0500 Y-23.4900
G1 X35.0304 Y-23.4904
G1 X34.9520 Y-23.4943
G1 X34.9324 Y-23.4957
G1 X34.9129 Y-23.4981
G1 X34.8353 Y-23.5097
G1 X34.8159 Y-23.5130
G1 X34.7968 Y-23.5173
G1 X34.7206 Y-23.5364
G1 X34.7017 Y-23.5416
G1 X34.6831 Y-23.5478
G1 X34.6091 Y-23.5742
G1 X34.5908 Y-23.5813
G1 X34.5729 Y-23.5893
G1 X34.5019 Y-23.6228
G1 X34.4844 Y-23.6316
G1 X34.4673 Y-23.6413
G1 X34.3916 Y-23.6868
G1 X34.3673 Y-23.7035
G1 X34.3043 Y-23.7503
G1 X34.2888 Y-23.7623
G1 X34.2739 Y-23.7752
G1 X34.2157 Y-23.8279
G1 X34.2015 Y-23.8414
G1 X34.1880 Y-23.8556
G1 X34.1353 Y-23.9138
G1 X34.1224 Y-23.9287
G1 X34.1104 Y-23.9442
G1 X34.0578 Y-24.0152
G1 X34.0418 Y-24.0399
G1 X34.0014 Y-24.1072
G1 X33.9917 Y-24.1243
G1 X33.9829 Y-24.1418
G1 X33.9494 Y-24.2128
G1 X33.9414 Y-24.2307
G1 X33.9343 Y-24.2490
G1 X33.9079 Y-24.3230
G1 X33.9017 Y-24.3416
G1 X33.8965 Y-24.3605
G1 X33.8774 Y-24.4367
G1 X33.8731 Y-24.4558
G1 X33.8698 Y-24.4752
G1 X33.8582 Y-24.5528
G1 X33.8558 Y-24.5723
G1 X33.8544 Y-24.5919
G1 X33.8505 Y-24.6703
G1 X33.8501 Y-24.6900
G1 X33.8501 Y-25.6900
G1 X33.8505 Y-25.7096
G1 X33.8544 Y-25.7880
G1 X33.8558 Y-25.8076
G1 X33.8582 Y-25.8271
G1 X33.8698 Y-25.9047
G1 Z2.0000
G1 X33.8916 Y-26.0000
G1 F60.00
G1 Z0.3
G1 F120.00
G1 X33.7085 Y-26.0000
G1 Z2.0000
G1 X33.4522 Y-26.4800
G1 F60.00
G1 Z0.3
G1 F120.00
G1 X34.1479 Y-26.4800
G1 Z2.0000
G1 X45.1958 Y-27.4400
G1 F60.00
G1 Z0.3
G1 F120.00
G1 X49.0000 Y-27.4400
G1 X49.0000 Y-27.9200
G1 X45.4135 Y-27.9200
G1 Z2.0000
G1 X45.4970 Y-28.4000
G1 F60.00
G1 Z0.3
G1 F120.00
G1 X49.0000 Y-28.4000
G1 X49.0000 Y-28.8800
G1 X45.4631 Y-28.8800
G1 Z2.0000
G1 X45.3051 Y-29.3600
G1 F60.00
G1 Z0.3
G1 F120.00
G1 X49.0000 Y-29.3600
G1 X49.0000 Y-29.8400
G1 X44.9840 Y-29.8400
G1 Z2.0000
G1 X43.4191 Y9.5200
G1 F60.00
G1 Z0.3
G1 F120.00
G1 X49.0000 Y9.5200
G1 X49.0000 Y10.0000
G1 X43.6884 Y10.0000
G1 Z2.0000
G1 X43.7250 Y10.4800
G1 F60.00
G1 Z0.3
G1 F120.00
G1 X49.0000 Y10.4800
G1 X49.0000 Y10.9600
G1 X43.5554 Y10.9600
G1 Z2.0000
G1 X42.9910 Y11.4400
G1 F60.00
G1 Z0.3
G1 F120.00
G1 X49.0000 Y11.4400
G1 X49.0000 Y11.9200
G1 X39.7118 Y11.9200
G1 X40.1918 Y11.4400
G1 X41.0791 Y11.4400
G1 Z2.0000
G1 X40.6510 Y9.5200
G1 F60.00
G1 Z0.3
G1 F120.00
G1 X26.2741 Y9.5200
G1 Z2.0000
G1 X26.5434 Y10.0000
G1 F60.00
G1 Z0.3
G1 F120.00
G1 X39.3684 Y10.0000
G1 X38.8884 Y10.4800
G1 X26.5800 Y10.4800
G1 Z2.0000
G1 X26.4104 Y10.9600
G1 F60.00
G1 Z0.3
G1 F120.00
G1 X38.4084 Y10.9600
G1 X37.9284 Y11.4400
G1 X25.8460 Y11.4400
G1 Z2.0000
G1 X25.7903 Y11.9200
G1 F60.00
G1 Z0.3
G1 F120.00
G1 X37.4484 Y11.9200
G1 X36.9684 Y12.4000
G1 X25.7903 Y12.4000
G1 X25.7903 Y12.8800
G1 X36.4884 Y12.8800
G1 X36.0084 Y13.3600
G1 X26.2650 Y13.3600
G1 Z2.0000
G1 X26.5408 Y13.8400
G1 F60.00
G1 Z0.3
G1 F120.00
G1 X35.5962 Y13.8400
G1 Z2.0000
G1 X35.5198 Y14.3200
G1 F60.00
G1 Z0.3
G1 F120.00
G1 X26.5814 Y14.3200
G1 Z2.0000
G1 X26.4164 Y14.8000
G1 F60.00
G1 Z0.3
G1 F120.00
G1 X35.5198 Y14.8000
G1 X35.5198 Y15.2800
G1 X25.8688 Y15.2800
G1 X26.1084 Y15.7600
G1 X35.5198 Y15.7600
G1 X35.5198 Y16.2400
G1 X28.0817 Y16.2400
G1 X28.5617 Y16.7200
G1 X35.5198 Y16.7200
G1 X35.5198 Y17.2000
G1 X29.0417 Y17.2000
G1 X29.5217 Y17.6800
G1 X35.5198 Y17.6800
G1 X35.5198 Y18.1600
G1 X30.0017 Y18.1600
G1 X30.4817 Y18.6400
G1 X35.5198 Y18.6400
G1 X35.5198 Y19.1200
G1 X30.9617 Y19.1200
G1 Z2.0000
G1 X32.4983 Y19.6000
G1 F60.00
G1 Z0.3
G1 F120.00
G1 X35.0618 Y19.6000
G1 Z2.0000
G1 X34.7077 Y20.0800
G1 F60.00
G1 Z0.3
G1 F120.00
G1 X32.8524 Y20.0800
G1 Z2.0000
G1 X32.9391 Y20.5600
G1 F60.00
G1 Z0.3
G1 F120.00
G1 X34.6210 Y20.5600
G1 Z2.0000
G1 X34.7349 Y21.0400
G1 F60.00
G1 Z0.3
G1 F120.00
G1 X32.8252 Y21.0400
G1 Z2.0000
G1 X32.4180 Y21.5200
G1 F60.00
G1 Z0.3
G1 F120.00
G1 X35.1421 Y21.5200
G1 X35.5198 Y22.0000
G1 X32.0402 Y22.0000
G1 X32.0402 Y22.4800
G1 X35.5198 Y22.4800
G1 X35.5198 Y22.9600
G1 X32.0402 Y22.9600
G1 X32.0402 Y23.4400
G1 X35.5198 Y23.4400
G1 X35.5198 Y23.9200
G1 X35.1591 Y23.9200
G1 Z2.0000
G1 X34.8610 Y23.9200
G1 F60.00
G1 Z0.3
G1 F120.00
G1 X32.6591 Y23.9200
G1 Z2.0000
G1 X32.3610 Y23.9200
G1 F60.00
G1 Z0.3
G1 F120.00
G1 X32.0402 Y23.9200
G1 Z2.0000
G1 X33.4763 Y24.4000
G1 F60.00
G1 Z0.3
G1 F120.00
G1 X34.0438 Y24.4000
G1 Z2.0000
G1 X33.8324 Y24.8800
G1 F60.00
G1 Z0.3
G1 F120.00
G1 X33.6877 Y24.8800
G1 Z2.0000
G1 X33.8298 Y24.8953
G1 F60.00
G1 Z0.3
G1 F120.00
G1 X33.8331 Y24.8759
G1 X33.8374 Y24.8568
G1 X33.8565 Y24.7806
G1 X33.8617 Y24.7617
G1 X33.8679 Y24.7431
G1 X33.8943 Y24.6691
G1 X33.9014 Y24.6508
G1 X33.9094 Y24.6329
G1 X33.9429 Y24.5619
G1 X33.9517 Y24.5444
G1 X33.9614 Y24.5273
G1 X34.0018 Y24.4600
G1 X34.0123 Y24.4434
G1 X34.0236 Y24.4273
G1 X34.0704 Y24.3643
G1 X34.0824 Y24.3488
G1 X34.0953 Y24.3339
G1 X34.1480 Y24.2757
G1 X34.1685 Y24.2547
G1 X34.2339 Y24.1953
G1 X34.2488 Y24.1824
G1 X34.2643 Y24.1704
G1 X34.3273 Y24.1236
G1 X34.3434 Y24.1123
G1 X34.3600 Y24.1018
G1 X34.4273 Y24.0614
G1 X34.4444 Y24.0517
G1 X34.4619 Y24.0429
G1 X34.5329 Y24.0094
G1 X34.5508 Y24.0014
G1 X34.5691 Y23.9943
G1 X34.6431 Y23.9679
G1 X34.6617 Y23.9617
G1 X34.6806 Y23.9565
G1 X34.7568 Y23.9374
G1 X34.7759 Y23.9331
G1 X34.7953 Y23.9298
G1 X34.8729 Y23.9182
G1 X34.9022 Y23.9150
G1 X35.0002 Y23.9102
G1 X35.0297 Y23.9105
G1 X35.1081 Y23.9144
G1 X35.1277 Y23.9158
G1 X35.1472 Y23.9182
G1 X35.2248 Y23.9298
G1 X35.2442 Y23.9331
G1 X35.2633 Y23.9374
G1 X35.3395 Y23.9565
G1 X35.3584 Y23.9617
G1 X35.3770 Y23.9679
G1 X35.4510 Y23.9943
G1 X35.4693 Y24.0014
G1 X35.4816 Y24.0068
G1 X35.5198 Y23.9686
G1 X35.5198 Y21.6909
G1 X35.4811 Y21.6811
G1 X35.4623 Y21.6754
G1 X35.3791 Y21.6458
G1 X35.3518 Y21.6348
G1 X35.2719 Y21.5972
G1 X35.2544 Y21.5884
G1 X35.2373 Y21.5787
G1 X35.1616 Y21.5332
G1 X35.1373 Y21.5165
G1 X35.0743 Y21.4697
G1 X35.0588 Y21.4577
G1 X35.0439 Y21.4448
G1 X34.9857 Y21.3921
G1 X34.9715 Y21.3786
G1 X34.9580 Y21.3644
G1 X34.9053 Y21.3062
G1 X34.8863 Y21.2837
G1 X34.8336 Y21.2128
G1 X34.8223 Y21.1967
G1 X34.8118 Y21.1801
G1 X34.7714 Y21.1128
G1 X34.7617 Y21.0957
G1 X34.7529 Y21.0782
G1 X34.7194 Y21.0072
G1 X34.7114 Y20.9893
G1 X34.7043 Y20.9710
G1 X34.6779 Y20.8970
G1 X34.6717 Y20.8784
G1 X34.6665 Y20.8595
G1 X34.6451 Y20.7738
G1 X34.6398 Y20.7448
G1 X34.6282 Y20.6672
G1 X34.6258 Y20.6477
G1 X34.6244 Y20.6281
G1 X34.6205 Y20.5497
G1 X34.6201 Y20.5300
G1 X34.6205 Y20.5104
G1 X34.6244 Y20.4320
G1 X34.6258 Y20.4124
G1 X34.6282 Y20.3929
G1 X34.6398 Y20.3153
G1 X34.6431 Y20.2959
G1 X34.6474 Y20.2768
G1 X34.6690 Y20.1911
G1 X34.6779 Y20.1631
G1 X34.7043 Y20.0891
G1 X34.7114 Y20.0708
G1 X34.7194 Y20.0529
G1 X34.7529 Y19.9819
G1 X34.7617 Y19.9644
G1 X34.7714 Y19.9473
G1 X34.8118 Y19.8800
G1 X34.8223 Y19.8634
G1 X34.8336 Y19.8473
G1 X34.8863 Y19.7764
G1 X34.9053 Y19.7539
G1 X34.9580 Y19.6957
G1 X34.9715 Y19.6815
G1 X34.9857 Y19.6680
G1 X35.0439 Y19.6153
G1 X35.0588 Y19.6024
G1 X35.0743 Y19.5904
G1 X35.1373 Y19.5436
G1 X35.1616 Y19.5269
G1 X35.2373 Y19.4814
G1 X35.2544 Y19.4717
G1 X35.2719 Y19.4629
G1 X35.3518 Y19.4253
G1 X35.3791 Y19.4143
G1 X35.4623 Y19.3847
G1 X35.4811 Y19.3790
G1 X35.5198 Y19.3692
G1 X35.5200 Y14.1702
G1 X35.5229 Y14.1114
G1 X35.5261 Y14.0821
G1 X35.5319 Y14.0433
G1 X35.5352 Y14.0239
G1 X35.5395 Y14.0048
G1 X35.5516 Y13.9572
G1 X35.5605 Y13.9291
G1 X35.5737 Y13.8921
G1 X35.5808 Y13.8738
G1 X35.5887 Y13.8559
G1 X35.6098 Y13.8116
G1 X35.6240 Y13.7858
G1 X35.6442 Y13.7521
G1 X35.6547 Y13.7355
G1 X35.6660 Y13.7194
G1 X35.6894 Y13.6879
G1 X35.7078 Y13.6649
G1 X35.7407 Y13.6284
G1 X35.7542 Y13.6142
G1 X39.6042 Y9.7642
G1 X39.6184 Y9.7507
G1 X39.6475 Y9.7243
G1 X39.6701 Y9.7054
G1 X39.7174 Y9.6703
G1 X39.7421 Y9.6542
G1 X39.7842 Y9.6291
G1 X39.8104 Y9.6155
G1 X39.8468 Y9.5983
G1 X39.8643 Y9.5906
G1 X39.8821 Y9.5837
G1 X39.9191 Y9.5705
G1 X39.9472 Y9.5616
G1 X40.0043 Y9.5473
G1 X40.0236 Y9.5434
G1 X40.0721 Y9.5361
G1 X40.1014 Y9.5329
G1 X40.1504 Y9.5303
G1 X40.1700 Y9.5298
G1 X40.6421 Y9.5298
G1 X40.6797 Y9.4885
G1 X40.6935 Y9.4747
G1 X40.7589 Y9.4153
G1 X40.7814 Y9.3963
G1 X40.8523 Y9.3436
G1 X40.8684 Y9.3323
G1 X40.8850 Y9.3218
G1 X40.9523 Y9.2814
G1 X40.9781 Y9.2672
G1 X41.0579 Y9.2294
G1 X41.0758 Y9.2214
G1 X41.0941 Y9.2143
G1 X41.1681 Y9.1879
G1 X41.1867 Y9.1817
G1 X41.2056 Y9.1765
G1 X41.2818 Y9.1574
G1 X41.3009 Y9.1531
G1 X41.3203 Y9.1498
G1 X41.3979 Y9.1382
G1 X41.4174 Y9.1358
G1 X41.4370 Y9.1344
G1 X41.5154 Y9.1305
G1 X41.5350 Y9.1301
G1 X42.5350 Y9.1301
G1 X42.5547 Y9.1305
G1 X42.6429 Y9.1350
G1 X42.6722 Y9.1382
G1 X42.7498 Y9.1498
G1 X42.7692 Y9.1531
G1 X42.7883 Y9.1574
G1 X42.8645 Y9.1765
G1 X42.8834 Y9.1817
G1 X42.9020 Y9.1879
G1 X42.9760 Y9.2143
G1 X42.9943 Y9.2214
G1 X43.0122 Y9.2294
G1 X43.0832 Y9.2629
G1 X43.1007 Y9.2717
G1 X43.1178 Y9.2814
G1 X43.1851 Y9.3218
G1 X43.2017 Y9.3323
G1 X43.2178 Y9.3436
G1 X43.2808 Y9.3904
G1 X43.3038 Y9.4088
G1 X43.3694 Y9.4680
G1 X43.3836 Y9.4815
G1 X43.3971 Y9.4957
G1 X43.4498 Y9.5539
G1 X43.4627 Y9.5688
G1 X43.4747 Y9.5843
G1 X43.5215 Y9.6473
G1 X43.5328 Y9.6634
G1 X43.5433 Y9.6800
G1 X43.5837 Y9.7473
G1 X43.5934 Y9.7644
G1 X43.6022 Y9.7819
G1 X43.6357 Y9.8529
G1 X43.6437 Y9.8708
G1 X43.6508 Y9.8891
G1 X43.6772 Y9.9631
G1 X43.6834 Y9.9817
G1 X43.6886 Y10.0006
G1 X43.7077 Y10.0768
G1 X43.7120 Y10.0959
G1 X43.7153 Y10.1153
G1 X43.7269 Y10.1929
G1 X43.7293 Y10.2124
G1 X43.7307 Y10.2320
G1 X43.7346 Y10.3104
G1 X43.7350 Y10.3300
G1 X43.7346 Y10.3497
G1 X43.7307 Y10.4281
G1 X43.7293 Y10.4477
G1 X43.7269 Y10.4672
G1 X43.7153 Y10.5448
G1 X43.7120 Y10.5642
G1 X43.7077 Y10.5833
G1 X43.6886 Y10.6595
G1 X43.6834 Y10.6784
G1 X43.6772 Y10.6970
G1 X43.6508 Y10.7710
G1 X43.6437 Y10.7893
G1 X43.6357 Y10.8072
G1 X43.6022 Y10.8782
G1 X43.5934 Y10.8957
G1 X43.5837 Y10.9128
G1 X43.5433 Y10.9801
G1 X43.5328 Y10.9967
G1 X43.5215 Y11.0128
G1 X43.4747 Y11.0758
G1 X43.4627 Y11.0913
G1 X43.4498 Y11.1062
G1 X43.3971 Y11.1644
G1 X43.3766 Y11.1854
G1 X43.3038 Y11.2513
G1 X43.2808 Y11.2697
G1 X43.2178 Y11.3165
G1 X43.2017 Y11.3278
G1 X43.1851 Y11.3383
G1 X43.1178 Y11.3787
G1 X43.1007 Y11.3884
G1 X43.0832 Y11.3972
G1 X43.0122 Y11.4307
G1 X42.9943 Y11.4387
G1 X42.9760 Y11.4458
G1 X42.9020 Y11.4722
G1 X42.8834 Y11.4784
G1 X42.8645 Y11.4836
G1 X42.7883 Y11.5027
G1 X42.7692 Y11.5070
G1 X42.7498 Y11.5103
G1 X42.6722 Y11.5219
G1 X42.6527 Y11.5243
G1 X42.6331 Y11.5257
G1 X42.5449 Y11.5299
G1 X41.5350 Y11.5300
G1 X41.5154 Y11.5296
G1 X41.4370 Y11.5257
G1 X41.4174 Y11.5243
G1 X41.3979 Y11.5219
G1 X41.3203 Y11.5103
G1 X41.3009 Y11.5070
G1 X41.2818 Y11.5027
G1 X41.2056 Y11.4836
G1 X41.1867 Y11.4784
G1 X41.1681 Y11.4722
G1 X41.0849 Y11.4424
G1 X41.0579 Y11.4307
G1 X40.9869 Y11.3972
G1 X40.9694 Y11.3884
G1 X40.9523 Y11.3787
G1 X40.8850 Y11.3383
G1 X40.8603 Y11.3223
G1 X40.7893 Y11.2697
G1 X40.7663 Y11.2513
G1 X40.6935 Y11.1854
G1 X40.6797 Y11.1716
G1 X40.6421 Y11.1302
G1 X40.5015 Y11.1302
G1 X37.1202 Y14.5115
G1 X37.1202 Y19.3692
G1 X37.1590 Y19.3790
G1 X37.1778 Y19.3847
G1 X37.2610 Y19.4143
G1 X37.2883 Y19.4253
G1 X37.3682 Y19.4629
G1 X37.3857 Y19.4717
G1 X37.4028 Y19.4814
G1 X37.4701 Y19.5218
G1 X37.4948 Y19.5378
G1 X37.5658 Y19.5904
G1 X37.5813 Y19.6024
G1 X37.5962 Y19.6153
G1 X37.6544 Y19.6680
G1 X37.6686 Y19.6815
G1 X37.6821 Y19.6957
G1 X37.7348 Y19.7539
G1 X37.7477 Y19.7688
G1 X37.7597 Y19.7843
G1 X37.8123 Y19.8553
G1 X37.8283 Y19.8800
G1 X37.8687 Y19.9473
G1 X37.8784 Y19.9644
G1 X37.8872 Y19.9819
G1 X37.9207 Y20.0529
G1 X37.9324 Y20.0799
G1 X37.9622 Y20.1631
G1 X37.9684 Y20.1817
G1 X37.9736 Y20.2006
G1 X37.9927 Y20.2768
G1 X37.9970 Y20.2959
G1 X38.0003 Y20.3153
G1 X38.0119 Y20.3929
G1 X38.0143 Y20.4124
G1 X38.0157 Y20.4320
G1 X38.0196 Y20.5104
G1 X38.0200 Y20.5300
G1 X38.0196 Y20.5497
G1 X38.0157 Y20.6281
G1 X38.0143 Y20.6477
G1 X38.0119 Y20.6672
G1 X38.0003 Y20.7448
G1 X37.9970 Y20.7642
G1 X37.9927 Y20.7833
G1 X37.9736 Y20.8595
G1 X37.9684 Y20.8784
G1 X37.9622 Y20.8970
G1 X37.9358 Y20.9710
G1 X37.9287 Y20.9893
G1 X37.9207 Y21.0072
G1 X37.8872 Y21.0782
G1 X37.8784 Y21.0957
G1 X37.8687 Y21.1128
G1 X37.8283 Y21.1801
G1 X37.8178 Y21.1967
G1 X37.8065 Y21.2128
G1 X37.7597 Y21.2758
G1 X37.7413 Y21.2988
G1 X37.6821 Y21.3644
G1 X37.6686 Y21.3786
G1 X37.6544 Y21.3921
G1 X37.5962 Y21.4448
G1 X37.5813 Y21.4577
G1 X37.5658 Y21.4697
G1 X37.5028 Y21.5165
G1 X37.4785 Y21.5332
G1 X37.4028 Y21.5787
G1 X37.3857 Y21.5884
G1 X37.3682 Y21.5972
G1 X37.2883 Y21.6348
G1 X37.2610 Y21.6458
G1 X37.1778 Y21.6754
G1 X37.1590 Y21.6811
G1 X37.1203 Y21.6909
G1 X37.1202 Y24.3000
G1 X37.1198 Y24.3197
G1 X37.1178 Y24.3589
G1 X37.1153 Y24.3882
G1 X37.1067 Y24.4465
G1 X37.1006 Y24.4753
G1 X37.0885 Y24.5229
G1 X37.0796 Y24.5510
G1 X37.0664 Y24.5880
G1 X37.0593 Y24.6063
G1 X37.0514 Y24.6242
G1 X37.0346 Y24.6597
G1 X37.0210 Y24.6859
G1 X36.9907 Y24.7364
G1 X36.9741 Y24.7607
G1 X36.9507 Y24.7922
G1 X36.9386 Y24.8077
G1 X36.9258 Y24.8226
G1 X36.8994 Y24.8517
G1 X36.8859 Y24.8659
G1 X36.2100 Y25.5417
G1 X36.2099 Y26.1199
G1 X36.2057 Y26.2081
G1 X36.2032 Y26.2374
G1 X36.1888 Y26.3345
G1 X36.1827 Y26.3633
G1 X36.1636 Y26.4395
G1 X36.1584 Y26.4584
G1 X36.1522 Y26.4770
G1 X36.1258 Y26.5510
G1 X36.1187 Y26.5693
G1 X36.1107 Y26.5872
G1 X36.0772 Y26.6582
G1 X36.0684 Y26.6757
G1 X36.0587 Y26.6928
G1 X36.0183 Y26.7601
G1 X36.0078 Y26.7767
G1 X35.9965 Y26.7928
G1 X35.9497 Y26.8558
G1 X35.9377 Y26.8713
G1 X35.9248 Y26.8862
G1 X35.8721 Y26.9444
G1 X35.8586 Y26.9586
G1 X35.8444 Y26.9721
G1 X35.7862 Y27.0248
G1 X35.7713 Y27.0377
G1 X35.7558 Y27.0497
G1 X35.6928 Y27.0965
G1 X35.6767 Y27.1078
G1 X35.6601 Y27.1183
G1 X35.5928 Y27.1587
G1 X35.5757 Y27.1684
G1 X35.5582 Y27.1772
G1 X35.4872 Y27.2107
G1 X35.4693 Y27.2187
G1 X35.4510 Y27.2258
G1 X35.3770 Y27.2522
G1 X35.3584 Y27.2584
G1 X35.3395 Y27.2636
G1 X35.2633 Y27.2827
G1 X35.2442 Y27.2870
G1 X35.2248 Y27.2903
G1 X35.1472 Y27.3019
G1 X35.1277 Y27.3043
G1 X35.1081 Y27.3057
G1 X35.0297 Y27.3096
G1 X35.0100 Y27.3100
G1 X34.9904 Y27.3096
G1 X34.9120 Y27.3057
G1 X34.8924 Y27.3043
G1 X34.8729 Y27.3019
G1 X34.7953 Y27.2903
G1 X34.7759 Y27.2870
G1 X34.7568 Y27.2827
G1 X34.6806 Y27.2636
G1 X34.6617 Y27.2584
G1 X34.6431 Y27.2522
G1 X34.5691 Y27.2258
G1 X34.5508 Y27.2187
G1 X34.5329 Y27.2107
G1 X34.4619 Y27.1772
G1 X34.4444 Y27.1684
G1 X34.4273 Y27.1587
G1 X34.3600 Y27.1183
G1 X34.3434 Y27.1078
G1 X34.3273 Y27.0965
G1 X34.2643 Y27.0497
G1 X34.2488 Y27.0377
G1 X34.2339 Y27.0248
G1 X34.1757 Y26.9721
G1 X34.1615 Y26.9586
G1 X34.1480 Y26.9444
G1 X34.0953 Y26.8862
G1 X34.0824 Y26.8713
G1 X34.0704 Y26.8558
G1 X34.0236 Y26.7928
G1 X34.0123 Y26.7767
G1 X34.0018 Y26.7601
G1 X33.9614 Y26.6928
G1 X33.9517 Y26.6757
G1 X33.9429 Y26.6582
G1 X33.9094 Y26.5872
G1 X33.9014 Y26.5693
G1 X33.8943 Y26.5510
G1 X33.8679 Y26.4770
G1 X33.8617 Y26.4584
G1 X33.8565 Y26.4395
G1 X33.8351 Y26.3538
G1 X33.8298 Y26.3248
G1 X33.8182 Y26.2472
G1 X33.8158 Y26.2277
G1 X33.8144 Y26.2081
G1 X33.8102 Y26.1199
G1 X33.8101 Y25.1100
G1 X33.8105 Y25.0904
G1 X33.8144 Y25.0120
G1 X33.8158 Y24.9924
G1 X33.8182 Y24.9729
G1 X33.8298 Y24.8953
G1 Z2.0000
G1 X33.8101 Y25.3600
G1 F60.00
G1 Z0.3
G1 F120.00
G1 X33.7100 Y25.3600
G1 X33.7100 Y25.8400
G1 X33.8101 Y25.8400
G1 Z2.0000
G1 X33.8290 Y26.3200
G1 F60.00
G1 Z0.3
G1 F120.00
G1 X33.6911 Y26.3200
G1 Z2.0000
G1 X33.4912 Y26.8000
G1 F60.00
G1 Z0.3
G1 F120.00
G1 X34.0289 Y26.8000
G1 Z2.0000
G1 X34.7460 Y27.2800
G1 F60.00
G1 Z0.3
G1 F120.00
G1 X32.7741 Y27.2800
G1 Z2.0000
G1 X32.2460 Y27.2800
G1 F60.00
G1 Z0.3
G1 F120.00
G1 X24.3518 Y27.2800
G1 X24.8318 Y26.8000
G1 X31.5289 Y26.8000
G1 Z2.0000
G1 X31.3290 Y26.3200
G1 F60.00
G1 Z0.3
G1 F120.00
G1 X25.3118 Y26.3200
G1 Z2.0000
G1 X25.6565 Y25.8400
G1 F60.00
G1 Z0.3
G1 F120.00
G1 X31.3101 Y25.8400
G1 X31.1283 Y25.3600
G1 X25.6902 Y25.3600
G1 X25.6902 Y24.8800
G1 X30.6501 Y24.8800
G1 Z2.0000
G1 X30.4423 Y24.4000
G1 F60.00
G1 Z0.3
G1 F120.00
G1 X25.6902 Y24.4000
G1 X25.6902 Y23.9200
G1 X30.4398 Y23.9200
G1 X30.4398 Y23.4400
G1 X25.6902 Y23.4400
G1 X25.6902 Y22.9600
G1 X30.4398 Y22.9600
G1 X30.4398 Y22.4800
G1 X25.6902 Y22.4800
G1 X25.6902 Y22.0000
G1 X30.4398 Y22.0000
G1 X30.0621 Y21.5200
G1 X25.6902 Y21.5200
G1 X25.6902 Y21.0400
G1 X29.6549 Y21.0400
G1 Z2.0000
G1 X29.5410 Y20.5600
G1 F60.00
G1 Z0.3
G1 F120.00
G1 X25.6903 Y20.5600
G1 Z2.0000
G1 X26.2651 Y20.0800
G1 F60.00
G1 Z0.3
G1 F120.00
G1 X29.6277 Y20.0800
G1 X29.1783 Y19.6000
G1 X26.5408 Y19.6000
G1 Z2.0000
G1 X26.5814 Y19.1200
G1 F60.00
G1 Z0.3
G1 F120.00
G1 X28.6983 Y19.1200
G1 X28.2183 Y18.6400
G1 X26.4163 Y18.6400
G1 Z2.0000
G1 X25.8686 Y18.1600
G1 F60.00
G1 Z0.3
G1 F120.00
G1 X27.7383 Y18.1600
G1 X27.2583 Y17.6800
G1 X26.1085 Y17.6800
G1 Z2.0000
G1 X23.9115 Y18.1600
G1 F60.00
G1 Z0.3
G1 F120.00
G1 X19.8290 Y18.1600
G1 X19.8290 Y17.6800
G1 X23.6716 Y17.6800
G1 Z2.0000
G1 X23.2907 Y17.2000
G1 F60.00
G1 Z0.3
G1 F120.00
G1 X19.8290 Y17.2000
G1 X19.8290 Y16.7200
G1 X23.1901 Y16.7200
G1 Z2.0000
G1 X23.2098 Y16.5053
G1 F60.00
G1 Z0.3
G1 F120.00
G1 X23.2131 Y16.4859
G1 X23.2174 Y16.4668
G1 X23.2390 Y16.3811
G1 X23.2479 Y16.3531
G1 X23.2743 Y16.2791
G1 X23.2814 Y16.2608
G1 X23.2894 Y16.2429
G1 X23.3229 Y16.1719
G1 X23.3317 Y16.1544
G1 X23.3414 Y16.1373
G1 X23.3818 Y16.0700
G1 X23.3923 Y16.0534
G1 X23.4036 Y16.0373
G1 X23.4504 Y15.9743
G1 X23.4624 Y15.9588
G1 X23.4753 Y15.9439
G1 X23.5280 Y15.8857
G1 X23.5485 Y15.8647
G1 X23.6139 Y15.8053
G1 X23.6288 Y15.7924
G1 X23.6443 Y15.7804
G1 X23.7153 Y15.7278
G1 X23.7400 Y15.7118
G1 X23.8073 Y15.6714
G1 X23.8244 Y15.6617
G1 X23.8419 Y15.6529
G1 X23.9129 Y15.6194
G1 X23.9308 Y15.6114
G1 X23.9491 Y15.6043
G1 X24.0231 Y15.5779
G1 X24.0417 Y15.5717
G1 X24.0606 Y15.5665
G1 X24.1368 Y15.5474
G1 X24.1559 Y15.5431
G1 X24.1753 Y15.5398
G1 X24.2627 Y15.5269
G1 X24.2920 Y15.5244
G1 X24.3704 Y15.5205
G1 X24.3900 Y15.5201
G1 X25.3900 Y15.5201
G1 X25.4097 Y15.5205
G1 X25.4881 Y15.5244
G1 X25.5174 Y15.5269
G1 X25.6048 Y15.5398
G1 X25.6242 Y15.5431
G1 X25.6433 Y15.5474
G1 X25.7195 Y15.5665
G1 X25.7384 Y15.5717
G1 X25.7570 Y15.5779
G1 X25.8310 Y15.6043
G1 X25.8493 Y15.6114
G1 X25.8672 Y15.6194
G1 X25.9470 Y15.6572
G1 X25.9728 Y15.6714
G1 X26.0401 Y15.7118
G1 X26.0567 Y15.7223
G1 X26.0728 Y15.7336
G1 X26.1437 Y15.7863
G1 X26.1662 Y15.8053
G1 X26.2316 Y15.8647
G1 X26.2454 Y15.8785
G1 X26.2830 Y15.9198
G1 X27.4399 Y15.9200
G1 X27.4889 Y15.9223
G1 X27.5085 Y15.9237
G1 X27.5280 Y15.9261
G1 X27.5668 Y15.9319
G1 X27.5862 Y15.9352
G1 X27.6053 Y15.9395
G1 X27.6529 Y15.9516
G1 X27.6717 Y15.9573
G1 X27.7272 Y15.9771
G1 X27.7542 Y15.9887
G1 X27.7897 Y16.0055
G1 X27.8073 Y16.0143
G1 X27.8243 Y16.0240
G1 X27.8580 Y16.0442
G1 X27.8827 Y16.0603
G1 X27.9300 Y16.0954
G1 X27.9526 Y16.1143
G1 X27.9897 Y16.1482
G1 X31.1717 Y19.3300
G1 X31.7400 Y19.3301
G1 X31.7597 Y19.3305
G1 X31.8381 Y19.3344
G1 X31.8674 Y19.3369
G1 X31.9645 Y19.3513
G1 X31.9933 Y19.3574
G1 X32.0695 Y19.3765
G1 X32.0884 Y19.3817
G1 X32.1070 Y19.3879
G1 X32.1810 Y19.4143
G1 X32.1993 Y19.4214
G1 X32.2172 Y19.4294
G1 X32.2882 Y19.4629
G1 X32.3057 Y19.4717
G1 X32.3228 Y19.4814
G1 X32.3901 Y19.5218
G1 X32.4067 Y19.5323
G1 X32.4228 Y19.5436
G1 X32.4858 Y19.5904
G1 X32.5013 Y19.6024
G1 X32.5162 Y19.6153
G1 X32.5744 Y19.6680
G1 X32.5954 Y19.6885
G1 X32.6548 Y19.7539
G1 X32.6738 Y19.7764
G1 X32.7323 Y19.8553
G1 X32.7483 Y19.8800
G1 X32.7936 Y19.9558
G1 X32.8072 Y19.9819
G1 X32.8407 Y20.0529
G1 X32.8487 Y20.0708
G1 X32.8558 Y20.0891
G1 X32.8822 Y20.1631
G1 X32.8884 Y20.1817
G1 X32.8936 Y20.2006
G1 X32.9127 Y20.2768
G1 X32.9170 Y20.2959
G1 X32.9203 Y20.3153
G1 X32.9319 Y20.3929
G1 X32.9343 Y20.4124
G1 X32.9357 Y20.4320
G1 X32.9396 Y20.5104
G1 X32.9400 Y20.5300
G1 X32.9396 Y20.5497
G1 X32.9357 Y20.6281
G1 X32.9332 Y20.6574
G1 X32.9203 Y20.7448
G1 X32.9170 Y20.7642
G1 X32.9127 Y20.7833
G1 X32.8936 Y20.8595
G1 X32.8884 Y20.8784
G1 X32.8822 Y20.8970
G1 X32.8558 Y20.9710
G1 X32.8487 Y20.9893
G1 X32.8407 Y21.0072
G1 X32.8072 Y21.0782
G1 X32.7984 Y21.0957
G1 X32.7887 Y21.1128
G1 X32.7483 Y21.1801
G1 X32.7378 Y21.1967
G1 X32.7265 Y21.2128
G1 X32.6797 Y21.2758
G1 X32.6613 Y21.2988
G1 X32.6021 Y21.3644
G1 X32.5886 Y21.3786
G1 X32.5744 Y21.3921
G1 X32.5162 Y21.4448
G1 X32.5013 Y21.4577
G1 X32.4858 Y21.4697
G1 X32.4228 Y21.5165
G1 X32.3985 Y21.5332
G1 X32.3228 Y21.5787
G1 X32.3057 Y21.5884
G1 X32.2882 Y21.5972
G1 X32.2083 Y21.6348
G1 X32.1810 Y21.6458
G1 X32.0978 Y21.6754
G1 X32.0790 Y21.6811
G1 X32.0403 Y21.6909
G1 X32.0402 Y24.0060
G1 X32.0508 Y24.0014
G1 X32.0691 Y23.9943
G1 X32.1431 Y23.9679
G1 X32.1617 Y23.9617
G1 X32.1806 Y23.9565
G1 X32.2568 Y23.9374
G1 X32.2759 Y23.9331
G1 X32.2953 Y23.9298
G1 X32.3729 Y23.9182
G1 X32.3924 Y23.9158
G1 X32.4120 Y23.9144
G1 X32.4904 Y23.9105
G1 X32.5100 Y23.9101
G1 X32.5297 Y23.9105
G1 X32.6081 Y23.9144
G1 X32.6277 Y23.9158
G1 X32.6472 Y23.9182
G1 X32.7248 Y23.9298
G1 X32.7442 Y23.9331
G1 X32.7633 Y23.9374
G1 X32.8395 Y23.9565
G1 X32.8584 Y23.9617
G1 X32.8770 Y23.9679
G1 X32.9510 Y23.9943
G1 X32.9693 Y24.0014
G1 X32.9872 Y24.0094
G1 X33.0582 Y24.0429
G1 X33.0757 Y24.0517
G1 X33.0928 Y24.0614
G1 X33.1601 Y24.1018
G1 X33.1767 Y24.1123
G1 X33.1928 Y24.1236
G1 X33.2558 Y24.1704
G1 X33.2713 Y24.1824
G1 X33.2862 Y24.1953
G1 X33.3444 Y24.2480
G1 X33.3586 Y24.2615
G1 X33.3721 Y24.2757
G1 X33.4248 Y24.3339
G1 X33.4377 Y24.3488
G1 X33.4497 Y24.3643
G1 X33.4965 Y24.4273
G1 X33.5078 Y24.4434
G1 X33.5183 Y24.4600
G1 X33.5587 Y24.5273
G1 X33.5684 Y24.5444
G1 X33.5772 Y24.5619
G1 X33.6148 Y24.6418
G1 X33.6258 Y24.6691
G1 X33.6522 Y24.7431
G1 X33.6584 Y24.7617
G1 X33.6636 Y24.7806
G1 X33.6827 Y24.8568
G1 X33.6870 Y24.8759
G1 X33.6903 Y24.8953
G1 X33.7032 Y24.9827
G1 X33.7057 Y25.0120
G1 X33.7096 Y25.0904
G1 X33.7100 Y25.1100
G1 X33.7100 Y26.1100
G1 X33.7096 Y26.1297
G1 X33.7057 Y26.2081
G1 X33.7032 Y26.2374
G1 X33.6903 Y26.3248
G1 X33.6870 Y26.3442
G1 X33.6827 Y26.3633
G1 X33.6636 Y26.4395
G1 X33.6584 Y26.4584
G1 X33.6522 Y26.4770
G1 X33.6258 Y26.5510
G1 X33.6187 Y26.5693
G1 X33.6107 Y26.5872
G1 X33.5772 Y26.6582
G1 X33.5684 Y26.6757
G1 X33.5587 Y26.6928
G1 X33.5132 Y26.7685
G1 X33.4965 Y26.7928
G1 X33.4497 Y26.8558
G1 X33.4377 Y26.8713
G1 X33.4248 Y26.8862
G1 X33.3721 Y26.9444
G1 X33.3516 Y26.9654
G1 X33.2788 Y27.0313
G1 X33.2558 Y27.0497
G1 X33.1928 Y27.0965
G1 X33.1767 Y27.1078
G1 X33.1601 Y27.1183
G1 X33.0928 Y27.1587
G1 X33.0757 Y27.1684
G1 X33.0582 Y27.1772
G1 X32.9872 Y27.2107
G1 X32.9693 Y27.2187
G1 X32.9510 Y27.2258
G1 X32.8770 Y27.2522
G1 X32.8584 Y27.2584
G1 X32.8395 Y27.2636
G1 X32.7633 Y27.2827
G1 X32.7442 Y27.2870
G1 X32.7248 Y27.2903
G1 X32.6472 Y27.3019
G1 X32.6277 Y27.3043
G1 X32.6081 Y27.3057
G1 X32.5199 Y27.3099
G1 X32.4904 Y27.3096
G1 X32.4120 Y27.3057
G1 X32.3924 Y27.3043
G1 X32.3729 Y27.3019
G1 X32.2953 Y27.2903
G1 X32.2759 Y27.2870
G1 X32.2568 Y27.2827
G1 X32.1806 Y27.2636
G1 X32.1617 Y27.2584
G1 X32.1431 Y27.2522
G1 X32.0691 Y27.2258
G1 X32.0508 Y27.2187
G1 X32.0329 Y27.2107
G1 X31.9619 Y27.1772
G1 X31.9444 Y27.1684
G1 X31.9273 Y27.1587
G1 X31.8600 Y27.1183
G1 X31.8434 Y27.1078
G1 X31.8273 Y27.0965
G1 X31.7643 Y27.0497
G1 X31.7488 Y27.0377
G1 X31.7339 Y27.0248
G1 X31.6757 Y26.9721
G1 X31.6547 Y26.9516
G1 X31.5953 Y26.8862
G1 X31.5824 Y26.8713
G1 X31.5704 Y26.8558
G1 X31.5236 Y26.7928
G1 X31.5123 Y26.7767
G1 X31.5018 Y26.7601
G1 X31.4614 Y26.6928
G1 X31.4517 Y26.6757
G1 X31.4429 Y26.6582
G1 X31.4094 Y26.5872
G1 X31.4014 Y26.5693
G1 X31.3943 Y26.5510
G1 X31.3679 Y26.4770
G1 X31.3617 Y26.4584
G1 X31.3565 Y26.4395
G1 X31.3374 Y26.3633
G1 X31.3331 Y26.3442
G1 X31.3298 Y26.3248
G1 X31.3169 Y26.2374
G1 X31.3144 Y26.2081
G1 X31.3105 Y26.1297
G1 X31.3101 Y26.1100
G1 X31.3101 Y25.5417
G1 X30.6742 Y24.9059
G1 X30.6607 Y24.8917
G1 X30.6278 Y24.8552
G1 X30.6094 Y24.8322
G1 X30.5860 Y24.8007
G1 X30.5747 Y24.7846
G1 X30.5642 Y24.7680
G1 X30.5440 Y24.7343
G1 X30.5343 Y24.7173
G1 X30.5255 Y24.6997
G1 X30.5087 Y24.6642
G1 X30.5006 Y24.6458
G1 X30.4937 Y24.6280
G1 X30.4805 Y24.5910
G1 X30.4716 Y24.5629
G1 X30.4595 Y24.5153
G1 X30.4552 Y24.4962
G1 X30.4519 Y24.4768
G1 X30.4461 Y24.4380
G1 X30.4429 Y24.4087
G1 X30.4403 Y24.3597
G1 X30.4398 Y24.3400
G1 X30.4398 Y21.6909
G1 X30.4011 Y21.6811
G1 X30.3823 Y21.6754
G1 X30.2899 Y21.6424
G1 X30.2629 Y21.6307
G1 X30.1831 Y21.5929
G1 X30.1573 Y21.5787
G1 X30.0900 Y21.5383
G1 X30.0734 Y21.5278
G1 X30.0573 Y21.5165
G1 X29.9864 Y21.4638
G1 X29.9639 Y21.4448
G1 X29.9057 Y21.3921
G1 X29.8915 Y21.3786
G1 X29.8780 Y21.3644
G1 X29.8253 Y21.3062
G1 X29.8124 Y21.2913
G1 X29.8004 Y21.2758
G1 X29.7536 Y21.2128
G1 X29.7423 Y21.1967
G1 X29.7318 Y21.1801
G1 X29.6914 Y21.1128
G1 X29.6772 Y21.0870
G1 X29.6394 Y21.0072
G1 X29.6277 Y20.9802
G1 X29.5947 Y20.8878
G1 X29.5865 Y20.8595
G1 X29.5651 Y20.7738
G1 X29.5598 Y20.7448
G1 X29.5482 Y20.6672
G1 X29.5458 Y20.6477
G1 X29.5444 Y20.6281
G1 X29.5405 Y20.5497
G1 X29.5401 Y20.5300
G1 X29.5405 Y20.5104
G1 X29.5444 Y20.4320
G1 X29.5458 Y20.4124
G1 X29.5482 Y20.3929
G1 X29.5598 Y20.3153
G1 X29.5631 Y20.2959
G1 X29.5674 Y20.2768
G1 X29.5865 Y20.2006
G1 X29.5917 Y20.1817
G1 X29.5979 Y20.1631
G1 X29.6243 Y20.0891
G1 X29.6314 Y20.0708
G1 X29.6368 Y20.0585
G1 X27.0986 Y17.5202
G1 X26.2830 Y17.5202
G1 X26.2454 Y17.5616
G1 X26.2316 Y17.5754
G1 X26.1662 Y17.6348
G1 X26.1437 Y17.6538
G1 X26.0728 Y17.7065
G1 X26.0567 Y17.7178
G1 X26.0401 Y17.7283
G1 X25.9728 Y17.7687
G1 X25.9470 Y17.7829
G1 X25.8672 Y17.8207
G1 X25.8493 Y17.8287
G1 X25.8310 Y17.8358
G1 X25.7570 Y17.8622
G1 X25.7384 Y17.8684
G1 X25.7195 Y17.8736
G1 X25.6433 Y17.8927
G1 X25.6242 Y17.8970
G1 X25.6048 Y17.9003
G1 X25.5174 Y17.9132
G1 X25.4881 Y17.9157
G1 X25.4097 Y17.9196
G1 X25.3900 Y17.9200
G1 X24.3802 Y17.9199
G1 X24.2822 Y17.9151
G1 X24.2529 Y17.9119
G1 X24.1753 Y17.9003
G1 X24.1559 Y17.8970
G1 X24.1368 Y17.8927
G1 X24.0606 Y17.8736
G1 X24.0323 Y17.8654
G1 X23.9399 Y17.8324
G1 X23.9129 Y17.8207
G1 X23.8419 Y17.7872
G1 X23.8244 Y17.7784
G1 X23.8073 Y17.7687
G1 X23.7316 Y17.7232
G1 X23.7073 Y17.7065
G1 X23.6443 Y17.6597
G1 X23.6288 Y17.6477
G1 X23.6139 Y17.6348
G1 X23.5557 Y17.5821
G1 X23.5415 Y17.5686
G1 X23.5280 Y17.5544
G1 X23.4753 Y17.4962
G1 X23.4624 Y17.4813
G1 X23.4504 Y17.4658
G1 X23.4036 Y17.4028
G1 X23.3869 Y17.3785
G1 X23.3414 Y17.3028
G1 X23.3317 Y17.2857
G1 X23.3229 Y17.2682
G1 X23.2894 Y17.1972
G1 X23.2814 Y17.1793
G1 X23.2743 Y17.1610
G1 X23.2479 Y17.0870
G1 X23.2417 Y17.0684
G1 X23.2365 Y17.0495
G1 X23.2174 Y16.9733
G1 X23.2131 Y16.9542
G1 X23.2098 Y16.9348
G1 X23.1982 Y16.8572
G1 X23.1958 Y16.8377
G1 X23.1944 Y16.8181
G1 X23.1905 Y16.7397
G1 X23.1901 Y16.7200
G1 X23.1905 Y16.7004
G1 X23.1944 Y16.6220
G1 X23.1958 Y16.6024
G1 X23.1982 Y16.5829
G1 X23.2098 Y16.5053
G1 Z2.0000
G1 X23.2907 Y16.2400
G1 F60.00
G1 Z0.3
G1 F120.00
G1 X19.8290 Y16.2400
G1 X19.8290 Y15.7600
G1 X23.6717 Y15.7600
G1 X23.9113 Y15.2800
G1 X19.8290 Y15.2800
G1 X19.8290 Y14.8000
G1 X23.3637 Y14.8000
G1 Z2.0000
G1 X23.1987 Y14.3200
G1 F60.00
G1 Z0.3
G1 F120.00
G1 X19.8290 Y14.3200
G1 X19.8290 Y13.8400
G1 X23.2393 Y13.8400
G1 Z2.0000
G1 X23.5151 Y13.3600
G1 F60.00
G1 Z0.3
G1 F120.00
G1 X19.8290 Y13.3600
G1 X19.8290 Y12.8800
G1 X23.9898 Y12.8800
G1 X23.9898 Y12.4000
G1 X19.8290 Y12.4000
G1 X19.8290 Y11.9200
G1 X23.9898 Y11.9200
G1 Z2.0000
G1 X23.9341 Y11.4400
G1 F60.00
G1 Z0.3
G1 F120.00
G1 X19.8290 Y11.4400
G1 Z2.0000
G1 X19.7626 Y10.9600
G1 F60.00
G1 Z0.3
G1 F120.00
G1 X23.3697 Y10.9600
G1 Z2.0000
G1 X23.2001 Y10.4800
G1 F60.00
G1 Z0.3
G1 F120.00
G1 X19.5035 Y10.4800
G1 Z2.0000
G1 X18.7114 Y10.0000
G1 F60.00
G1 Z0.3
G1 F120.00
G1 X23.2367 Y10.0000
G1 Z2.0000
G1 X22.8069 Y9.5200
G1 F60.00
G1 Z0.3
G1 F120.00
G1 X2.1021 Y9.5200
G1 Z2.0000
G1 X2.3962 Y10.0000
G1 F60.00
G1 Z0.3
G1 F120.00
G1 X8.0471 Y10.0000
G1 Z2.0000
G1 X8.7930 Y10.0000
G1 F60.00
G1 Z0.3
G1 F120.00
G1 X10.5471 Y10.0000
G1 Z2.0000
G1 X9.9180 Y10.4800
G1 F60.00
G1 Z0.3
G1 F120.00
G1 X9.4221 Y10.4800
G1 Z2.0000
G1 X9.6055 Y10.9600
G1 F60.00
G1 Z0.3
G1 F120.00
G1 X9.7346 Y10.9600
G1 X9.7398 Y10.9253
G1 X9.7413 Y10.9156
G1 X9.7451 Y10.8963
G1 X9.7665 Y10.8106
G1 X9.7747 Y10.7823
G1 X9.8043 Y10.6991
G1 X9.8114 Y10.6808
G1 X9.8194 Y10.6629
G1 X9.8529 Y10.5919
G1 X9.8665 Y10.5658
G1 X9.9118 Y10.4900
G1 X9.9223 Y10.4734
G1 X9.9336 Y10.4573
G1 X9.9804 Y10.3943
G1 X9.9924 Y10.3788
G1 X10.0053 Y10.3639
G1 X10.0580 Y10.3057
G1 X10.0715 Y10.2915
G1 X10.0857 Y10.2780
G1 X10.1439 Y10.2253
G1 X10.1664 Y10.2063
G1 X10.2373 Y10.1536
G1 X10.2534 Y10.1423
G1 X10.2700 Y10.1318
G1 X10.3373 Y10.0914
G1 X10.3544 Y10.0817
G1 X10.3719 Y10.0729
G1 X10.4429 Y10.0394
G1 X10.4608 Y10.0314
G1 X10.4791 Y10.0243
G1 X10.5531 Y9.9979
G1 X10.5717 Y9.9917
G1 X10.5906 Y9.9865
G1 X10.6668 Y9.9674
G1 X10.6956 Y9.9613
G1 X10.7829 Y9.9482
G1 X10.8024 Y9.9458
G1 X10.8220 Y9.9444
G1 X10.9102 Y9.9402
G1 X10.9397 Y9.9405
G1 X11.0181 Y9.9444
G1 X11.0474 Y9.9469
G1 X11.1445 Y9.9613
G1 X11.1638 Y9.9651
G1 X11.1937 Y9.9725
G1 X11.2136 Y9.9711
G1 X11.2445 Y9.9701
G1 X18.4230 Y9.9701
G1 X18.4426 Y9.9705
G1 X18.4645 Y9.9717
G1 X18.6609 Y9.9911
G1 X18.6804 Y9.9940
G1 X18.7139 Y10.0005
G1 X18.7330 Y10.0048
G1 X18.7519 Y10.0100
G1 X18.9255 Y10.0628
G1 X18.9440 Y10.0694
G1 X18.9756 Y10.0824
G1 X18.9935 Y10.0903
G1 X19.0111 Y10.0992
G1 X19.1710 Y10.1848
G1 X19.1878 Y10.1949
G1 X19.2163 Y10.2137
G1 X19.2402 Y10.2310
G1 X19.3805 Y10.3460
G1 X19.3953 Y10.3588
G1 X19.4096 Y10.3724
G1 X19.4336 Y10.3966
G1 X19.4468 Y10.4111
G1 X19.5620 Y10.5513
G1 X19.5798 Y10.5747
G1 X19.6042 Y10.6113
G1 X19.6190 Y10.6367
G1 X19.6999 Y10.7880
G1 X19.7088 Y10.8056
G1 X19.7167 Y10.8235
G1 X19.7297 Y10.8551
G1 X19.7363 Y10.8736
G1 X19.7891 Y11.0472
G1 X19.7943 Y11.0661
G1 X19.7986 Y11.0852
G1 X19.8051 Y11.1187
G1 X19.8080 Y11.1382
G1 X19.8265 Y11.3248
G1 X19.8280 Y11.3444
G1 X19.8289 Y11.3663
G1 X19.8289 Y25.1698
G1 X19.8276 Y25.1949
G1 X19.8258 Y25.2173
G1 X19.8095 Y25.3608
G1 X19.8050 Y25.3873
G1 X19.7948 Y25.4319
G1 X19.7900 Y25.4492
G1 X19.7845 Y25.4663
G1 X19.7390 Y25.5960
G1 X19.7287 Y25.6209
G1 X19.7088 Y25.6620
G1 X19.7003 Y25.6779
G1 X19.6911 Y25.6933
G1 X19.6179 Y25.8096
G1 X19.6023 Y25.8316
G1 X19.5795 Y25.8603
G1 X19.5680 Y25.8741
G1 X19.5496 Y25.8938
G1 X19.4588 Y25.9846
G1 X19.4458 Y25.9970
G1 X19.4323 Y26.0088
G1 X19.3965 Y26.0373
G1 X19.3820 Y26.0479
G1 X19.3670 Y26.0578
G1 X19.2583 Y26.1261
G1 X19.2429 Y26.1353
G1 X19.2190 Y26.1478
G1 X19.1776 Y26.1673
G1 X19.1525 Y26.1770
G1 X19.0193 Y26.2234
G1 X19.0090 Y26.2265
G1 X18.9882 Y26.2319
G1 X18.9523 Y26.2400
G1 X18.9347 Y26.2432
G1 X18.9169 Y26.2456
G1 X18.7822 Y26.2608
G1 X18.7599 Y26.2626
G1 X18.7348 Y26.2639
G1 X18.7236 Y26.2640
G1 X18.5877 Y26.2639
G1 X18.5649 Y26.2629
G1 X18.5446 Y26.2613
G1 X18.3507 Y26.2413
G1 X18.3305 Y26.2382
G1 X18.2858 Y26.2290
G1 X18.2661 Y26.2238
G1 X18.2563 Y26.2209
G1 X18.0863 Y26.1672
G1 X18.0766 Y26.1640
G1 X18.0575 Y26.1568
G1 X18.0249 Y26.1429
G1 X18.0064 Y26.1343
G1 X17.9883 Y26.1248
G1 X17.8327 Y26.0377
G1 X17.8152 Y26.0273
G1 X17.8066 Y26.0218
G1 X17.7775 Y26.0015
G1 X17.7611 Y25.9894
G1 X17.7454 Y25.9764
G1 X17.6106 Y25.8596
G1 X17.5955 Y25.8459
G1 X17.5883 Y25.8387
G1 X17.5639 Y25.8130
G1 X17.5503 Y25.7977
G1 X17.5375 Y25.7819
G1 X17.4254 Y25.6351
G1 X17.4134 Y25.6186
G1 X17.4004 Y25.5994
G1 X9.9817 Y13.5143
G1 X9.9717 Y13.4971
G1 X9.9611 Y13.4775
G1 X9.8738 Y13.2971
G1 X9.8660 Y13.2787
G1 X9.8508 Y13.2373
G1 X9.8448 Y13.2180
G1 X9.8421 Y13.2082
G1 X9.7964 Y13.0297
G1 X9.7924 Y13.0102
G1 X9.7870 Y12.9760
G1 X9.7836 Y12.9463
G1 X9.7736 Y12.7561
G1 X9.7730 Y12.7362
G1 X9.7735 Y12.7039
G1 X9.7823 Y12.5193
G1 X9.7747 Y12.4978
G1 X9.7690 Y12.4790
G1 X9.7474 Y12.3933
G1 X9.7413 Y12.3645
G1 X9.7282 Y12.2772
G1 X9.7258 Y12.2577
G1 X9.7244 Y12.2381
G1 X9.7202 Y12.1499
G1 X9.7202 Y11.1302
G1 X9.7244 Y11.0420
G1 X9.7258 Y11.0224
G1 X9.7282 Y11.0029
G1 X9.7398 Y10.9253
G1 Z2.0000
G1 X9.7201 Y11.4400
G1 F60.00
G1 Z0.3
G1 F120.00
G1 X9.6200 Y11.4400
G1 X9.6200 Y11.9200
G1 X9.7201 Y11.9200
G1 Z2.0000
G1 X9.7491 Y12.4000
G1 F60.00
G1 Z0.3
G1 F120.00
G1 X9.5910 Y12.4000
G1 X9.7800 Y12.8800
G1 X9.3641 Y12.8800
G1 X9.2202 Y13.3600
G1 X9.9041 Y13.3600
G1 Z2.0000
G1 X10.1816 Y13.8400
G1 F60.00
G1 Z0.3
G1 F120.00
G1 X9.2202 Y13.8400
G1 X9.2202 Y14.3200
G1 X10.4763 Y14.3200
G1 X10.7709 Y14.8000
G1 X9.2202 Y14.8000
G1 X9.2202 Y15.2800
G1 X11.0656 Y15.2800
G1 X11.3602 Y15.7600
G1 X9.2202 Y15.7600
G1 X9.2202 Y16.2400
G1 X11.6549 Y16.2400
G1 X11.9495 Y16.7200
G1 X9.2202 Y16.7200
G1 X9.2202 Y17.2000
G1 X12.2442 Y17.2000
G1 X12.5388 Y17.6800
G1 X9.2202 Y17.6800
G1 X9.2202 Y18.1600
G1 X12.8335 Y18.1600
G1 X13.1281 Y18.6400
G1 X9.2202 Y18.6400
G1 X9.2202 Y19.1200
G1 X13.4228 Y19.1200
G1 X13.7174 Y19.6000
G1 X9.2202 Y19.6000
G1 X9.2202 Y20.0800
G1 X14.0121 Y20.0800
G1 X14.3067 Y20.5600
G1 X9.2202 Y20.5600
G1 X9.2202 Y21.0400
G1 X14.6014 Y21.0400
G1 X14.8961 Y21.5200
G1 X9.2202 Y21.5200
G1 Z2.0000
G1 X9.1834 Y22.0000
G1 F60.00
G1 Z0.3
G1 F120.00
G1 X15.1907 Y22.0000
G1 X15.4854 Y22.4800
G1 X8.8318 Y22.4800
G1 X8.3518 Y22.9600
G1 X15.7800 Y22.9600
G1 X16.0747 Y23.4400
G1 X7.8718 Y23.4400
G1 X7.3918 Y23.9200
G1 X16.3693 Y23.9200
G1 X16.6640 Y24.4000
G1 X7.0400 Y24.4000
G1 Z2.0000
G1 X7.0386 Y24.8800
G1 F60.00
G1 Z0.3
G1 F120.00
G1 X16.9586 Y24.8800
G1 X17.2533 Y25.3600
G1 X6.9205 Y25.3600
G1 Z2.0000
G1 X6.5034 Y25.8400
G1 F60.00
G1 Z0.3
G1 F120.00
G1 X17.5896 Y25.8400
G1 Z2.0000
G1 X19.5957 Y25.8400
G1 F60.00
G1 Z0.3
G1 F120.00
G1 X23.5284 Y25.8400
G1 X23.0484 Y26.3200
G1 X4.9391 Y26.3200
G1 Z2.0000
G1 X4.6400 Y24.4000
G1 F60.00
G1 Z0.3
G1 F120.00
G1 X-3.5222 Y24.4000
G1 Z2.0000
G1 X-3.5198 Y23.9200
G1 F60.00
G1 Z0.3
G1 F120.00
G1 X-0.6241 Y23.9200
G1 Z2.0000
G1 X-0.8934 Y23.4400
G1 F60.00
G1 Z0.3
G1 F120.00
G1 X-3.5198 Y23.4400
G1 X-3.5198 Y22.9600
G1 X-0.9298 Y22.9600
G1 Z2.0000
G1 X-0.7602 Y22.4800
G1 F60.00
G1 Z0.3
G1 F120.00
G1 X-3.5198 Y22.4800
G1 X-3.5198 Y22.0000
G1 X-0.1957 Y22.0000
G1 Z2.0000
G1 X1.7158 Y22.0000
G1 F60.00
G1 Z0.3
G1 F120.00
G1 X1.9684 Y22.0000
G1 X2.4484 Y21.5200
G1 X-3.5198 Y21.5200
G1 X-3.5198 Y21.0400
G1 X2.9284 Y21.0400
G1 X3.4084 Y20.5600
G1 X-3.2182 Y20.5600
G1 X-2.7382 Y20.0800
G1 X-0.6150 Y20.0800
G1 Z2.0000
G1 X-0.2185 Y18.1600
G1 F60.00
G1 Z0.3
G1 F120.00
G1 X-6.9300 Y18.1600
G1 Z2.0000
G1 X-6.9351 Y18.6400
G1 F60.00
G1 Z0.3
G1 F120.00
G1 X-3.5557 Y18.6400
G1 Z2.0000
G1 X-4.0416 Y19.1200
G1 F60.00
G1 Z0.3
G1 F120.00
G1 X-7.0856 Y19.1200
G1 Z2.0000
G1 X-7.5878 Y19.6000
G1 F60.00
G1 Z0.3
G1 F120.00
G1 X-4.5216 Y19.6000
G1 Z2.0000
G1 X-4.9815 Y20.0800
G1 F60.00
G1 Z0.3
G1 F120.00
G1 X-46.9999 Y20.0800
G1 X-46.9999 Y20.5600
G1 X-5.1202 Y20.5600
G1 X-5.1202 Y21.0400
G1 X-46.9999 Y21.0400
G1 X-46.9999 Y21.5200
G1 X-8.7771 Y21.5200
G1 Z2.0000
G1 X-9.2056 Y22.0000
G1 F60.00
G1 Z0.3
G1 F120.00
G1 X-13.3662 Y22.0000
G1 Z2.0000
G1 X-12.9137 Y22.4800
G1 F60.00
G1 Z0.3
G1 F120.00
G1 X-9.3280 Y22.4800
G1 Z2.0000
G1 X-9.3300 Y22.9600
G1 F60.00
G1 Z0.3
G1 F120.00
G1 X-12.7829 Y22.9600
G1 Z2.0000
G1 X-12.8532 Y23.4400
G1 F60.00
G1 Z0.3
G1 F120.00
G1 X-9.5191 Y23.4400
G1 X-9.9991 Y23.9200
G1 X-13.1764 Y23.9200
G1 Z2.0000
G1 X-14.5768 Y24.4000
G1 F60.00
G1 Z0.3
G1 F120.00
G1 X-10.4791 Y24.4000
G1 X-10.9591 Y24.8800
G1 X-15.0568 Y24.8800
G1 X-15.5368 Y25.3600
G1 X-11.4391 Y25.3600
G1 X-11.9191 Y25.8400
G1 X-16.0168 Y25.8400
G1 X-16.4968 Y26.3200
G1 X-12.3991 Y26.3200
G1 X-12.8791 Y26.8000
G1 X-16.9768 Y26.8000
G1 X-17.4568 Y27.2800
G1 X-14.4229 Y27.2800
G1 Z2.0000
G1 X-14.7314 Y27.7600
G1 F60.00
G1 Z0.3
G1 F120.00
G1 X-17.9368 Y27.7600
G1 X-18.4168 Y28.2400
G1 X-14.7935 Y28.2400
G1 Z2.0000
G1 X-14.7777 Y27.9353
G1 F60.00
G1 Z0.3
G1 F120.00
G1 X-14.7744 Y27.9159
G1 X-14.7701 Y27.8968
G1 X-14.7510 Y27.8206
G1 X-14.7458 Y27.8017
G1 X-14.7396 Y27.7831
G1 X-14.7132 Y27.7091
G1 X-14.7061 Y27.6908
G1 X-14.6981 Y27.6729
G1 X-14.6646 Y27.6019
G1 X-14.6558 Y27.5844
G1 X-14.6461 Y27.5673
G1 X-14.6057 Y27.5000
G1 X-14.5897 Y27.4753
G1 X-14.5312 Y27.3964
G1 X-14.5122 Y27.3739
G1 X-14.4595 Y27.3157
G1 X-14.4460 Y27.3015
G1 X-14.4318 Y27.2880
G1 X-14.3736 Y27.2353
G1 X-14.3511 Y27.2163
G1 X-14.2722 Y27.1578
G1 X-14.2475 Y27.1418
G1 X-14.1717 Y27.0965
G1 X-14.1456 Y27.0829
G1 X-14.0746 Y27.0494
G1 X-14.0567 Y27.0414
G1 X-14.0384 Y27.0343
G1 X-13.9644 Y27.0079
G1 X-13.9458 Y27.0017
G1 X-13.9269 Y26.9965
G1 X-13.8507 Y26.9774
G1 X-13.8316 Y26.9731
G1 X-13.8122 Y26.9698
G1 X-13.7248 Y26.9569
G1 X-13.6955 Y26.9544
G1 X-13.6171 Y26.9505
G1 X-13.5975 Y26.9501
G1 X-13.0291 Y26.9501
G1 X-9.3300 Y23.2509
G1 X-9.3298 Y22.5202
G1 X-9.3256 Y22.4320
G1 X-9.3242 Y22.4124
G1 X-9.3218 Y22.3929
G1 X-9.3102 Y22.3153
G1 X-9.3069 Y22.2959
G1 X-9.3026 Y22.2768
G1 X-9.2835 Y22.2006
G1 X-9.2783 Y22.1817
G1 X-9.2721 Y22.1631
G1 X-9.2457 Y22.0891
G1 X-9.2386 Y22.0708
G1 X-9.2306 Y22.0529
G1 X-9.1971 Y21.9819
G1 X-9.1883 Y21.9644
G1 X-9.1786 Y21.9473
G1 X-9.1382 Y21.8800
G1 X-9.1277 Y21.8634
G1 X-9.1164 Y21.8473
G1 X-9.0696 Y21.7843
G1 X-9.0576 Y21.7688
G1 X-9.0447 Y21.7539
G1 X-8.9853 Y21.6885
G1 X-8.9643 Y21.6680
G1 X-8.9061 Y21.6153
G1 X-8.8912 Y21.6024
G1 X-8.8757 Y21.5904
G1 X-8.8127 Y21.5436
G1 X-8.7966 Y21.5323
G1 X-8.7800 Y21.5218
G1 X-8.7127 Y21.4814
G1 X-8.6956 Y21.4717
G1 X-8.6781 Y21.4629
G1 X-8.6071 Y21.4294
G1 X-8.5892 Y21.4214
G1 X-8.5709 Y21.4143
G1 X-8.4969 Y21.3879
G1 X-8.4783 Y21.3817
G1 X-8.4594 Y21.3765
G1 X-8.3832 Y21.3574
G1 X-8.3641 Y21.3531
G1 X-8.3447 Y21.3498
G1 X-8.2671 Y21.3382
G1 X-8.2476 Y21.3358
G1 X-8.2280 Y21.3344
G1 X-8.1496 Y21.3305
G1 X-8.1201 Y21.3302
G1 X-8.0221 Y21.3350
G1 X-7.9928 Y21.3382
G1 X-7.9152 Y21.3498
G1 X-7.8958 Y21.3531
G1 X-7.8767 Y21.3574
G1 X-7.8005 Y21.3765
G1 X-7.7816 Y21.3817
G1 X-7.7630 Y21.3879
G1 X-7.6890 Y21.4143
G1 X-7.6707 Y21.4214
G1 X-7.6528 Y21.4294
G1 X-7.5818 Y21.4629
G1 X-7.5643 Y21.4717
G1 X-7.5472 Y21.4814
G1 X-7.4799 Y21.5218
G1 X-7.4633 Y21.5323
G1 X-7.4472 Y21.5436
G1 X-7.3842 Y21.5904
G1 X-7.3687 Y21.6024
G1 X-7.3538 Y21.6153
G1 X-7.2956 Y21.6680
G1 X-7.2814 Y21.6815
G1 X-7.2679 Y21.6957
G1 X-7.2152 Y21.7539
G1 X-7.2023 Y21.7688
G1 X-7.1903 Y21.7843
G1 X-7.1435 Y21.8473
G1 X-7.1322 Y21.8634
G1 X-7.1217 Y21.8800
G1 X-7.0813 Y21.9473
G1 X-7.0716 Y21.9644
G1 X-7.0628 Y21.9819
G1 X-7.0293 Y22.0529
G1 X-7.0213 Y22.0708
G1 X-7.0142 Y22.0891
G1 X-6.9878 Y22.1631
G1 X-6.9816 Y22.1817
G1 X-6.9764 Y22.2006
G1 X-6.9573 Y22.2768
G1 X-6.9512 Y22.3056
G1 X-6.9381 Y22.3929
G1 X-6.9357 Y22.4124
G1 X-6.9343 Y22.4320
G1 X-6.9304 Y22.5104
G1 X-6.9300 Y22.5300
G1 X-6.9300 Y23.5300
G1 X-6.9304 Y23.5497
G1 X-6.9343 Y23.6281
G1 X-6.9357 Y23.6477
G1 X-6.9381 Y23.6672
G1 X-6.9497 Y23.7448
G1 X-6.9550 Y23.7738
G1 X-6.9764 Y23.8595
G1 X-6.9816 Y23.8784
G1 X-6.9878 Y23.8970
G1 X-7.0142 Y23.9710
G1 X-7.0213 Y23.9893
G1 X-7.0293 Y24.0072
G1 X-7.0628 Y24.0782
G1 X-7.0716 Y24.0957
G1 X-7.0813 Y24.1128
G1 X-7.1217 Y24.1801
G1 X-7.1322 Y24.1967
G1 X-7.1435 Y24.2128
G1 X-7.1903 Y24.2758
G1 X-7.2087 Y24.2988
G1 X-7.2679 Y24.3644
G1 X-7.2814 Y24.3786
G1 X-7.2956 Y24.3921
G1 X-7.3538 Y24.4448
G1 X-7.3687 Y24.4577
G1 X-7.3842 Y24.4697
G1 X-7.4472 Y24.5165
G1 X-7.4633 Y24.5278
G1 X-7.4799 Y24.5383
G1 X-7.5472 Y24.5787
G1 X-7.5643 Y24.5884
G1 X-7.5818 Y24.5972
G1 X-7.6528 Y24.6307
G1 X-7.6707 Y24.6387
G1 X-7.6890 Y24.6458
G1 X-7.7630 Y24.6722
G1 X-7.7816 Y24.6784
G1 X-7.8005 Y24.6836
G1 X-7.8767 Y24.7027
G1 X-7.8958 Y24.7070
G1 X-7.9152 Y24.7103
G1 X-7.9928 Y24.7219
G1 X-8.0123 Y24.7243
G1 X-8.0319 Y24.7257
G1 X-8.1103 Y24.7296
G1 X-8.1300 Y24.7300
G1 X-8.1496 Y24.7296
G1 X-8.2378 Y24.7251
G1 X-8.2671 Y24.7219
G1 X-8.3447 Y24.7103
G1 X-8.3641 Y24.7070
G1 X-8.3832 Y24.7027
G1 X-8.4594 Y24.6836
G1 X-8.4783 Y24.6784
G1 X-8.4887 Y24.6751
G1 X-11.1652 Y27.3498
G1 X-8.4614 Y27.3498
G1 X-5.1202 Y24.0086
G1 X-5.1202 Y20.5300
G1 X-5.1197 Y20.5104
G1 X-5.1177 Y20.4712
G1 X-5.1163 Y20.4516
G1 X-5.1139 Y20.4321
G1 X-5.1066 Y20.3836
G1 X-5.1005 Y20.3548
G1 X-5.0884 Y20.3072
G1 X-5.0827 Y20.2884
G1 X-5.0663 Y20.2421
G1 X-5.0554 Y20.2148
G1 X-5.0345 Y20.1704
G1 X-5.0257 Y20.1528
G1 X-5.0160 Y20.1358
G1 X-4.9958 Y20.1021
G1 X-4.9853 Y20.0855
G1 X-4.9740 Y20.0694
G1 X-4.9506 Y20.0379
G1 X-4.9385 Y20.0224
G1 X-4.9257 Y20.0075
G1 X-4.8926 Y19.9712
G1 X-3.6088 Y18.6874
G1 X-3.5725 Y18.6543
G1 X-3.5576 Y18.6415
G1 X-3.5421 Y18.6294
G1 X-3.5106 Y18.6060
G1 X-3.4863 Y18.5894
G1 X-3.4442 Y18.5640
G1 X-3.4184 Y18.5498
G1 X-3.3661 Y18.5250
G1 X-3.3568 Y18.5210
G1 X-3.3379 Y18.5137
G1 X-3.3009 Y18.5005
G1 X-3.2822 Y18.4943
G1 X-3.2633 Y18.4891
G1 X-3.2252 Y18.4795
G1 X-3.2061 Y18.4752
G1 X-3.1867 Y18.4719
G1 X-3.1479 Y18.4661
G1 X-3.1284 Y18.4637
G1 X-3.1088 Y18.4623
G1 X-3.0598 Y18.4600
G1 X-0.6329 Y18.4598
G1 X-0.5953 Y18.4185
G1 X-0.5815 Y18.4047
G1 X-0.5087 Y18.3388
G1 X-0.4857 Y18.3204
G1 X-0.4147 Y18.2678
G1 X-0.3900 Y18.2518
G1 X-0.3227 Y18.2114
G1 X-0.3056 Y18.2017
G1 X-0.2881 Y18.1929
G1 X-0.2082 Y18.1553
G1 X-0.1809 Y18.1443
G1 X-0.1069 Y18.1179
G1 X-0.0883 Y18.1117
G1 X-0.0694 Y18.1065
G1 X0.0068 Y18.0874
G1 X0.0259 Y18.0831
G1 X0.0453 Y18.0798
G1 X0.1229 Y18.0682
G1 X0.1424 Y18.0658
G1 X0.1620 Y18.0644
G1 X0.2502 Y18.0602
G1 X1.2699 Y18.0602
G1 X1.3581 Y18.0644
G1 X1.3777 Y18.0658
G1 X1.3972 Y18.0682
G1 X1.4845 Y18.0813
G1 X1.5133 Y18.0874
G1 X1.5895 Y18.1065
G1 X1.6084 Y18.1117
G1 X1.6270 Y18.1179
G1 X1.7010 Y18.1443
G1 X1.7193 Y18.1514
G1 X1.7372 Y18.1594
G1 X1.8082 Y18.1929
G1 X1.8257 Y18.2017
G1 X1.8428 Y18.2114
G1 X1.9101 Y18.2518
G1 X1.9267 Y18.2623
G1 X1.9428 Y18.2736
G1 X2.0058 Y18.3204
G1 X2.0213 Y18.3324
G1 X2.0362 Y18.3453
G1 X2.1016 Y18.4047
G1 X2.1221 Y18.4257
G1 X2.1748 Y18.4839
G1 X2.1877 Y18.4988
G1 X2.1997 Y18.5143
G1 X2.2465 Y18.5773
G1 X2.2632 Y18.6016
G1 X2.3087 Y18.6773
G1 X2.3184 Y18.6944
G1 X2.3272 Y18.7119
G1 X2.3607 Y18.7829
G1 X2.3687 Y18.8008
G1 X2.3758 Y18.8191
G1 X2.4022 Y18.8931
G1 X2.4084 Y18.9117
G1 X2.4136 Y18.9306
G1 X2.4327 Y19.0068
G1 X2.4370 Y19.0259
G1 X2.4403 Y19.0453
G1 X2.4519 Y19.1229
G1 X2.4543 Y19.1424
G1 X2.4557 Y19.1620
G1 X2.4596 Y19.2404
G1 X2.4600 Y19.2600
G1 X2.4596 Y19.2797
G1 X2.4557 Y19.3581
G1 X2.4543 Y19.3777
G1 X2.4519 Y19.3972
G1 X2.4403 Y19.4748
G1 X2.4370 Y19.4942
G1 X2.4327 Y19.5133
G1 X2.4136 Y19.5895
G1 X2.4084 Y19.6084
G1 X2.4022 Y19.6270
G1 X2.3724 Y19.7102
G1 X2.3607 Y19.7372
G1 X2.3272 Y19.8082
G1 X2.3184 Y19.8257
G1 X2.3087 Y19.8428
G1 X2.2683 Y19.9101
G1 X2.2523 Y19.9348
G1 X2.1938 Y20.0137
G1 X2.1748 Y20.0362
G1 X2.1221 Y20.0944
G1 X2.1086 Y20.1086
G1 X2.0944 Y20.1221
G1 X2.0362 Y20.1748
G1 X2.0213 Y20.1877
G1 X2.0058 Y20.1997
G1 X1.9428 Y20.2465
G1 X1.9267 Y20.2578
G1 X1.9101 Y20.2683
G1 X1.8428 Y20.3087
G1 X1.8257 Y20.3184
G1 X1.8082 Y20.3272
G1 X1.7372 Y20.3607
G1 X1.7193 Y20.3687
G1 X1.7010 Y20.3758
G1 X1.6270 Y20.4022
G1 X1.6084 Y20.4084
G1 X1.5895 Y20.4136
G1 X1.5133 Y20.4327
G1 X1.4942 Y20.4370
G1 X1.4748 Y20.4403
G1 X1.3972 Y20.4519
G1 X1.3679 Y20.4551
G1 X1.2699 Y20.4599
G1 X0.2502 Y20.4599
G1 X0.1620 Y20.4557
G1 X0.1424 Y20.4543
G1 X0.1229 Y20.4519
G1 X0.0453 Y20.4403
G1 X0.0259 Y20.4370
G1 X0.0068 Y20.4327
G1 X-0.0694 Y20.4136
G1 X-0.0883 Y20.4084
G1 X-0.1069 Y20.4022
G1 X-0.1809 Y20.3758
G1 X-0.1992 Y20.3687
G1 X-0.2171 Y20.3607
G1 X-0.2881 Y20.3272
G1 X-0.3142 Y20.3136
G1 X-0.3900 Y20.2683
G1 X-0.4066 Y20.2578
G1 X-0.4227 Y20.2465
G1 X-0.4936 Y20.1938
G1 X-0.5161 Y20.1748
G1 X-0.5815 Y20.1154
G1 X-0.5953 Y20.1016
G1 X-0.6329 Y20.0602
G1 X-2.7185 Y20.0602
G1 X-3.5198 Y20.8615
G1 X-3.5199 Y24.3499
G1 X-3.5222 Y24.3989
G1 X-3.5247 Y24.4282
G1 X-3.5333 Y24.4865
G1 X-3.5394 Y24.5153
G1 X-3.5515 Y24.5629
G1 X-3.5604 Y24.5910
G1 X-3.5736 Y24.6280
G1 X-3.5807 Y24.6463
G1 X-3.5886 Y24.6642
G1 X-3.6054 Y24.6997
G1 X-3.6142 Y24.7173
G1 X-3.6239 Y24.7343
G1 X-3.6493 Y24.7764
G1 X-3.6602 Y24.7927
G1 X-3.6893 Y24.8322
G1 X-3.7014 Y24.8477
G1 X-3.7142 Y24.8626
G1 X-3.7406 Y24.8917
G1 X-3.7541 Y24.9059
G1 X-6.1981 Y27.3498
G1 X22.0186 Y27.3498
G1 X24.0898 Y25.2786
G1 X24.0898 Y20.4209
G1 X24.0511 Y20.4111
G1 X24.0323 Y20.4054
G1 X23.9399 Y20.3724
G1 X23.9129 Y20.3607
G1 X23.8331 Y20.3229
G1 X23.8073 Y20.3087
G1 X23.7400 Y20.2683
G1 X23.7234 Y20.2578
G1 X23.7073 Y20.2465
G1 X23.6443 Y20.1997
G1 X23.6213 Y20.1813
G1 X23.5557 Y20.1221
G1 X23.5347 Y20.1016
G1 X23.4688 Y20.0288
G1 X23.4504 Y20.0058
G1 X23.4036 Y19.9428
G1 X23.3923 Y19.9267
G1 X23.3818 Y19.9101
G1 X23.3414 Y19.8428
G1 X23.3272 Y19.8170
G1 X23.2853 Y19.7283
G1 X23.2743 Y19.7010
G1 X23.2479 Y19.6270
G1 X23.2417 Y19.6084
G1 X23.2365 Y19.5895
G1 X23.2174 Y19.5133
G1 X23.2131 Y19.4942
G1 X23.2098 Y19.4748
G1 X23.1982 Y19.3972
G1 X23.1958 Y19.3777
G1 X23.1944 Y19.3581
G1 X23.1905 Y19.2797
G1 X23.1901 Y19.2600
G1 X23.1905 Y19.2404
G1 X23.1944 Y19.1620
G1 X23.1958 Y19.1424
G1 X23.1982 Y19.1229
G1 X23.2098 Y19.0453
G1 X23.2151 Y19.0163
G1 X23.2365 Y18.9306
G1 X23.2417 Y18.9117
G1 X23.2479 Y18.8931
G1 X23.2743 Y18.8191
G1 X23.2814 Y18.8008
G1 X23.2894 Y18.7829
G1 X23.3229 Y18.7119
G1 X23.3317 Y18.6944
G1 X23.3414 Y18.6773
G1 X23.3818 Y18.6100
G1 X23.3923 Y18.5934
G1 X23.4036 Y18.5773
G1 X23.4504 Y18.5143
G1 X23.4624 Y18.4988
G1 X23.4753 Y18.4839
G1 X23.5280 Y18.4257
G1 X23.5415 Y18.4115
G1 X23.5557 Y18.3980
G1 X23.6139 Y18.3453
G1 X23.6288 Y18.3324
G1 X23.6443 Y18.3204
G1 X23.7073 Y18.2736
G1 X23.7234 Y18.2623
G1 X23.7400 Y18.2518
G1 X23.8073 Y18.2114
G1 X23.8244 Y18.2017
G1 X23.8419 Y18.1929
G1 X23.9129 Y18.1594
G1 X23.9308 Y18.1514
G1 X23.9491 Y18.1443
G1 X24.0231 Y18.1179
G1 X24.0511 Y18.1090
G1 X24.1463 Y18.0851
G1 X24.1753 Y18.0798
G1 X24.2529 Y18.0682
G1 X24.2724 Y18.0658
G1 X24.2920 Y18.0644
G1 X24.3802 Y18.0602
G1 X25.3900 Y18.0601
G1 X25.4097 Y18.0605
G1 X25.4881 Y18.0644
G1 X25.5077 Y18.0658
G1 X25.5272 Y18.0682
G1 X25.6048 Y18.0798
G1 X25.6242 Y18.0831
G1 X25.6433 Y18.0874
G1 X25.7195 Y18.1065
G1 X25.7384 Y18.1117
G1 X25.7570 Y18.1179
G1 X25.8310 Y18.1443
G1 X25.8493 Y18.1514
G1 X25.8672 Y18.1594
G1 X25.9382 Y18.1929
G1 X25.9557 Y18.2017
G1 X25.9728 Y18.2114
G1 X26.0401 Y18.2518
G1 X26.0648 Y18.2678
G1 X26.1358 Y18.3204
G1 X26.1513 Y18.3324
G1 X26.1662 Y18.3453
G1 X26.2244 Y18.3980
G1 X26.2386 Y18.4115
G1 X26.2521 Y18.4257
G1 X26.3048 Y18.4839
G1 X26.3177 Y18.4988
G1 X26.3297 Y18.5143
G1 X26.3765 Y18.5773
G1 X26.3878 Y18.5934
G1 X26.3983 Y18.6100
G1 X26.4387 Y18.6773
G1 X26.4484 Y18.6944
G1 X26.4572 Y18.7119
G1 X26.4907 Y18.7829
G1 X26.5024 Y18.8099
G1 X26.5322 Y18.8931
G1 X26.5384 Y18.9117
G1 X26.5436 Y18.9306
G1 X26.5650 Y19.0163
G1 X26.5703 Y19.0453
G1 X26.5819 Y19.1229
G1 X26.5843 Y19.1424
G1 X26.5857 Y19.1620
G1 X26.5896 Y19.2404
G1 X26.5900 Y19.2600
G1 X26.5896 Y19.2797
G1 X26.5857 Y19.3581
G1 X26.5843 Y19.3777
G1 X26.5819 Y19.3972
G1 X26.5703 Y19.4748
G1 X26.5670 Y19.4942
G1 X26.5627 Y19.5133
G1 X26.5436 Y19.5895
G1 X26.5384 Y19.6084
G1 X26.5322 Y19.6270
G1 X26.5058 Y19.7010
G1 X26.4987 Y19.7193
G1 X26.4907 Y19.7372
G1 X26.4572 Y19.8082
G1 X26.4484 Y19.8257
G1 X26.4387 Y19.8428
G1 X26.3932 Y19.9185
G1 X26.3765 Y19.9428
G1 X26.3297 Y20.0058
G1 X26.3177 Y20.0213
G1 X26.3048 Y20.0362
G1 X26.2521 Y20.0944
G1 X26.2386 Y20.1086
G1 X26.2244 Y20.1221
G1 X26.1662 Y20.1748
G1 X26.1513 Y20.1877
G1 X26.1358 Y20.1997
G1 X26.0648 Y20.2523
G1 X26.0401 Y20.2683
G1 X25.9728 Y20.3087
G1 X25.9557 Y20.3184
G1 X25.9382 Y20.3272
G1 X25.8583 Y20.3648
G1 X25.8310 Y20.3758
G1 X25.7478 Y20.4054
G1 X25.7290 Y20.4111
G1 X25.6903 Y20.4209
G1 X25.6902 Y25.6100
G1 X25.6898 Y25.6297
G1 X25.6878 Y25.6689
G1 X25.6864 Y25.6885
G1 X25.6840 Y25.7080
G1 X25.6782 Y25.7468
G1 X25.6749 Y25.7662
G1 X25.6706 Y25.7853
G1 X25.6610 Y25.8234
G1 X25.6558 Y25.8423
G1 X25.6496 Y25.8610
G1 X25.6364 Y25.8980
G1 X25.6293 Y25.9163
G1 X25.6214 Y25.9342
G1 X25.6046 Y25.9697
G1 X25.5958 Y25.9873
G1 X25.5861 Y26.0043
G1 X25.5659 Y26.0380
G1 X25.5554 Y26.0546
G1 X25.5441 Y26.0707
G1 X25.5207 Y26.1022
G1 X25.5086 Y26.1177
G1 X25.4958 Y26.1326
G1 X25.4638 Y26.1678
G1 X22.9089 Y28.7227
G1 X22.8726 Y28.7558
G1 X22.8577 Y28.7686
G1 X22.8422 Y28.7807
G1 X22.8107 Y28.8041
G1 X22.7864 Y28.8207
G1 X22.7443 Y28.8461
G1 X22.7273 Y28.8558
G1 X22.7097 Y28.8646
G1 X22.6662 Y28.8851
G1 X22.6569 Y28.8891
G1 X22.6380 Y28.8964
G1 X22.6010 Y28.9096
G1 X22.5823 Y28.9158
G1 X22.5634 Y28.9210
G1 X22.5158 Y28.9328
G1 X22.4868 Y28.9382
G1 X22.4480 Y28.9440
G1 X22.4285 Y28.9464
G1 X22.4089 Y28.9478
G1 X22.3697 Y28.9498
G1 X22.3500 Y28.9502
G1 X-11.7045 Y28.9502
G1 X-11.7421 Y28.9916
G1 X-11.7559 Y29.0054
G1 X-11.8213 Y29.0648
G1 X-11.8438 Y29.0838
G1 X-11.9147 Y29.1365
G1 X-11.9308 Y29.1478
G1 X-11.9474 Y29.1583
G1 X-12.0232 Y29.2036
G1 X-12.0493 Y29.2172
G1 X-12.1203 Y29.2507
G1 X-12.1382 Y29.2587
G1 X-12.1565 Y29.2658
G1 X-12.2305 Y29.2922
G1 X-12.2491 Y29.2984
G1 X-12.2680 Y29.3036
G1 X-12.3442 Y29.3227
G1 X-12.3633 Y29.3270
G1 X-12.3827 Y29.3303
G1 X-12.4603 Y29.3419
G1 X-12.4798 Y29.3443
G1 X-12.4994 Y29.3457
G1 X-12.5876 Y29.3499
G1 X-13.6073 Y29.3499
G1 X-13.6955 Y29.3457
G1 X-13.7248 Y29.3432
G1 X-13.8219 Y29.3288
G1 X-13.8507 Y29.3227
G1 X-13.9364 Y29.3011
G1 X-13.9644 Y29.2922
G1 X-14.0384 Y29.2658
G1 X-14.0567 Y29.2587
G1 X-14.0746 Y29.2507
G1 X-14.1456 Y29.2172
G1 X-14.1631 Y29.2084
G1 X-14.1802 Y29.1987
G1 X-14.2475 Y29.1583
G1 X-14.2641 Y29.1478
G1 X-14.2802 Y29.1365
G1 X-14.3432 Y29.0897
G1 X-14.3587 Y29.0777
G1 X-14.3736 Y29.0648
G1 X-14.4318 Y29.0121
G1 X-14.4460 Y28.9986
G1 X-14.4595 Y28.9844
G1 X-14.5122 Y28.9262
G1 X-14.5251 Y28.9113
G1 X-14.5371 Y28.8958
G1 X-14.5839 Y28.8328
G1 X-14.5952 Y28.8167
G1 X-14.6057 Y28.8001
G1 X-14.6461 Y28.7328
G1 X-14.6558 Y28.7157
G1 X-14.6646 Y28.6982
G1 X-14.6981 Y28.6272
G1 X-14.7061 Y28.6093
G1 X-14.7132 Y28.5910
G1 X-14.7396 Y28.5170
G1 X-14.7458 Y28.4984
G1 X-14.7510 Y28.4795
G1 X-14.7724 Y28.3938
G1 X-14.7777 Y28.3648
G1 X-14.7893 Y28.2872
G1 X-14.7917 Y28.2677
G1 X-14.7931 Y28.2481
G1 X-14.7970 Y28.1697
G1 X-14.7973 Y28.1402
G1 X-14.7925 Y28.0422
G1 X-14.7893 Y28.0129
G1 X-14.7777 Y27.9353
G1 Z2.0000
G1 X-14.6534 Y28.7200
G1 F60.00
G1 Z0.3
G1 F120.00
G1 X-18.8968 Y28.7200
G1 Z2.0000
G1 X-19.5230 Y26.8000
G1 F60.00
G1 Z0.3
G1 F120.00
G1 X-40.4471 Y26.8000
G1 Z2.0000
G1 X-39.9155 Y27.2800
G1 F60.00
G1 Z0.3
G1 F120.00
G1 X-27.1229 Y27.2800
G1 Z2.0000
G1 X-27.4314 Y27.7600
G1 F60.00
G1 Z0.3
G1 F120.00
G1 X-39.6423 Y27.7600
G1 Z2.0000
G1 X-39.5172 Y28.2400
G1 F60.00
G1 Z0.3
G1 F120.00
G1 X-27.4935 Y28.2400
G1 Z2.0000
G1 X-27.3534 Y28.7200
G1 F60.00
G1 Z0.3
G1 F120.00
G1 X-39.5125 Y28.7200
G1 Z2.0000
G1 X-39.6268 Y29.2000
G1 F60.00
G1 Z0.3
G1 F120.00
G1 X-26.8779 Y29.2000
G1 Z2.0000
G1 X-24.7170 Y29.2000
G1 F60.00
G1 Z0.3
G1 F120.00
G1 X-14.1779 Y29.2000
G1 Z2.0000
G1 X-12.0170 Y29.2000
G1 F60.00
G1 Z0.3
G1 F120.00
G1 X41.6269 Y29.2000
G1 Z2.0000
G1 X41.5126 Y28.7200
G1 F60.00
G1 Z0.3
G1 F120.00
G1 X22.9117 Y28.7200
G1 Z2.0000
G1 X23.3918 Y28.2400
G1 F60.00
G1 Z0.3
G1 F120.00
G1 X41.5173 Y28.2400
G1 Z2.0000
G1 X41.5049 Y28.3627
G1 F60.00
G1 Z0.3
G1 F120.00
G1 X41.5064 Y28.3432
G1 X41.5152 Y28.2552
G1 X41.5296 Y28.1581
G1 X41.5487 Y28.0619
G1 X41.5726 Y27.9667
G1 X41.6011 Y27.8727
G1 X41.6341 Y27.7803
G1 X41.6717 Y27.6896
G1 X41.7137 Y27.6009
G1 X41.7600 Y27.5143
G1 X41.8104 Y27.4301
G1 X41.8650 Y27.3485
G1 X41.9234 Y27.2696
G1 X41.9857 Y27.1938
G1 X42.0516 Y27.1210
G1 X42.1210 Y27.0516
G1 X42.1938 Y26.9857
G1 X42.2696 Y26.9234
G1 X42.3485 Y26.8650
G1 X42.4301 Y26.8104
G1 X42.5143 Y26.7600
G1 X42.6009 Y26.7137
G1 X42.6896 Y26.6717
G1 X42.7803 Y26.6341
G1 X42.8727 Y26.6011
G1 X42.9667 Y26.5726
G1 X43.0619 Y26.5487
G1 X43.1581 Y26.5296
G1 X43.2552 Y26.5152
G1 X43.3529 Y26.5055
G1 X43.4510 Y26.5007
G1 X43.5491 Y26.5007
G1 X43.6472 Y26.5055
G1 X43.7449 Y26.5152
G1 X43.8420 Y26.5296
G1 X43.9382 Y26.5487
G1 X44.0334 Y26.5726
G1 X44.1274 Y26.6011
G1 X44.2198 Y26.6341
G1 X44.3105 Y26.6717
G1 X44.3992 Y26.7137
G1 X44.4858 Y26.7600
G1 X44.5700 Y26.8104
G1 X44.6516 Y26.8650
G1 X44.7305 Y26.9234
G1 X44.8063 Y26.9857
G1 X44.8791 Y27.0516
G1 X44.9485 Y27.1210
G1 X45.0144 Y27.1938
G1 X45.0767 Y27.2696
G1 X45.1351 Y27.3485
G1 X45.1897 Y27.4301
G1 X45.2401 Y27.5143
G1 X45.2864 Y27.6009
G1 X45.3284 Y27.6896
G1 X45.3660 Y27.7803
G1 X45.3990 Y27.8727
G1 X45.4275 Y27.9667
G1 X45.4514 Y28.0619
G1 X45.4705 Y28.1581
G1 X45.4849 Y28.2552
G1 X45.4945 Y28.3529
G1 X45.4994 Y28.4510
G1 X45.4994 Y28.5491
G1 X45.4945 Y28.6472
G1 X45.4849 Y28.7449
G1 X45.4705 Y28.8420
G1 X45.4514 Y28.9382
G1 X45.4275 Y29.0334
G1 X45.3990 Y29.1274
G1 X45.3660 Y29.2198
G1 X45.3284 Y29.3105
G1 X45.2864 Y29.3992
G1 X45.2401 Y29.4858
G1 X45.1897 Y29.5700
G1 X45.1351 Y29.6516
G1 X45.0767 Y29.7305
G1 X45.0144 Y29.8063
G1 X44.9485 Y29.8791
G1 X44.8791 Y29.9485
G1 X44.8063 Y30.0144
G1 X44.7305 Y30.0767
G1 X44.6516 Y30.1351
G1 X44.5700 Y30.1897
G1 X44.4858 Y30.2401
G1 X44.3992 Y30.2864
G1 X44.3105 Y30.3284
G1 X44.2198 Y30.3660
G1 X44.1274 Y30.3990
G1 X44.0334 Y30.4275
G1 X43.9382 Y30.4514
G1 X43.8420 Y30.4705
G1 X43.7449 Y30.4849
G1 X43.6472 Y30.4945
G1 X43.5491 Y30.4994
G1 X43.4510 Y30.4994
G1 X43.3529 Y30.4945
G1 X43.2552 Y30.4849
G1 X43.1581 Y30.4705
G1 X43.0619 Y30.4514
G1 X42.9667 Y30.4275
G1 X42.8727 Y30.3990
G1 X42.7803 Y30.3660
G1 X42.6896 Y30.3284
G1 X42.6009 Y30.2864
G1 X42.5143 Y30.2401
G1 X42.4301 Y30.1897
G1 X42.3485 Y30.1351
G1 X42.2696 Y30.0767
G1 X42.1938 Y30.0144
G1 X42.1210 Y29.9485
G1 X42.0516 Y29.8791
G1 X41.9857 Y29.8063
G1 X41.9234 Y29.7305
G1 X41.8650 Y29.6516
G1 X41.8104 Y29.5700
G1 X41.7600 Y29.4858
G1 X41.7137 Y29.3992
G1 X41.6717 Y29.3105
G1 X41.6341 Y29.2198
G1 X41.6011 Y29.1274
G1 X41.5726 Y29.0334
G1 X41.5487 Y28.9382
G1 X41.5296 Y28.8420
G1 X41.5152 Y28.7449
G1 X41.5055 Y28.6472
G1 X41.5007 Y28.5491
G1 X41.5007 Y28.4510
G1 X41.5049 Y28.3627
G1 Z2.0000
G1 X41.6424 Y27.7600
G1 F60.00
G1 Z0.3
G1 F120.00
G1 X23.8718 Y27.7600
G1 Z2.0000
G1 X22.5684 Y26.8000
G1 F60.00
G1 Z0.3
G1 F120.00
G1 X1.4098 Y26.8000
G1 Z2.0000
G1 X0.1103 Y26.8000
G1 F60.00
G1 Z0.3
G1 F120.00
G1 X-5.6482 Y26.8000
G1 X-6.1282 Y27.2800
G1 X22.0884 Y27.2800
G1 X24.0084 Y25.3600
G1 X19.8096 Y25.3600
G1 Z2.0000
G1 X19.8290 Y24.8800
G1 F60.00
G1 Z0.3
G1 F120.00
G1 X24.0898 Y24.8800
G1 X24.0898 Y24.4000
G1 X19.8290 Y24.4000
G1 X19.8290 Y23.9200
G1 X24.0898 Y23.9200
G1 X24.0898 Y23.4400
G1 X19.8290 Y23.4400
G1 X19.8290 Y22.9600
G1 X24.0898 Y22.9600
G1 X24.0898 Y22.4800
G1 X19.8290 Y22.4800
G1 X19.8290 Y22.0000
G1 X24.0898 Y22.0000
G1 X24.0898 Y21.5200
G1 X19.8290 Y21.5200
G1 X19.8290 Y21.0400
G1 X24.0898 Y21.0400
G1 X24.0898 Y20.5600
G1 X19.8290 Y20.5600
G1 X19.8290 Y20.0800
G1 X23.5150 Y20.0800
G1 Z2.0000
G1 X23.2393 Y19.6000
G1 F60.00
G1 Z0.3
G1 F120.00
G1 X19.8290 Y19.6000
G1 X19.8290 Y19.1200
G1 X23.1987 Y19.1200
G1 Z2.0000
G1 X23.3638 Y18.6400
G1 F60.00
G1 Z0.3
G1 F120.00
G1 X19.8290 Y18.6400
G1 Z2.0000
G1 X7.6198 Y18.6400
G1 F60.00
G1 Z0.3
G1 F120.00
G1 X7.0340 Y18.6400
G1 Z2.0000
G1 X7.0400 Y19.1200
G1 F60.00
G1 Z0.3
G1 F120.00
G1 X7.6198 Y19.1200
G1 X7.6198 Y19.6000
G1 X7.0400 Y19.6000
G1 Z2.0000
G1 X6.9960 Y20.0800
G1 F60.00
G1 Z0.3
G1 F120.00
G1 X7.6198 Y20.0800
G1 X7.6198 Y20.5600
G1 X6.7333 Y20.5600
G1 X7.6198 Y21.0400
G1 X5.1918 Y21.0400
G1 X4.7118 Y21.5200
G1 X7.5284 Y21.5200
G1 X7.0484 Y22.0000
G1 X4.2318 Y22.0000
G1 X3.7518 Y22.4800
G1 X6.5684 Y22.4800
G1 Z2.0000
G1 X5.0256 Y22.9600
G1 F60.00
G1 Z0.3
G1 F120.00
G1 X3.2718 Y22.9600
G1 X2.7918 Y23.4400
G1 X4.7097 Y23.4400
G1 Z2.0000
G1 X4.6400 Y23.9200
G1 F60.00
G1 Z0.3
G1 F120.00
G1 X2.1442 Y23.9200
G1 Z2.0000
G1 X-0.6913 Y24.8800
G1 F60.00
G1 Z0.3
G1 F120.00
G1 X-3.7300 Y24.8800
G1 Z2.0000
G1 X-4.2082 Y25.3600
G1 F60.00
G1 Z0.3
G1 F120.00
G1 X-0.9134 Y25.3600
G1 Z2.0000
G1 X-0.9202 Y25.3953
G1 F60.00
G1 Z0.3
G1 F120.00
G1 X-0.9169 Y25.3759
G1 X-0.9126 Y25.3568
G1 X-0.8910 Y25.2711
G1 X-0.8821 Y25.2431
G1 X-0.8557 Y25.1691
G1 X-0.8486 Y25.1508
G1 X-0.8406 Y25.1329
G1 X-0.8071 Y25.0619
G1 X-0.7983 Y25.0444
G1 X-0.7886 Y25.0273
G1 X-0.7482 Y24.9600
G1 X-0.7377 Y24.9434
G1 X-0.7264 Y24.9273
G1 X-0.6796 Y24.8643
G1 X-0.6676 Y24.8488
G1 X-0.6547 Y24.8339
G1 X-0.6020 Y24.7757
G1 X-0.5815 Y24.7547
G1 X-0.5161 Y24.6953
G1 X-0.5012 Y24.6824
G1 X-0.4857 Y24.6704
G1 X-0.4147 Y24.6178
G1 X-0.3900 Y24.6018
G1 X-0.3227 Y24.5614
G1 X-0.3056 Y24.5517
G1 X-0.2881 Y24.5429
G1 X-0.2171 Y24.5094
G1 X-0.1992 Y24.5014
G1 X-0.1809 Y24.4943
G1 X-0.1069 Y24.4679
G1 X-0.0883 Y24.4617
G1 X-0.0694 Y24.4565
G1 X0.0068 Y24.4374
G1 X0.0259 Y24.4331
G1 X0.0453 Y24.4298
G1 X0.1327 Y24.4169
G1 X0.1620 Y24.4144
G1 X0.2404 Y24.4105
G1 X0.2600 Y24.4101
G1 X1.2600 Y24.4101
G1 X1.2797 Y24.4105
G1 X1.3581 Y24.4144
G1 X1.3777 Y24.4158
G1 X1.3972 Y24.4182
G1 X1.4748 Y24.4298
G1 X1.4942 Y24.4331
G1 X1.5133 Y24.4374
G1 X1.5895 Y24.4565
G1 X1.6084 Y24.4617
G1 X1.6270 Y24.4679
G1 X1.7010 Y24.4943
G1 X1.7193 Y24.5014
G1 X1.7372 Y24.5094
G1 X1.8082 Y24.5429
G1 X1.8343 Y24.5565
G1 X1.9101 Y24.6018
G1 X1.9267 Y24.6123
G1 X1.9428 Y24.6236
G1 X2.0137 Y24.6763
G1 X2.0362 Y24.6953
G1 X2.1016 Y24.7547
G1 X2.1154 Y24.7685
G1 X2.1530 Y24.8098
G1 X4.2386 Y24.8098
G1 X4.6400 Y24.4084
G1 X4.6402 Y23.8302
G1 X4.6444 Y23.7420
G1 X4.6469 Y23.7127
G1 X4.6613 Y23.6156
G1 X4.6674 Y23.5868
G1 X4.6865 Y23.5106
G1 X4.6917 Y23.4917
G1 X4.6979 Y23.4731
G1 X4.7243 Y23.3991
G1 X4.7314 Y23.3808
G1 X4.7394 Y23.3629
G1 X4.7729 Y23.2919
G1 X4.7817 Y23.2744
G1 X4.7914 Y23.2573
G1 X4.8318 Y23.1900
G1 X4.8423 Y23.1734
G1 X4.8536 Y23.1573
G1 X4.9004 Y23.0943
G1 X4.9124 Y23.0788
G1 X4.9253 Y23.0639
G1 X4.9780 Y23.0057
G1 X4.9915 Y22.9915
G1 X5.0057 Y22.9780
G1 X5.0639 Y22.9253
G1 X5.0788 Y22.9124
G1 X5.0943 Y22.9004
G1 X5.1573 Y22.8536
G1 X5.1734 Y22.8423
G1 X5.1900 Y22.8318
G1 X5.2573 Y22.7914
G1 X5.2744 Y22.7817
G1 X5.2919 Y22.7729
G1 X5.3629 Y22.7394
G1 X5.3808 Y22.7314
G1 X5.3991 Y22.7243
G1 X5.4731 Y22.6979
G1 X5.4917 Y22.6917
G1 X5.5106 Y22.6865
G1 X5.5868 Y22.6674
G1 X5.6059 Y22.6631
G1 X5.6253 Y22.6598
G1 X5.7029 Y22.6482
G1 X5.7224 Y22.6458
G1 X5.7420 Y22.6444
G1 X5.8204 Y22.6405
G1 X5.8400 Y22.6401
G1 X5.8597 Y22.6405
G1 X5.9381 Y22.6444
G1 X5.9577 Y22.6458
G1 X5.9772 Y22.6482
G1 X6.0548 Y22.6598
G1 X6.0742 Y22.6631
G1 X6.0933 Y22.6674
G1 X6.1695 Y22.6865
G1 X6.1884 Y22.6917
G1 X6.2070 Y22.6979
G1 X6.2902 Y22.7277
G1 X6.3116 Y22.7368
G1 X7.6198 Y21.4286
G1 X7.6198 Y13.0330
G1 X7.5785 Y12.9954
G1 X7.5647 Y12.9816
G1 X7.5053 Y12.9162
G1 X7.4863 Y12.8937
G1 X7.4336 Y12.8228
G1 X7.4223 Y12.8067
G1 X7.4118 Y12.7901
G1 X7.3665 Y12.7143
G1 X7.3529 Y12.6882
G1 X7.3194 Y12.6172
G1 X7.3114 Y12.5993
G1 X7.3043 Y12.5810
G1 X7.2779 Y12.5070
G1 X7.2717 Y12.4884
G1 X7.2665 Y12.4695
G1 X7.2474 Y12.3933
G1 X7.2431 Y12.3742
G1 X7.2398 Y12.3548
G1 X7.2282 Y12.2772
G1 X7.2258 Y12.2577
G1 X7.2244 Y12.2381
G1 X7.2205 Y12.1597
G1 X7.2201 Y12.1400
G1 X7.2201 Y11.1400
G1 X7.2205 Y11.1204
G1 X7.2244 Y11.0420
G1 X7.2269 Y11.0127
G1 X7.2413 Y10.9156
G1 X7.2474 Y10.8868
G1 X7.2665 Y10.8106
G1 X7.2717 Y10.7917
G1 X7.2779 Y10.7731
G1 X7.3077 Y10.6899
G1 X7.3194 Y10.6629
G1 X7.3529 Y10.5919
G1 X7.3617 Y10.5744
G1 X7.3714 Y10.5573
G1 X7.4118 Y10.4900
G1 X7.4223 Y10.4734
G1 X7.4336 Y10.4573
G1 X7.4804 Y10.3943
G1 X7.4924 Y10.3788
G1 X7.5053 Y10.3639
G1 X7.5580 Y10.3057
G1 X7.5715 Y10.2915
G1 X7.5857 Y10.2780
G1 X7.6439 Y10.2253
G1 X7.6588 Y10.2124
G1 X7.6743 Y10.2004
G1 X7.7373 Y10.1536
G1 X7.7534 Y10.1423
G1 X7.7700 Y10.1318
G1 X7.8373 Y10.0914
G1 X7.8544 Y10.0817
G1 X7.8719 Y10.0729
G1 X7.9429 Y10.0394
G1 X7.9608 Y10.0314
G1 X7.9791 Y10.0243
G1 X8.0531 Y9.9979
G1 X8.0717 Y9.9917
G1 X8.0906 Y9.9865
G1 X8.1668 Y9.9674
G1 X8.1859 Y9.9631
G1 X8.2053 Y9.9598
G1 X8.2829 Y9.9482
G1 X8.3024 Y9.9458
G1 X8.3220 Y9.9444
G1 X8.4004 Y9.9405
G1 X8.4200 Y9.9401
G1 X8.4397 Y9.9405
G1 X8.5181 Y9.9444
G1 X8.5377 Y9.9458
G1 X8.5572 Y9.9482
G1 X8.6348 Y9.9598
G1 X8.6542 Y9.9631
G1 X8.6733 Y9.9674
G1 X8.7495 Y9.9865
G1 X8.7684 Y9.9917
G1 X8.7870 Y9.9979
G1 X8.8610 Y10.0243
G1 X8.8793 Y10.0314
G1 X8.8972 Y10.0394
G1 X8.9682 Y10.0729
G1 X8.9857 Y10.0817
G1 X9.0028 Y10.0914
G1 X9.0701 Y10.1318
G1 X9.0867 Y10.1423
G1 X9.1028 Y10.1536
G1 X9.1658 Y10.2004
G1 X9.1813 Y10.2124
G1 X9.1962 Y10.2253
G1 X9.2544 Y10.2780
G1 X9.2686 Y10.2915
G1 X9.2821 Y10.3057
G1 X9.3348 Y10.3639
G1 X9.3477 Y10.3788
G1 X9.3597 Y10.3943
G1 X9.4065 Y10.4573
G1 X9.4232 Y10.4816
G1 X9.4687 Y10.5573
G1 X9.4784 Y10.5744
G1 X9.4872 Y10.5919
G1 X9.5207 Y10.6629
G1 X9.5287 Y10.6808
G1 X9.5358 Y10.6991
G1 X9.5622 Y10.7731
G1 X9.5711 Y10.8011
G1 X9.5950 Y10.8963
G1 X9.6003 Y10.9253
G1 X9.6119 Y11.0029
G1 X9.6143 Y11.0224
G1 X9.6157 Y11.0420
G1 X9.6199 Y11.1302
G1 X9.6200 Y12.1400
G1 X9.6196 Y12.1597
G1 X9.6157 Y12.2381
G1 X9.6143 Y12.2577
G1 X9.6119 Y12.2772
G1 X9.6003 Y12.3548
G1 X9.5970 Y12.3742
G1 X9.5927 Y12.3933
G1 X9.5736 Y12.4695
G1 X9.5684 Y12.4884
G1 X9.5622 Y12.5070
G1 X9.5358 Y12.5810
G1 X9.5248 Y12.6083
G1 X9.4872 Y12.6882
G1 X9.4784 Y12.7057
G1 X9.4687 Y12.7228
G1 X9.4283 Y12.7901
G1 X9.4123 Y12.8148
G1 X9.3597 Y12.8858
G1 X9.3413 Y12.9088
G1 X9.2754 Y12.9816
G1 X9.2616 Y12.9954
G1 X9.2202 Y13.0330
G1 X9.2201 Y21.7699
G1 X9.2178 Y21.8189
G1 X9.2164 Y21.8385
G1 X9.2140 Y21.8580
G1 X9.2082 Y21.8968
G1 X9.2028 Y21.9258
G1 X9.1910 Y21.9734
G1 X9.1858 Y21.9923
G1 X9.1796 Y22.0110
G1 X9.1664 Y22.0480
G1 X9.1593 Y22.0663
G1 X9.1514 Y22.0842
G1 X9.1346 Y22.1197
G1 X9.1210 Y22.1459
G1 X9.0959 Y22.1880
G1 X9.0854 Y22.2046
G1 X9.0741 Y22.2207
G1 X9.0507 Y22.2522
G1 X9.0386 Y22.2677
G1 X9.0258 Y22.2826
G1 X8.9994 Y22.3117
G1 X8.9859 Y22.3259
G1 X7.0400 Y24.2717
G1 X7.0400 Y24.8400
G1 X7.0396 Y24.8597
G1 X7.0357 Y24.9381
G1 X7.0332 Y24.9674
G1 X7.0203 Y25.0548
G1 X7.0170 Y25.0742
G1 X7.0127 Y25.0933
G1 X6.9936 Y25.1695
G1 X6.9884 Y25.1884
G1 X6.9822 Y25.2070
G1 X6.9558 Y25.2810
G1 X6.9487 Y25.2993
G1 X6.9407 Y25.3172
G1 X6.9029 Y25.3970
G1 X6.8887 Y25.4228
G1 X6.8483 Y25.4901
G1 X6.8378 Y25.5067
G1 X6.8265 Y25.5228
G1 X6.7797 Y25.5858
G1 X6.7677 Y25.6013
G1 X6.7548 Y25.6162
G1 X6.7021 Y25.6744
G1 X6.6886 Y25.6886
G1 X6.6744 Y25.7021
G1 X6.6162 Y25.7548
G1 X6.6013 Y25.7677
G1 X6.5858 Y25.7797
G1 X6.5228 Y25.8265
G1 X6.5067 Y25.8378
G1 X6.4901 Y25.8483
G1 X6.4228 Y25.8887
G1 X6.4057 Y25.8984
G1 X6.3882 Y25.9072
G1 X6.3172 Y25.9407
G1 X6.2993 Y25.9487
G1 X6.2810 Y25.9558
G1 X6.1978 Y25.9854
G1 X6.1695 Y25.9936
G1 X6.0933 Y26.0127
G1 X6.0742 Y26.0170
G1 X6.0548 Y26.0203
G1 X5.9772 Y26.0319
G1 X5.9577 Y26.0343
G1 X5.9381 Y26.0357
G1 X5.8597 Y26.0396
G1 X5.8400 Y26.0400
G1 X5.8204 Y26.0396
G1 X5.7420 Y26.0357
G1 X5.7127 Y26.0332
G1 X5.6253 Y26.0203
G1 X5.6059 Y26.0170
G1 X5.5868 Y26.0127
G1 X5.5106 Y25.9936
G1 X5.4823 Y25.9854
G1 X5.3991 Y25.9558
G1 X5.3808 Y25.9487
G1 X5.3685 Y25.9433
G1 X5.1289 Y26.1827
G1 X5.0926 Y26.2158
G1 X5.0777 Y26.2286
G1 X5.0622 Y26.2407
G1 X5.0307 Y26.2641
G1 X5.0064 Y26.2807
G1 X4.9559 Y26.3110
G1 X4.9297 Y26.3246
G1 X4.8942 Y26.3414
G1 X4.8769 Y26.3491
G1 X4.8580 Y26.3564
G1 X4.8210 Y26.3696
G1 X4.7929 Y26.3785
G1 X4.7358 Y26.3928
G1 X4.7068 Y26.3982
G1 X4.6582 Y26.4053
G1 X4.6289 Y26.4078
G1 X4.5897 Y26.4098
G1 X4.5700 Y26.4102
G1 X2.1530 Y26.4102
G1 X2.1154 Y26.4516
G1 X2.1016 Y26.4654
G1 X2.0362 Y26.5248
G1 X2.0137 Y26.5438
G1 X1.9428 Y26.5965
G1 X1.9267 Y26.6078
G1 X1.9101 Y26.6183
G1 X1.8343 Y26.6636
G1 X1.8082 Y26.6772
G1 X1.7372 Y26.7107
G1 X1.7193 Y26.7187
G1 X1.7010 Y26.7258
G1 X1.6270 Y26.7522
G1 X1.6084 Y26.7584
G1 X1.5895 Y26.7636
G1 X1.5133 Y26.7827
G1 X1.4942 Y26.7870
G1 X1.4748 Y26.7903
G1 X1.3972 Y26.8019
G1 X1.3777 Y26.8043
G1 X1.3581 Y26.8057
G1 X1.2699 Y26.8099
G1 X0.2600 Y26.8100
G1 X0.2404 Y26.8096
G1 X0.1522 Y26.8051
G1 X0.1229 Y26.8019
G1 X0.0453 Y26.7903
G1 X0.0259 Y26.7870
G1 X0.0068 Y26.7827
G1 X-0.0694 Y26.7636
G1 X-0.0883 Y26.7584
G1 X-0.1069 Y26.7522
G1 X-0.1809 Y26.7258
G1 X-0.1992 Y26.7187
G1 X-0.2171 Y26.7107
G1 X-0.2881 Y26.6772
G1 X-0.3056 Y26.6684
G1 X-0.3227 Y26.6587
G1 X-0.3900 Y26.6183
G1 X-0.4066 Y26.6078
G1 X-0.4227 Y26.5965
G1 X-0.4857 Y26.5497
G1 X-0.5012 Y26.5377
G1 X-0.5161 Y26.5248
G1 X-0.5743 Y26.4721
G1 X-0.5885 Y26.4586
G1 X-0.6020 Y26.4444
G1 X-0.6547 Y26.3862
G1 X-0.6676 Y26.3713
G1 X-0.6796 Y26.3558
G1 X-0.7264 Y26.2928
G1 X-0.7431 Y26.2685
G1 X-0.7935 Y26.1843
G1 X-0.8071 Y26.1582
G1 X-0.8406 Y26.0872
G1 X-0.8486 Y26.0693
G1 X-0.8557 Y26.0510
G1 X-0.8821 Y25.9770
G1 X-0.8910 Y25.9490
G1 X-0.9126 Y25.8633
G1 X-0.9187 Y25.8345
G1 X-0.9331 Y25.7374
G1 X-0.9356 Y25.7081
G1 X-0.9398 Y25.6199
G1 X-0.9395 Y25.5904
G1 X-0.9356 Y25.5120
G1 X-0.9342 Y25.4924
G1 X-0.9318 Y25.4729
G1 X-0.9202 Y25.3953
G1 Z2.0000
G1 X-0.9177 Y25.8400
G1 F60.00
G1 Z0.3
G1 F120.00
G1 X-4.6882 Y25.8400
G1 X-5.1682 Y26.3200
G1 X-0.7062 Y26.3200
G1 Z2.0000
G1 X-5.1202 Y23.9200
G1 F60.00
G1 Z0.3
G1 F120.00
G1 X-6.9960 Y23.9200
G1 Z2.0000
G1 X-6.9300 Y23.4400
G1 F60.00
G1 Z0.3
G1 F120.00
G1 X-5.1202 Y23.4400
G1 X-5.1202 Y22.9600
G1 X-6.9300 Y22.9600
G1 Z2.0000
G1 X-6.9319 Y22.4800
G1 F60.00
G1 Z0.3
G1 F120.00
G1 X-5.1202 Y22.4800
G1 X-5.1202 Y22.0000
G1 X-7.0543 Y22.0000
G1 Z2.0000
G1 X-7.4828 Y21.5200
G1 F60.00
G1 Z0.3
G1 F120.00
G1 X-5.1202 Y21.5200
G1 X-5.5116 Y24.4000
G1 X-7.3043 Y24.4000
G1 X-6.4716 Y25.3600
G1 X-9.1741 Y25.3600
G1 X-8.6938 Y24.8800
G1 X-5.9916 Y24.8800
G1 X-6.9516 Y25.8400
G1 X-9.6544 Y25.8400
G1 X-10.1347 Y26.3200
G1 X-7.4316 Y26.3200
G1 X-7.9116 Y26.8000
G1 X-10.6150 Y26.8000
G1 X-11.0953 Y27.2800
G1 X-8.3916 Y27.2800
G1 Z2.0000
G1 X-8.6721 Y19.6000
G1 F60.00
G1 Z0.3
G1 F120.00
G1 X-46.9999 Y19.6000
G1 X-46.9999 Y19.1200
G1 X-15.5426 Y19.1200
G1 Z2.0000
G1 X-16.3252 Y18.6400
G1 F60.00
G1 Z0.3
G1 F120.00
G1 X-46.9999 Y18.6400
G1 X-46.9999 Y18.1600
G1 X-16.7591 Y18.1600
G1 X-17.1671 Y17.6800
G1 X-46.9999 Y17.6800
G1 X-46.9999 Y17.2000
G1 X-17.5751 Y17.2000
G1 X-17.9831 Y16.7200
G1 X-46.9999 Y16.7200
G1 X-46.9999 Y16.2400
G1 X-18.3911 Y16.2400
G1 X-18.7991 Y15.7600
G1 X-46.9999 Y15.7600
G1 X-46.9999 Y15.2800
G1 X-19.2071 Y15.2800
G1 X-19.6151 Y14.8000
G1 X-46.9999 Y14.8000
G1 X-46.9999 Y14.3200
G1 X-20.0231 Y14.3200
G1 X-20.4311 Y13.8400
G1 X-46.9999 Y13.8400
G1 X-46.9999 Y13.3600
G1 X-20.8391 Y13.3600
G1 X-21.2471 Y12.8800
G1 X-46.9999 Y12.8800
G1 X-46.9999 Y12.4000
G1 X-21.6551 Y12.4000
G1 Z2.0000
G1 X-22.0462 Y11.9200
G1 F60.00
G1 Z0.3
G1 F120.00
G1 X-46.9999 Y11.9200
G1 X-46.9999 Y11.4400
G1 X-26.9521 Y11.4400
G1 Z2.0000
G1 X-27.8231 Y10.9600
G1 F60.00
G1 Z0.3
G1 F120.00
G1 X-46.9999 Y10.9600
G1 X-46.9999 Y10.4800
G1 X-28.3031 Y10.4800
G1 X-28.7831 Y10.0000
G1 X-46.9999 Y10.0000
G1 X-46.9999 Y9.5200
G1 X-29.2631 Y9.5200
G1 X-29.7431 Y9.0400
G1 X-46.9999 Y9.0400
G1 X-46.9999 Y8.5600
G1 X-31.1402 Y8.5600
G1 Z2.0000
G1 X-31.3834 Y8.0800
G1 F60.00
G1 Z0.3
G1 F120.00
G1 X-46.9999 Y8.0800
G1 X-46.9999 Y7.6000
G1 X-31.4039 Y7.6000
G1 Z2.0000
G1 X-36.0814 Y6.1600
G1 F60.00
G1 Z0.3
G1 F120.00
G1 X-46.9999 Y6.1600
G1 X-46.9999 Y5.6800
G1 X-40.7631 Y5.6800
G1 Z2.0000
G1 X-41.6540 Y5.2000
G1 F60.00
G1 Z0.3
G1 F120.00
G1 X-46.9999 Y5.2000
G1 X-46.9999 Y4.7200
G1 X-42.6088 Y4.7200
G1 Z2.0000
G1 X-42.8257 Y4.2400
G1 F60.00
G1 Z0.3
G1 F120.00
G1 X-46.9999 Y4.2400
G1 X-46.9999 Y3.7600
G1 X-42.8256 Y3.7600
G1 Z2.0000
G1 X-42.8302 Y3.7853
G1 F60.00
G1 Z0.3
G1 F120.00
G1 X-42.8269 Y3.7659
G1 X-42.8226 Y3.7468
G1 X-42.8035 Y3.6706
G1 X-42.7983 Y3.6517
G1 X-42.7921 Y3.6331
G1 X-42.7657 Y3.5591
G1 X-42.7547 Y3.5318
G1 X-42.7128 Y3.4431
G1 X-42.6986 Y3.4173
G1 X-42.6582 Y3.3500
G1 X-42.6477 Y3.3334
G1 X-42.6364 Y3.3173
G1 X-42.5837 Y3.2464
G1 X-42.5647 Y3.2239
G1 X-42.5120 Y3.1657
G1 X-42.4985 Y3.1515
G1 X-42.4843 Y3.1380
G1 X-42.4261 Y3.0853
G1 X-42.4112 Y3.0724
G1 X-42.3957 Y3.0604
G1 X-42.3327 Y3.0136
G1 X-42.3166 Y3.0023
G1 X-42.3000 Y2.9918
G1 X-42.2327 Y2.9514
G1 X-42.2069 Y2.9372
G1 X-42.1182 Y2.8953
G1 X-42.0909 Y2.8843
G1 X-42.0169 Y2.8579
G1 X-41.9983 Y2.8517
G1 X-41.9794 Y2.8465
G1 X-41.9032 Y2.8274
G1 X-41.8841 Y2.8231
G1 X-41.8647 Y2.8198
G1 X-41.7871 Y2.8082
G1 X-41.7578 Y2.8050
G1 X-41.6696 Y2.8005
G1 X-41.6500 Y2.8001
G1 X-40.6401 Y2.8002
G1 X-40.5421 Y2.8050
G1 X-40.5128 Y2.8082
G1 X-40.4352 Y2.8198
G1 X-40.4158 Y2.8231
G1 X-40.3967 Y2.8274
G1 X-40.3205 Y2.8465
G1 X-40.3016 Y2.8517
G1 X-40.2830 Y2.8579
G1 X-40.2090 Y2.8843
G1 X-40.1907 Y2.8914
G1 X-40.1728 Y2.8994
G1 X-40.1018 Y2.9329
G1 X-40.0843 Y2.9417
G1 X-40.0672 Y2.9514
G1 X-39.9999 Y2.9918
G1 X-39.9833 Y3.0023
G1 X-39.9672 Y3.0136
G1 X-39.9042 Y3.0604
G1 X-39.8887 Y3.0724
G1 X-39.8738 Y3.0853
G1 X-39.8084 Y3.1447
G1 X-39.7879 Y3.1657
G1 X-39.7352 Y3.2239
G1 X-39.7223 Y3.2388
G1 X-39.7103 Y3.2543
G1 X-39.6635 Y3.3173
G1 X-39.6522 Y3.3334
G1 X-39.6417 Y3.3500
G1 X-39.6013 Y3.4173
G1 X-39.5916 Y3.4344
G1 X-39.5828 Y3.4519
G1 X-39.5493 Y3.5229
G1 X-39.5413 Y3.5408
G1 X-39.5342 Y3.5591
G1 X-39.5078 Y3.6331
G1 X-39.5016 Y3.6517
G1 X-39.4964 Y3.6706
G1 X-39.4773 Y3.7468
G1 X-39.4730 Y3.7659
G1 X-39.4697 Y3.7853
G1 X-39.4581 Y3.8629
G1 X-39.4557 Y3.8824
G1 X-39.4543 Y3.9020
G1 X-39.4504 Y3.9804
G1 X-39.4501 Y4.0099
G1 X-39.4543 Y4.0981
G1 X-39.4557 Y4.1177
G1 X-39.4581 Y4.1372
G1 X-39.4697 Y4.2148
G1 X-39.4730 Y4.2342
G1 X-39.4773 Y4.2533
G1 X-39.4964 Y4.3295
G1 X-39.5021 Y4.3498
G1 X-36.0921 Y4.3498
G1 X-36.0687 Y4.3288
G1 X-36.0536 Y4.3163
G1 X-35.9747 Y4.2578
G1 X-35.9500 Y4.2418
G1 X-35.8827 Y4.2014
G1 X-35.8569 Y4.1872
G1 X-35.7771 Y4.1494
G1 X-35.7592 Y4.1414
G1 X-35.7409 Y4.1343
G1 X-35.6669 Y4.1079
G1 X-35.6483 Y4.1017
G1 X-35.6294 Y4.0965
G1 X-35.5532 Y4.0774
G1 X-35.5244 Y4.0713
G1 X-35.4371 Y4.0582
G1 X-35.4176 Y4.0558
G1 X-35.3980 Y4.0544
G1 X-35.3098 Y4.0502
G1 X-34.3000 Y4.0501
G1 X-34.2803 Y4.0505
G1 X-34.2019 Y4.0544
G1 X-34.1823 Y4.0558
G1 X-34.1628 Y4.0582
G1 X-34.0852 Y4.0698
G1 X-34.0658 Y4.0731
G1 X-34.0467 Y4.0774
G1 X-33.9705 Y4.0965
G1 X-33.9516 Y4.1017
G1 X-33.9330 Y4.1079
G1 X-33.8498 Y4.1377
G1 X-33.8228 Y4.1494
G1 X-33.7518 Y4.1829
G1 X-33.7343 Y4.1917
G1 X-33.7172 Y4.2014
G1 X-33.6415 Y4.2469
G1 X-33.6172 Y4.2636
G1 X-33.5463 Y4.3163
G1 X-33.5312 Y4.3288
G1 X-33.5078 Y4.3498
G1 X-19.6000 Y4.3498
G1 X-19.5803 Y4.3503
G1 X-19.5313 Y4.3527
G1 X-19.5020 Y4.3552
G1 X-19.4437 Y4.3637
G1 X-19.4243 Y4.3671
G1 X-19.4052 Y4.3714
G1 X-19.3575 Y4.3833
G1 X-19.3386 Y4.3886
G1 X-19.3200 Y4.3947
G1 X-19.2646 Y4.4147
G1 X-19.2464 Y4.4222
G1 X-19.1931 Y4.4473
G1 X-19.1756 Y4.4561
G1 X-19.1585 Y4.4658
G1 X-19.1076 Y4.4964
G1 X-19.0916 Y4.5072
G1 X-19.0443 Y4.5421
G1 X-19.0288 Y4.5541
G1 X-19.0140 Y4.5670
G1 X-18.9759 Y4.6015
G1 X-18.9634 Y4.6135
G1 X-16.6471 Y6.9298
G1 X22.3900 Y6.9298
G1 X22.4097 Y6.9303
G1 X22.4587 Y6.9327
G1 X22.4783 Y6.9341
G1 X22.4978 Y6.9365
G1 X22.5463 Y6.9437
G1 X22.5753 Y6.9491
G1 X22.6325 Y6.9633
G1 X22.6514 Y6.9686
G1 X22.6700 Y6.9747
G1 X22.7254 Y6.9947
G1 X22.7525 Y7.0063
G1 X22.7969 Y7.0273
G1 X22.8144 Y7.0361
G1 X22.8315 Y7.0458
G1 X22.8824 Y7.0764
G1 X22.8984 Y7.0872
G1 X22.9457 Y7.1221
G1 X22.9612 Y7.1341
G1 X22.9760 Y7.1470
G1 X23.0141 Y7.1815
G1 X23.0266 Y7.1935
G1 X24.9632 Y9.1300
G1 X25.3900 Y9.1301
G1 X25.4097 Y9.1305
G1 X25.4881 Y9.1344
G1 X25.5077 Y9.1358
G1 X25.5272 Y9.1382
G1 X25.6048 Y9.1498
G1 X25.6242 Y9.1531
G1 X25.6433 Y9.1574
G1 X25.7195 Y9.1765
G1 X25.7384 Y9.1817
G1 X25.7570 Y9.1879
G1 X25.8310 Y9.2143
G1 X25.8493 Y9.2214
G1 X25.8672 Y9.2294
G1 X25.9382 Y9.2629
G1 X25.9557 Y9.2717
G1 X25.9728 Y9.2814
G1 X26.0401 Y9.3218
G1 X26.0567 Y9.3323
G1 X26.0728 Y9.3436
G1 X26.1358 Y9.3904
G1 X26.1513 Y9.4024
G1 X26.1662 Y9.4153
G1 X26.2244 Y9.4680
G1 X26.2386 Y9.4815
G1 X26.2521 Y9.4957
G1 X26.3113 Y9.5613
G1 X26.3297 Y9.5843
G1 X26.3765 Y9.6473
G1 X26.3878 Y9.6634
G1 X26.3983 Y9.6800
G1 X26.4387 Y9.7473
G1 X26.4484 Y9.7644
G1 X26.4572 Y9.7819
G1 X26.4907 Y9.8529
G1 X26.4987 Y9.8708
G1 X26.5058 Y9.8891
G1 X26.5322 Y9.9631
G1 X26.5384 Y9.9817
G1 X26.5436 Y10.0006
G1 X26.5627 Y10.0768
G1 X26.5670 Y10.0959
G1 X26.5703 Y10.1153
G1 X26.5819 Y10.1929
G1 X26.5843 Y10.2124
G1 X26.5857 Y10.2320
G1 X26.5899 Y10.3202
G1 X26.5896 Y10.3497
G1 X26.5857 Y10.4281
G1 X26.5843 Y10.4477
G1 X26.5819 Y10.4672
G1 X26.5703 Y10.5448
G1 X26.5650 Y10.5738
G1 X26.5411 Y10.6690
G1 X26.5322 Y10.6970
G1 X26.5024 Y10.7802
G1 X26.4907 Y10.8072
G1 X26.4572 Y10.8782
G1 X26.4484 Y10.8957
G1 X26.4387 Y10.9128
G1 X26.3983 Y10.9801
G1 X26.3878 Y10.9967
G1 X26.3765 Y11.0128
G1 X26.3297 Y11.0758
G1 X26.3177 Y11.0913
G1 X26.3048 Y11.1062
G1 X26.2521 Y11.1644
G1 X26.2316 Y11.1854
G1 X26.1662 Y11.2448
G1 X26.1513 Y11.2577
G1 X26.1358 Y11.2697
G1 X26.0728 Y11.3165
G1 X26.0485 Y11.3332
G1 X25.9728 Y11.3787
G1 X25.9470 Y11.3929
G1 X25.8583 Y11.4348
G1 X25.8402 Y11.4424
G1 X25.7903 Y11.4603
G1 X25.7903 Y13.0498
G1 X25.8402 Y13.0677
G1 X25.8583 Y13.0753
G1 X25.9382 Y13.1129
G1 X25.9643 Y13.1265
G1 X26.0401 Y13.1718
G1 X26.0567 Y13.1823
G1 X26.0728 Y13.1936
G1 X26.1358 Y13.2404
G1 X26.1588 Y13.2588
G1 X26.2244 Y13.3180
G1 X26.2386 Y13.3315
G1 X26.2521 Y13.3457
G1 X26.3048 Y13.4039
G1 X26.3177 Y13.4188
G1 X26.3297 Y13.4343
G1 X26.3765 Y13.4973
G1 X26.3878 Y13.5134
G1 X26.3983 Y13.5300
G1 X26.4436 Y13.6058
G1 X26.4572 Y13.6319
G1 X26.4907 Y13.7029
G1 X26.4987 Y13.7208
G1 X26.5058 Y13.7391
G1 X26.5322 Y13.8131
G1 X26.5411 Y13.8411
G1 X26.5627 Y13.9268
G1 X26.5670 Y13.9459
G1 X26.5703 Y13.9653
G1 X26.5819 Y14.0429
G1 X26.5843 Y14.0624
G1 X26.5857 Y14.0820
G1 X26.5896 Y14.1604
G1 X26.5900 Y14.1800
G1 X26.5896 Y14.1997
G1 X26.5857 Y14.2781
G1 X26.5843 Y14.2977
G1 X26.5819 Y14.3172
G1 X26.5703 Y14.3948
G1 X26.5670 Y14.4142
G1 X26.5627 Y14.4333
G1 X26.5411 Y14.5190
G1 X26.5322 Y14.5470
G1 X26.5058 Y14.6210
G1 X26.4987 Y14.6393
G1 X26.4907 Y14.6572
G1 X26.4572 Y14.7282
G1 X26.4484 Y14.7457
G1 X26.4387 Y14.7628
G1 X26.3983 Y14.8301
G1 X26.3878 Y14.8467
G1 X26.3765 Y14.8628
G1 X26.3297 Y14.9258
G1 X26.3177 Y14.9413
G1 X26.3048 Y14.9562
G1 X26.2521 Y15.0144
G1 X26.2386 Y15.0286
G1 X26.2244 Y15.0421
G1 X26.1662 Y15.0948
G1 X26.1513 Y15.1077
G1 X26.1358 Y15.1197
G1 X26.0728 Y15.1665
G1 X26.0567 Y15.1778
G1 X26.0401 Y15.1883
G1 X25.9728 Y15.2287
G1 X25.9557 Y15.2384
G1 X25.9382 Y15.2472
G1 X25.8672 Y15.2807
G1 X25.8493 Y15.2887
G1 X25.8310 Y15.2958
G1 X25.7570 Y15.3222
G1 X25.7384 Y15.3284
G1 X25.7195 Y15.3336
G1 X25.6433 Y15.3527
G1 X25.6145 Y15.3588
G1 X25.5272 Y15.3719
G1 X25.5077 Y15.3743
G1 X25.4881 Y15.3757
G1 X25.3999 Y15.3799
G1 X24.3900 Y15.3800
G1 X24.3704 Y15.3796
G1 X24.2920 Y15.3757
G1 X24.2724 Y15.3743
G1 X24.2529 Y15.3719
G1 X24.1753 Y15.3603
G1 X24.1559 Y15.3570
G1 X24.1368 Y15.3527
G1 X24.0606 Y15.3336
G1 X24.0417 Y15.3284
G1 X24.0231 Y15.3222
G1 X23.9491 Y15.2958
G1 X23.9218 Y15.2848
G1 X23.8419 Y15.2472
G1 X23.8244 Y15.2384
G1 X23.8073 Y15.2287
G1 X23.7400 Y15.1883
G1 X23.7234 Y15.1778
G1 X23.7073 Y15.1665
G1 X23.6443 Y15.1197
G1 X23.6288 Y15.1077
G1 X23.6139 Y15.0948
G1 X23.5557 Y15.0421
G1 X23.5415 Y15.0286
G1 X23.5280 Y15.0144
G1 X23.4753 Y14.9562
G1 X23.4624 Y14.9413
G1 X23.4504 Y14.9258
G1 X23.4036 Y14.8628
G1 X23.3923 Y14.8467
G1 X23.3818 Y14.8301
G1 X23.3414 Y14.7628
G1 X23.3317 Y14.7457
G1 X23.3229 Y14.7282
G1 X23.2894 Y14.6572
G1 X23.2814 Y14.6393
G1 X23.2743 Y14.6210
G1 X23.2479 Y14.5470
G1 X23.2417 Y14.5284
G1 X23.2365 Y14.5095
G1 X23.2151 Y14.4238
G1 X23.2098 Y14.3948
G1 X23.1982 Y14.3172
G1 X23.1958 Y14.2977
G1 X23.1944 Y14.2781
G1 X23.1905 Y14.1997
G1 X23.1902 Y14.1702
G1 X23.1950 Y14.0722
G1 X23.1982 Y14.0429
G1 X23.2098 Y13.9653
G1 X23.2131 Y13.9459
G1 X23.2174 Y13.9268
G1 X23.2365 Y13.8506
G1 X23.2417 Y13.8317
G1 X23.2479 Y13.8131
G1 X23.2743 Y13.7391
G1 X23.2814 Y13.7208
G1 X23.2894 Y13.7029
G1 X23.3229 Y13.6319
G1 X23.3317 Y13.6144
G1 X23.3414 Y13.5973
G1 X23.3818 Y13.5300
G1 X23.3923 Y13.5134
G1 X23.4036 Y13.4973
G1 X23.4504 Y13.4343
G1 X23.4688 Y13.4113
G1 X23.5347 Y13.3385
G1 X23.5557 Y13.3180
G1 X23.6139 Y13.2653
G1 X23.6288 Y13.2524
G1 X23.6443 Y13.2404
G1 X23.7153 Y13.1878
G1 X23.7400 Y13.1718
G1 X23.8073 Y13.1314
G1 X23.8331 Y13.1172
G1 X23.9218 Y13.0753
G1 X23.9399 Y13.0677
G1 X23.9898 Y13.0498
G1 X23.9898 Y11.4603
G1 X23.9399 Y11.4424
G1 X23.9218 Y11.4348
G1 X23.8419 Y11.3972
G1 X23.8158 Y11.3836
G1 X23.7400 Y11.3383
G1 X23.7234 Y11.3278
G1 X23.7073 Y11.3165
G1 X23.6443 Y11.2697
G1 X23.6213 Y11.2513
G1 X23.5557 Y11.1921
G1 X23.5415 Y11.1786
G1 X23.5280 Y11.1644
G1 X23.4753 Y11.1062
G1 X23.4624 Y11.0913
G1 X23.4504 Y11.0758
G1 X23.4036 Y11.0128
G1 X23.3923 Y10.9967
G1 X23.3818 Y10.9801
G1 X23.3414 Y10.9128
G1 X23.3272 Y10.8870
G1 X23.2894 Y10.8072
G1 X23.2814 Y10.7893
G1 X23.2743 Y10.7710
G1 X23.2479 Y10.6970
G1 X23.2417 Y10.6784
G1 X23.2365 Y10.6595
G1 X23.2174 Y10.5833
G1 X23.2131 Y10.5642
G1 X23.2098 Y10.5448
G1 X23.1982 Y10.4672
G1 X23.1950 Y10.4379
G1 X23.1905 Y10.3497
G1 X23.1901 Y10.3300
G1 X23.1905 Y10.3104
G1 X23.1944 Y10.2320
G1 X23.1969 Y10.2027
G1 X23.2098 Y10.1153
G1 X23.2151 Y10.0863
G1 X23.2390 Y9.9911
G1 X23.2447 Y9.9723
G1 X23.2484 Y9.9616
G1 X22.0172 Y8.7303
G1 X-2.1466 Y8.7303
G1 X-1.4071 Y9.4698
G1 X-0.5370 Y9.4698
G1 X-0.5136 Y9.4488
G1 X-0.4984 Y9.4363
G1 X-0.4276 Y9.3836
G1 X-0.4033 Y9.3669
G1 X-0.3276 Y9.3214
G1 X-0.3105 Y9.3117
G1 X-0.2930 Y9.3029
G1 X-0.2131 Y9.2653
G1 X-0.1857 Y9.2543
G1 X-0.1118 Y9.2279
G1 X-0.0932 Y9.2217
G1 X-0.0743 Y9.2165
G1 X0.0019 Y9.1974
G1 X0.0211 Y9.1931
G1 X0.0404 Y9.1898
G1 X0.1181 Y9.1782
G1 X0.1473 Y9.1750
G1 X0.2355 Y9.1705
G1 X0.2552 Y9.1701
G1 X1.2650 Y9.1702
G1 X1.3532 Y9.1744
G1 X1.3728 Y9.1758
G1 X1.3923 Y9.1782
G1 X1.4699 Y9.1898
G1 X1.4989 Y9.1951
G1 X1.5941 Y9.2190
G1 X1.6221 Y9.2279
G1 X1.6961 Y9.2543
G1 X1.7144 Y9.2614
G1 X1.7323 Y9.2694
G1 X1.8033 Y9.3029
G1 X1.8208 Y9.3117
G1 X1.8379 Y9.3214
G1 X1.9053 Y9.3618
G1 X1.9218 Y9.3723
G1 X1.9379 Y9.3836
G1 X2.0010 Y9.4304
G1 X2.0164 Y9.4424
G1 X2.0313 Y9.4553
G1 X2.0895 Y9.5080
G1 X2.1037 Y9.5215
G1 X2.1172 Y9.5357
G1 X2.1700 Y9.5939
G1 X2.1828 Y9.6088
G1 X2.1949 Y9.6243
G1 X2.2416 Y9.6873
G1 X2.2529 Y9.7034
G1 X2.2634 Y9.7200
G1 X2.3087 Y9.7958
G1 X2.3223 Y9.8219
G1 X2.3559 Y9.8929
G1 X2.3638 Y9.9108
G1 X2.3709 Y9.9291
G1 X2.3973 Y10.0031
G1 X2.4062 Y10.0311
G1 X2.4301 Y10.1263
G1 X2.4355 Y10.1553
G1 X2.4483 Y10.2427
G1 X2.4508 Y10.2720
G1 X2.4547 Y10.3504
G1 X2.4552 Y10.3700
G1 X2.4547 Y10.3897
G1 X2.4502 Y10.4779
G1 X2.4470 Y10.5072
G1 X2.4355 Y10.5848
G1 X2.4321 Y10.6042
G1 X2.4278 Y10.6233
G1 X2.4087 Y10.6995
G1 X2.4035 Y10.7184
G1 X2.3973 Y10.7370
G1 X2.3709 Y10.8110
G1 X2.3638 Y10.8293
G1 X2.3559 Y10.8472
G1 X2.3180 Y10.9270
G1 X2.3038 Y10.9528
G1 X2.2634 Y11.0201
G1 X2.2529 Y11.0367
G1 X2.2416 Y11.0528
G1 X2.1949 Y11.1158
G1 X2.1828 Y11.1313
G1 X2.1700 Y11.1462
G1 X2.1172 Y11.2044
G1 X2.1037 Y11.2186
G1 X2.0895 Y11.2321
G1 X2.0239 Y11.2913
G1 X2.0010 Y11.3097
G1 X1.9379 Y11.3565
G1 X1.9218 Y11.3678
G1 X1.9053 Y11.3783
G1 X1.8294 Y11.4236
G1 X1.8033 Y11.4372
G1 X1.7234 Y11.4748
G1 X1.7053 Y11.4824
G1 X1.6554 Y11.5003
G1 X1.6554 Y13.0480
G1 X1.7010 Y13.0643
G1 X1.7193 Y13.0714
G1 X1.7372 Y13.0794
G1 X1.8170 Y13.1172
G1 X1.8428 Y13.1314
G1 X1.9185 Y13.1769
G1 X1.9428 Y13.1936
G1 X2.0058 Y13.2404
G1 X2.0213 Y13.2524
G1 X2.0362 Y13.2653
G1 X2.1016 Y13.3247
G1 X2.1221 Y13.3457
G1 X2.1748 Y13.4039
G1 X2.1877 Y13.4188
G1 X2.1997 Y13.4343
G1 X2.2465 Y13.4973
G1 X2.2578 Y13.5134
G1 X2.2683 Y13.5300
G1 X2.3087 Y13.5973
G1 X2.3184 Y13.6144
G1 X2.3272 Y13.6319
G1 X2.3648 Y13.7118
G1 X2.3758 Y13.7391
G1 X2.4022 Y13.8131
G1 X2.4084 Y13.8317
G1 X2.4136 Y13.8506
G1 X2.4327 Y13.9268
G1 X2.4370 Y13.9459
G1 X2.4403 Y13.9653
G1 X2.4519 Y14.0429
G1 X2.4543 Y14.0624
G1 X2.4557 Y14.0820
G1 X2.4596 Y14.1604
G1 X2.4600 Y14.1800
G1 X2.4596 Y14.1997
G1 X2.4557 Y14.2781
G1 X2.4543 Y14.2977
G1 X2.4519 Y14.3172
G1 X2.4403 Y14.3948
G1 X2.4370 Y14.4142
G1 X2.4327 Y14.4333
G1 X2.4136 Y14.5095
G1 X2.4084 Y14.5284
G1 X2.4022 Y14.5470
G1 X2.3758 Y14.6210
G1 X2.3687 Y14.6393
G1 X2.3607 Y14.6572
G1 X2.3272 Y14.7282
G1 X2.3184 Y14.7457
G1 X2.3087 Y14.7628
G1 X2.2683 Y14.8301
G1 X2.2578 Y14.8467
G1 X2.2465 Y14.8628
G1 X2.1997 Y14.9258
G1 X2.1877 Y14.9413
G1 X2.1748 Y14.9562
G1 X2.1221 Y15.0144
G1 X2.1086 Y15.0286
G1 X2.0944 Y15.0421
G1 X2.0288 Y15.1013
G1 X2.0058 Y15.1197
G1 X1.9428 Y15.1665
G1 X1.9267 Y15.1778
G1 X1.9101 Y15.1883
G1 X1.8428 Y15.2287
G1 X1.8170 Y15.2429
G1 X1.7283 Y15.2848
G1 X1.7010 Y15.2958
G1 X1.6178 Y15.3254
G1 X1.5895 Y15.3336
G1 X1.5133 Y15.3527
G1 X1.4942 Y15.3570
G1 X1.4748 Y15.3603
G1 X1.3972 Y15.3719
G1 X1.3777 Y15.3743
G1 X1.3581 Y15.3757
G1 X1.2699 Y15.3799
G1 X0.2600 Y15.3800
G1 X0.2404 Y15.3796
G1 X0.1620 Y15.3757
G1 X0.1327 Y15.3732
G1 X0.0453 Y15.3603
G1 X0.0259 Y15.3570
G1 X0.0068 Y15.3527
G1 X-0.0694 Y15.3336
G1 X-0.0977 Y15.3254
G1 X-0.1901 Y15.2924
G1 X-0.2171 Y15.2807
G1 X-0.2881 Y15.2472
G1 X-0.3056 Y15.2384
G1 X-0.3227 Y15.2287
G1 X-0.3900 Y15.1883
G1 X-0.4066 Y15.1778
G1 X-0.4227 Y15.1665
G1 X-0.4857 Y15.1197
G1 X-0.5012 Y15.1077
G1 X-0.5161 Y15.0948
G1 X-0.5743 Y15.0421
G1 X-0.5885 Y15.0286
G1 X-0.6020 Y15.0144
G1 X-0.6547 Y14.9562
G1 X-0.6676 Y14.9413
G1 X-0.6796 Y14.9258
G1 X-0.7264 Y14.8628
G1 X-0.7377 Y14.8467
G1 X-0.7482 Y14.8301
G1 X-0.7886 Y14.7628
G1 X-0.7983 Y14.7457
G1 X-0.8071 Y14.7282
G1 X-0.8406 Y14.6572
G1 X-0.8523 Y14.6302
G1 X-0.8821 Y14.5470
G1 X-0.8883 Y14.5284
G1 X-0.8935 Y14.5095
G1 X-0.9126 Y14.4333
G1 X-0.9169 Y14.4142
G1 X-0.9202 Y14.3948
G1 X-0.9318 Y14.3172
G1 X-0.9350 Y14.2879
G1 X-0.9395 Y14.1997
G1 X-0.9399 Y14.1800
G1 X-0.9395 Y14.1604
G1 X-0.9350 Y14.0722
G1 X-0.9318 Y14.0429
G1 X-0.9202 Y13.9653
G1 X-0.9169 Y13.9459
G1 X-0.9126 Y13.9268
G1 X-0.8935 Y13.8506
G1 X-0.8883 Y13.8317
G1 X-0.8821 Y13.8131
G1 X-0.8557 Y13.7391
G1 X-0.8486 Y13.7208
G1 X-0.8406 Y13.7029
G1 X-0.8071 Y13.6319
G1 X-0.7983 Y13.6144
G1 X-0.7886 Y13.5973
G1 X-0.7431 Y13.5216
G1 X-0.7264 Y13.4973
G1 X-0.6796 Y13.4343
G1 X-0.6676 Y13.4188
G1 X-0.6547 Y13.4039
G1 X-0.6020 Y13.3457
G1 X-0.5885 Y13.3315
G1 X-0.5743 Y13.3180
G1 X-0.5161 Y13.2653
G1 X-0.4936 Y13.2463
G1 X-0.4227 Y13.1936
G1 X-0.4066 Y13.1823
G1 X-0.3900 Y13.1718
G1 X-0.3142 Y13.1265
G1 X-0.2881 Y13.1129
G1 X-0.2082 Y13.0753
G1 X-0.1901 Y13.0677
G1 X-0.1451 Y13.0515
G1 X-0.1451 Y11.5003
G1 X-0.1949 Y11.4824
G1 X-0.2131 Y11.4748
G1 X-0.3018 Y11.4329
G1 X-0.3276 Y11.4187
G1 X-0.3949 Y11.3783
G1 X-0.4196 Y11.3623
G1 X-0.4984 Y11.3038
G1 X-0.5136 Y11.2913
G1 X-0.5370 Y11.2703
G1 X-1.7800 Y11.2703
G1 X-1.7996 Y11.2698
G1 X-1.8584 Y11.2668
G1 X-1.8877 Y11.2636
G1 X-1.9362 Y11.2564
G1 X-1.9556 Y11.2530
G1 X-1.9747 Y11.2487
G1 X-2.0224 Y11.2368
G1 X-2.0506 Y11.2286
G1 X-2.1153 Y11.2054
G1 X-2.1424 Y11.1938
G1 X-2.1868 Y11.1728
G1 X-2.2043 Y11.1640
G1 X-2.2214 Y11.1543
G1 X-2.2641 Y11.1287
G1 X-2.2883 Y11.1129
G1 X-2.3356 Y11.0780
G1 X-2.3511 Y11.0660
G1 X-2.3659 Y11.0531
G1 X-2.4023 Y11.0202
G1 X-2.4165 Y11.0066
G1 X-4.6928 Y8.7303
G1 X-17.0200 Y8.7303
G1 X-17.0396 Y8.7298
G1 X-17.0886 Y8.7274
G1 X-17.1082 Y8.7260
G1 X-17.1277 Y8.7236
G1 X-17.1859 Y8.7148
G1 X-17.2147 Y8.7087
G1 X-17.2624 Y8.6968
G1 X-17.2813 Y8.6915
G1 X-17.2999 Y8.6854
G1 X-17.3461 Y8.6688
G1 X-17.3645 Y8.6618
G1 X-17.3824 Y8.6538
G1 X-17.4268 Y8.6328
G1 X-17.4443 Y8.6240
G1 X-17.4614 Y8.6143
G1 X-17.5041 Y8.5887
G1 X-17.5283 Y8.5729
G1 X-17.5756 Y8.5380
G1 X-17.5911 Y8.5260
G1 X-17.6059 Y8.5131
G1 X-17.6440 Y8.4786
G1 X-17.6565 Y8.4666
G1 X-19.9728 Y6.1503
G1 X-30.0866 Y6.1503
G1 X-29.6468 Y6.5900
G1 X-29.2200 Y6.5901
G1 X-29.2003 Y6.5905
G1 X-29.1121 Y6.5950
G1 X-29.0828 Y6.5982
G1 X-29.0052 Y6.6098
G1 X-28.9858 Y6.6131
G1 X-28.9667 Y6.6174
G1 X-28.8810 Y6.6390
G1 X-28.8530 Y6.6479
G1 X-28.7790 Y6.6743
G1 X-28.7607 Y6.6814
G1 X-28.7428 Y6.6894
G1 X-28.6718 Y6.7229
G1 X-28.6543 Y6.7317
G1 X-28.6372 Y6.7414
G1 X-28.5699 Y6.7818
G1 X-28.5533 Y6.7923
G1 X-28.5372 Y6.8036
G1 X-28.4742 Y6.8504
G1 X-28.4587 Y6.8624
G1 X-28.4438 Y6.8753
G1 X-28.3856 Y6.9280
G1 X-28.3714 Y6.9415
G1 X-28.3579 Y6.9557
G1 X-28.3052 Y7.0139
G1 X-28.2923 Y7.0288
G1 X-28.2803 Y7.0443
G1 X-28.2335 Y7.1073
G1 X-28.2222 Y7.1234
G1 X-28.2117 Y7.1400
G1 X-28.1713 Y7.2073
G1 X-28.1616 Y7.2244
G1 X-28.1528 Y7.2419
G1 X-28.1193 Y7.3129
G1 X-28.1113 Y7.3308
G1 X-28.1042 Y7.3491
G1 X-28.0778 Y7.4231
G1 X-28.0716 Y7.4417
G1 X-28.0664 Y7.4606
G1 X-28.0473 Y7.5368
G1 X-28.0430 Y7.5559
G1 X-28.0397 Y7.5753
G1 X-28.0281 Y7.6529
G1 X-28.0249 Y7.6822
G1 X-28.0204 Y7.7704
G1 X-28.0200 Y7.7900
G1 X-28.0204 Y7.8097
G1 X-28.0243 Y7.8881
G1 X-28.0257 Y7.9077
G1 X-28.0281 Y7.9272
G1 X-28.0397 Y8.0048
G1 X-28.0430 Y8.0242
G1 X-28.0473 Y8.0433
G1 X-28.0664 Y8.1195
G1 X-28.0716 Y8.1384
G1 X-28.0783 Y8.1585
G1 X-26.9417 Y9.2952
G1 X-26.8871 Y9.2694
G1 X-26.8601 Y9.2577
G1 X-26.7769 Y9.2279
G1 X-26.7489 Y9.2190
G1 X-26.6632 Y9.1974
G1 X-26.6344 Y9.1913
G1 X-26.5373 Y9.1769
G1 X-26.5080 Y9.1744
G1 X-26.4296 Y9.1705
G1 X-26.4100 Y9.1701
G1 X-25.4001 Y9.1702
G1 X-25.3119 Y9.1744
G1 X-25.2923 Y9.1758
G1 X-25.2728 Y9.1782
G1 X-25.1855 Y9.1913
G1 X-25.1567 Y9.1974
G1 X-25.0805 Y9.2165
G1 X-25.0616 Y9.2217
G1 X-25.0430 Y9.2279
G1 X-24.9690 Y9.2543
G1 X-24.9507 Y9.2614
G1 X-24.9328 Y9.2694
G1 X-24.8618 Y9.3029
G1 X-24.8443 Y9.3117
G1 X-24.8272 Y9.3214
G1 X-24.7599 Y9.3618
G1 X-24.7433 Y9.3723
G1 X-24.7272 Y9.3836
G1 X-24.6642 Y9.4304
G1 X-24.6487 Y9.4424
G1 X-24.6338 Y9.4553
G1 X-24.5756 Y9.5080
G1 X-24.5614 Y9.5215
G1 X-24.5479 Y9.5357
G1 X-24.4952 Y9.5939
G1 X-24.4823 Y9.6088
G1 X-24.4703 Y9.6243
G1 X-24.4235 Y9.6873
G1 X-24.4068 Y9.7116
G1 X-24.3613 Y9.7873
G1 X-24.3516 Y9.8044
G1 X-24.3428 Y9.8219
G1 X-24.3093 Y9.8929
G1 X-24.3013 Y9.9108
G1 X-24.2942 Y9.9291
G1 X-24.2678 Y10.0031
G1 X-24.2616 Y10.0217
G1 X-24.2564 Y10.0406
G1 X-24.2373 Y10.1168
G1 X-24.2330 Y10.1359
G1 X-24.2297 Y10.1553
G1 X-24.2181 Y10.2329
G1 X-24.2157 Y10.2524
G1 X-24.2143 Y10.2720
G1 X-24.2104 Y10.3504
G1 X-24.2100 Y10.3700
G1 X-24.2104 Y10.3897
G1 X-24.2143 Y10.4681
G1 X-24.2157 Y10.4877
G1 X-24.2181 Y10.5072
G1 X-24.2297 Y10.5848
G1 X-24.2330 Y10.6042
G1 X-24.2373 Y10.6233
G1 X-24.2589 Y10.7090
G1 X-24.2678 Y10.7370
G1 X-24.2942 Y10.8110
G1 X-24.3052 Y10.8383
G1 X-24.3471 Y10.9270
G1 X-24.3613 Y10.9528
G1 X-24.4017 Y11.0201
G1 X-24.4122 Y11.0367
G1 X-24.4235 Y11.0528
G1 X-24.4703 Y11.1158
G1 X-24.4823 Y11.1313
G1 X-24.4952 Y11.1462
G1 X-24.5479 Y11.2044
G1 X-24.5614 Y11.2186
G1 X-24.5756 Y11.2321
G1 X-24.6338 Y11.2848
G1 X-24.6487 Y11.2977
G1 X-24.6642 Y11.3097
G1 X-24.7272 Y11.3565
G1 X-24.7433 Y11.3678
G1 X-24.7599 Y11.3783
G1 X-24.8272 Y11.4187
G1 X-24.8443 Y11.4284
G1 X-24.8618 Y11.4372
G1 X-24.9328 Y11.4707
G1 X-24.9507 Y11.4787
G1 X-24.9690 Y11.4858
G1 X-25.0430 Y11.5122
G1 X-25.0616 Y11.5184
G1 X-25.0805 Y11.5236
G1 X-25.1567 Y11.5427
G1 X-25.1758 Y11.5470
G1 X-25.1952 Y11.5503
G1 X-25.2826 Y11.5632
G1 X-25.3119 Y11.5657
G1 X-25.3903 Y11.5696
G1 X-25.4100 Y11.5700
G1 X-26.4100 Y11.5700
G1 X-26.4296 Y11.5696
G1 X-26.5080 Y11.5657
G1 X-26.5276 Y11.5643
G1 X-26.5471 Y11.5619
G1 X-26.6247 Y11.5503
G1 X-26.6441 Y11.5470
G1 X-26.6632 Y11.5427
G1 X-26.7394 Y11.5236
G1 X-26.7583 Y11.5184
G1 X-26.7769 Y11.5122
G1 X-26.8509 Y11.4858
G1 X-26.8782 Y11.4748
G1 X-26.9581 Y11.4372
G1 X-26.9756 Y11.4284
G1 X-26.9927 Y11.4187
G1 X-27.0684 Y11.3732
G1 X-27.0927 Y11.3565
G1 X-27.1636 Y11.3038
G1 X-27.1787 Y11.2913
G1 X-27.2051 Y11.2676
G1 X-27.2282 Y11.2660
G1 X-27.2477 Y11.2636
G1 X-27.3059 Y11.2548
G1 X-27.3252 Y11.2510
G1 X-27.3824 Y11.2368
G1 X-27.4013 Y11.2315
G1 X-27.4199 Y11.2254
G1 X-27.4753 Y11.2054
G1 X-27.4935 Y11.1979
G1 X-27.5468 Y11.1728
G1 X-27.5643 Y11.1640
G1 X-27.5814 Y11.1543
G1 X-27.6235 Y11.1291
G1 X-27.6398 Y11.1188
G1 X-27.6562 Y11.1073
G1 X-27.6956 Y11.0780
G1 X-27.7111 Y11.0660
G1 X-27.7259 Y11.0531
G1 X-27.7623 Y11.0202
G1 X-27.7765 Y11.0066
G1 X-29.7931 Y8.9900
G1 X-30.2200 Y8.9900
G1 X-30.2396 Y8.9896
G1 X-30.3180 Y8.9857
G1 X-30.3376 Y8.9843
G1 X-30.3571 Y8.9819
G1 X-30.4347 Y8.9703
G1 X-30.4637 Y8.9650
G1 X-30.5589 Y8.9411
G1 X-30.5869 Y8.9322
G1 X-30.6609 Y8.9058
G1 X-30.6792 Y8.8987
G1 X-30.6971 Y8.8907
G1 X-30.7769 Y8.8529
G1 X-30.8027 Y8.8387
G1 X-30.8700 Y8.7983
G1 X-30.8866 Y8.7878
G1 X-30.9027 Y8.7765
G1 X-30.9657 Y8.7297
G1 X-30.9812 Y8.7177
G1 X-30.9961 Y8.7048
G1 X-31.0543 Y8.6521
G1 X-31.0685 Y8.6386
G1 X-31.0820 Y8.6244
G1 X-31.1347 Y8.5662
G1 X-31.1476 Y8.5513
G1 X-31.1596 Y8.5358
G1 X-31.2064 Y8.4728
G1 X-31.2177 Y8.4567
G1 X-31.2282 Y8.4401
G1 X-31.2686 Y8.3728
G1 X-31.2783 Y8.3557
G1 X-31.2871 Y8.3382
G1 X-31.3206 Y8.2672
G1 X-31.3286 Y8.2493
G1 X-31.3357 Y8.2310
G1 X-31.3621 Y8.1570
G1 X-31.3710 Y8.1290
G1 X-31.3926 Y8.0433
G1 X-31.3969 Y8.0242
G1 X-31.4002 Y8.0048
G1 X-31.4118 Y7.9272
G1 X-31.4142 Y7.9077
G1 X-31.4156 Y7.8881
G1 X-31.4195 Y7.8097
G1 X-31.4198 Y7.7802
G1 X-31.4156 Y7.6920
G1 X-31.4142 Y7.6724
G1 X-31.4118 Y7.6529
G1 X-31.3987 Y7.5656
G1 X-31.3926 Y7.5368
G1 X-31.3735 Y7.4606
G1 X-31.3683 Y7.4417
G1 X-31.3616 Y7.4216
G1 X-32.6328 Y6.1503
G1 X-33.5078 Y6.1503
G1 X-33.5312 Y6.1713
G1 X-33.5463 Y6.1838
G1 X-33.6172 Y6.2365
G1 X-33.6415 Y6.2532
G1 X-33.7172 Y6.2987
G1 X-33.7343 Y6.3084
G1 X-33.7518 Y6.3172
G1 X-33.8317 Y6.3548
G1 X-33.8590 Y6.3658
G1 X-33.9330 Y6.3922
G1 X-33.9516 Y6.3984
G1 X-33.9705 Y6.4036
G1 X-34.0467 Y6.4227
G1 X-34.0658 Y6.4270
G1 X-34.0852 Y6.4303
G1 X-34.1726 Y6.4432
G1 X-34.2019 Y6.4457
G1 X-34.2803 Y6.4496
G1 X-34.3000 Y6.4500
G1 X-35.3000 Y6.4500
G1 X-35.3196 Y6.4496
G1 X-35.3980 Y6.4457
G1 X-35.4176 Y6.4443
G1 X-35.4371 Y6.4419
G1 X-35.5147 Y6.4303
G1 X-35.5341 Y6.4270
G1 X-35.5532 Y6.4227
G1 X-35.6294 Y6.4036
G1 X-35.6483 Y6.3984
G1 X-35.6669 Y6.3922
G1 X-35.7501 Y6.3624
G1 X-35.7771 Y6.3507
G1 X-35.8481 Y6.3172
G1 X-35.8656 Y6.3084
G1 X-35.8827 Y6.2987
G1 X-35.9584 Y6.2532
G1 X-35.9827 Y6.2365
G1 X-36.0536 Y6.1838
G1 X-36.0687 Y6.1713
G1 X-36.0921 Y6.1503
G1 X-39.9200 Y6.1503
G1 X-39.9396 Y6.1498
G1 X-39.9886 Y6.1474
G1 X-40.0082 Y6.1460
G1 X-40.0277 Y6.1436
G1 X-40.0762 Y6.1364
G1 X-40.1052 Y6.1310
G1 X-40.1719 Y6.1143
G1 X-40.1999 Y6.1054
G1 X-40.2461 Y6.0888
G1 X-40.2645 Y6.0818
G1 X-40.2824 Y6.0738
G1 X-40.3268 Y6.0528
G1 X-40.3529 Y6.0393
G1 X-40.4035 Y6.0091
G1 X-40.4198 Y5.9988
G1 X-40.4362 Y5.9873
G1 X-40.4756 Y5.9580
G1 X-40.4911 Y5.9460
G1 X-40.5059 Y5.9331
G1 X-40.5423 Y5.9002
G1 X-40.5565 Y5.8866
G1 X-41.2431 Y5.2000
G1 X-41.6500 Y5.2000
G1 X-41.6696 Y5.1996
G1 X-41.7480 Y5.1957
G1 X-41.7676 Y5.1943
G1 X-41.7871 Y5.1919
G1 X-41.8647 Y5.1803
G1 X-41.8937 Y5.1750
G1 X-41.9889 Y5.1511
G1 X-42.0169 Y5.1422
G1 X-42.0909 Y5.1158
G1 X-42.1092 Y5.1087
G1 X-42.1271 Y5.1007
G1 X-42.1981 Y5.0672
G1 X-42.2156 Y5.0584
G1 X-42.2327 Y5.0487
G1 X-42.3000 Y5.0083
G1 X-42.3166 Y4.9978
G1 X-42.3327 Y4.9865
G1 X-42.3957 Y4.9397
G1 X-42.4187 Y4.9213
G1 X-42.4915 Y4.8554
G1 X-42.5120 Y4.8344
G1 X-42.5647 Y4.7762
G1 X-42.5776 Y4.7613
G1 X-42.5896 Y4.7458
G1 X-42.6422 Y4.6748
G1 X-42.6582 Y4.6501
G1 X-42.6986 Y4.5828
G1 X-42.7083 Y4.5657
G1 X-42.7171 Y4.5482
G1 X-42.7506 Y4.4772
G1 X-42.7586 Y4.4593
G1 X-42.7657 Y4.4410
G1 X-42.7921 Y4.3670
G1 X-42.7983 Y4.3484
G1 X-42.8035 Y4.3295
G1 X-42.8226 Y4.2533
G1 X-42.8269 Y4.2342
G1 X-42.8302 Y4.2148
G1 X-42.8418 Y4.1372
G1 X-42.8442 Y4.1177
G1 X-42.8456 Y4.0981
G1 X-42.8495 Y4.0197
G1 X-42.8499 Y4.0000
G1 X-42.8495 Y3.9804
G1 X-42.8456 Y3.9020
G1 X-42.8442 Y3.8824
G1 X-42.8418 Y3.8629
G1 X-42.8302 Y3.7853
G1 Z2.0000
G1 X-42.6087 Y3.2800
G1 F60.00
G1 Z0.3
G1 F120.00
G1 X-46.9999 Y3.2800
G1 X-46.9999 Y2.8000
G1 X-39.9275 Y2.8000
G1 X-39.6912 Y3.2800
G1 X-39.4485 Y3.2800
G1 Z2.0000
G1 X-39.4743 Y3.7600
G1 F60.00
G1 Z0.3
G1 F120.00
G1 X-39.2644 Y3.7600
G1 Z2.0000
G1 X-39.4742 Y4.2400
G1 F60.00
G1 Z0.3
G1 F120.00
G1 X-35.9471 Y4.2400
G1 Z2.0000
G1 X-42.5250 Y2.3200
G1 F60.00
G1 Z0.3
G1 F120.00
G1 X-46.9999 Y2.3200
G1 X-46.9999 Y1.8400
G1 X-42.8007 Y1.8400
G1 Z2.0000
G1 X-42.8413 Y1.3600
G1 F60.00
G1 Z0.3
G1 F120.00
G1 X-46.9999 Y1.3600
G1 X-46.9999 Y0.8800
G1 X-42.6762 Y0.8800
G1 Z2.0000
G1 X-42.1285 Y0.4000
G1 F60.00
G1 Z0.3
G1 F120.00
G1 X-46.9999 Y0.4000
G1 X-46.9999 Y-0.0800
G1 X-42.4203 Y-0.0800
G1 Z2.0000
G1 X-42.7660 Y-0.5600
G1 F60.00
G1 Z0.3
G1 F120.00
G1 X-46.9999 Y-0.5600
G1 X-46.9999 Y-1.0400
G1 X-42.8485 Y-1.0400
G1 Z2.0000
G1 X-42.8302 Y-1.2147
G1 F60.00
G1 Z0.3
G1 F120.00
G1 X-42.8269 Y-1.2341
G1 X-42.8226 Y-1.2532
G1 X-42.8035 Y-1.3294
G1 X-42.7983 Y-1.3483
G1 X-42.7921 Y-1.3669
G1 X-42.7657 Y-1.4409
G1 X-42.7586 Y-1.4592
G1 X-42.7506 Y-1.4771
G1 X-42.7171 Y-1.5481
G1 X-42.7083 Y-1.5656
G1 X-42.6986 Y-1.5827
G1 X-42.6582 Y-1.6500
G1 X-42.6477 Y-1.6666
G1 X-42.6364 Y-1.6827
G1 X-42.5896 Y-1.7457
G1 X-42.5776 Y-1.7612
G1 X-42.5647 Y-1.7761
G1 X-42.5120 Y-1.8343
G1 X-42.4985 Y-1.8485
G1 X-42.4843 Y-1.8620
G1 X-42.4261 Y-1.9147
G1 X-42.4112 Y-1.9276
G1 X-42.3957 Y-1.9396
G1 X-42.3327 Y-1.9864
G1 X-42.3166 Y-1.9977
G1 X-42.3000 Y-2.0082
G1 X-42.2327 Y-2.0486
G1 X-42.2156 Y-2.0583
G1 X-42.1981 Y-2.0671
G1 X-42.1271 Y-2.1006
G1 X-42.1001 Y-2.1123
G1 X-42.0169 Y-2.1421
G1 X-41.9983 Y-2.1483
G1 X-41.9794 Y-2.1535
G1 X-41.9032 Y-2.1726
G1 X-41.8841 Y-2.1769
G1 X-41.8647 Y-2.1802
G1 X-41.7871 Y-2.1918
G1 X-41.7676 Y-2.1942
G1 X-41.7480 Y-2.1956
G1 X-41.6598 Y-2.1998
G1 X-40.6500 Y-2.1999
G1 X-40.6303 Y-2.1995
G1 X-40.5519 Y-2.1956
G1 X-40.5323 Y-2.1942
G1 X-40.5128 Y-2.1918
G1 X-40.4352 Y-2.1802
G1 X-40.4158 Y-2.1769
G1 X-40.3967 Y-2.1726
G1 X-40.3205 Y-2.1535
G1 X-40.2932 Y-2.1456
G1 X-40.1988 Y-2.1709
G1 X-40.0292 Y-2.2412
G1 X-39.8702 Y-2.3330
G1 X-39.7246 Y-2.4447
G1 X-39.5947 Y-2.5745
G1 X-39.4830 Y-2.7202
G1 X-39.3912 Y-2.8792
G1 X-39.3209 Y-3.0488
G1 X-39.2734 Y-3.2261
G1 X-39.2657 Y-3.2837
G1 X-39.2622 Y-3.3032
G1 X-39.2576 Y-3.3225
G1 X-39.2421 Y-3.3766
G1 X-39.2359 Y-3.3949
G1 X-39.2288 Y-3.4128
G1 X-39.2208 Y-3.4304
G1 X-39.2120 Y-3.4476
G1 X-39.1973 Y-3.4726
G1 X-39.1865 Y-3.4886
G1 X-39.1750 Y-3.5040
G1 X-39.1627 Y-3.5189
G1 X-39.1170 Y-3.5717
G1 X-39.1036 Y-3.5864
G1 X-39.0895 Y-3.6004
G1 X-39.0671 Y-3.6200
G1 X-39.0514 Y-3.6322
G1 X-39.0351 Y-3.6436
G1 X-39.0182 Y-3.6541
G1 X-39.0009 Y-3.6638
G1 X-38.9740 Y-3.6766
G1 X-38.9556 Y-3.6841
G1 X-38.9368 Y-3.6906
G1 X-38.8603 Y-3.7132
G1 X-38.8419 Y-3.7182
G1 X-38.8233 Y-3.7222
G1 X-38.7951 Y-3.7266
G1 X-38.7762 Y-3.7284
G1 X-38.7476 Y-3.7294
G1 X-36.3352 Y-3.7294
G1 X-36.3162 Y-3.7290
G1 X-36.2877 Y-3.7266
G1 X-36.2689 Y-3.7239
G1 X-36.2502 Y-3.7203
G1 X-36.2317 Y-3.7158
G1 X-36.1697 Y-3.6992
G1 X-36.1514 Y-3.6938
G1 X-36.1334 Y-3.6876
G1 X-36.1071 Y-3.6767
G1 X-36.0815 Y-3.6639
G1 X-35.9207 Y-3.5712
G1 X-35.7511 Y-3.5009
G1 X-35.6567 Y-3.4756
G1 X-35.6294 Y-3.4835
G1 X-35.5532 Y-3.5026
G1 X-35.5341 Y-3.5069
G1 X-35.5147 Y-3.5102
G1 X-35.4371 Y-3.5218
G1 X-35.4176 Y-3.5242
G1 X-35.3980 Y-3.5256
G1 X-35.3196 Y-3.5295
G1 X-35.3000 Y-3.5299
G1 X-34.3000 Y-3.5299
G1 X-34.2803 Y-3.5295
G1 X-34.2019 Y-3.5256
G1 X-34.1823 Y-3.5242
G1 X-34.1628 Y-3.5218
G1 X-34.0852 Y-3.5102
G1 X-34.0658 Y-3.5069
G1 X-34.0467 Y-3.5026
G1 X-33.9705 Y-3.4835
G1 X-33.9432 Y-3.4756
G1 X-33.8488 Y-3.5009
G1 X-33.6792 Y-3.5712
G1 X-33.5184 Y-3.6639
G1 X-33.4928 Y-3.6767
G1 X-33.4665 Y-3.6876
G1 X-33.4485 Y-3.6938
G1 X-33.4302 Y-3.6992
G1 X-33.3682 Y-3.7158
G1 X-33.3497 Y-3.7203
G1 X-33.3310 Y-3.7239
G1 X-33.3122 Y-3.7266
G1 X-33.2932 Y-3.7284
G1 X-33.2742 Y-3.7293
G1 X-19.5133 Y-3.7294
G1 X-19.3422 Y-3.7565
G1 X-19.1775 Y-3.8101
G1 X-19.0232 Y-3.8887
G1 X-18.8830 Y-3.9905
G1 X-16.9176 Y-5.9560
G1 X-16.9020 Y-5.9707
G1 X-16.8857 Y-5.9846
G1 X-16.8574 Y-6.0073
G1 X-16.8333 Y-6.0243
G1 X-16.8167 Y-6.0347
G1 X-16.7995 Y-6.0442
G1 X-16.7729 Y-6.0569
G1 X-16.7547 Y-6.0642
G1 X-16.7362 Y-6.0707
G1 X-16.6506 Y-6.0958
G1 X-16.6321 Y-6.1003
G1 X-16.6134 Y-6.1039
G1 X-16.5946 Y-6.1066
G1 X-16.5756 Y-6.1084
G1 X-16.5471 Y-6.1094
G1 X0.2401 Y-6.1094
G1 X0.2600 Y-6.1099
G1 X1.2600 Y-6.1099
G1 X1.2800 Y-6.1094
G1 X22.4967 Y-6.1094
G1 X22.6689 Y-6.1367
G1 X22.6880 Y-6.1418
G1 X22.7085 Y-6.1462
G1 X22.7571 Y-6.1540
G1 X22.7675 Y-6.1555
G1 X22.7883 Y-6.1577
G1 X22.8092 Y-6.1588
G1 X25.1540 Y-6.1589
G1 X25.1857 Y-6.1579
G1 X25.2053 Y-6.1564
G1 X25.3919 Y-6.1379
G1 X25.4114 Y-6.1350
G1 X25.4545 Y-6.1265
G1 X25.4829 Y-6.1190
G1 X25.6472 Y-6.0692
G1 X25.6750 Y-6.0596
G1 X25.7066 Y-6.0466
G1 X25.7245 Y-6.0387
G1 X25.7421 Y-6.0298
G1 X25.8934 Y-5.9489
G1 X25.9105 Y-5.9393
G1 X25.9271 Y-5.9288
G1 X25.9554 Y-5.9097
G1 X25.9788 Y-5.8919
G1 X26.1115 Y-5.7830
G1 X26.1335 Y-5.7635
G1 X26.1646 Y-5.7324
G1 X26.1778 Y-5.7179
G1 X26.2930 Y-5.5777
G1 X26.3108 Y-5.5543
G1 X26.3352 Y-5.5177
G1 X26.3453 Y-5.5009
G1 X26.4309 Y-5.3410
G1 X26.4398 Y-5.3234
G1 X26.4477 Y-5.3055
G1 X26.4570 Y-5.2830
G1 X26.4641 Y-5.2647
G1 X26.4703 Y-5.2461
G1 X26.5027 Y-5.1392
G1 X26.5322 Y-5.0569
G1 X26.5411 Y-5.0289
G1 X26.5627 Y-4.9432
G1 X26.5670 Y-4.9241
G1 X26.5703 Y-4.9047
G1 X26.5832 Y-4.8173
G1 X26.5857 Y-4.7880
G1 X26.5896 Y-4.7096
G1 X26.5900 Y-4.6900
G1 X26.5896 Y-4.6703
G1 X26.5857 Y-4.5919
G1 X26.5832 Y-4.5626
G1 X26.5703 Y-4.4752
G1 X26.5670 Y-4.4558
G1 X26.5600 Y-4.4261
G1 X26.5600 Y5.0662
G1 X26.5670 Y5.0959
G1 X26.5703 Y5.1153
G1 X26.5819 Y5.1929
G1 X26.5851 Y5.2222
G1 X26.5896 Y5.3104
G1 X26.5900 Y5.3300
G1 X26.5896 Y5.3497
G1 X26.5857 Y5.4281
G1 X26.5843 Y5.4477
G1 X26.5819 Y5.4672
G1 X26.5703 Y5.5448
G1 X26.5670 Y5.5642
G1 X26.5627 Y5.5833
G1 X26.5436 Y5.6595
G1 X26.5384 Y5.6784
G1 X26.5322 Y5.6970
G1 X26.5058 Y5.7710
G1 X26.4987 Y5.7893
G1 X26.4907 Y5.8072
G1 X26.4572 Y5.8782
G1 X26.4484 Y5.8957
G1 X26.4387 Y5.9128
G1 X26.3983 Y5.9801
G1 X26.3878 Y5.9967
G1 X26.3765 Y6.0128
G1 X26.3297 Y6.0758
G1 X26.3177 Y6.0913
G1 X26.3048 Y6.1062
G1 X26.2521 Y6.1644
G1 X26.2386 Y6.1786
G1 X26.2244 Y6.1921
G1 X26.1662 Y6.2448
G1 X26.1437 Y6.2638
G1 X26.0728 Y6.3165
G1 X26.0567 Y6.3278
G1 X26.0401 Y6.3383
G1 X25.9728 Y6.3787
G1 X25.9557 Y6.3884
G1 X25.9382 Y6.3972
G1 X25.8672 Y6.4307
G1 X25.8493 Y6.4387
G1 X25.8310 Y6.4458
G1 X25.7478 Y6.4754
G1 X25.7195 Y6.4836
G1 X25.6338 Y6.5050
G1 X25.6145 Y6.5088
G1 X25.5550 Y6.5177
G1 X25.4716 Y6.5423
G1 X25.4538 Y6.5467
G1 X25.4114 Y6.5551
G1 X25.3822 Y6.5591
G1 X25.2053 Y6.5765
G1 X25.1857 Y6.5780
G1 X25.1638 Y6.5789
G1 X-16.4976 Y6.5790
G1 X-16.5190 Y6.5785
G1 X-16.5403 Y6.5768
G1 X-16.5667 Y6.5739
G1 X-16.5861 Y6.5713
G1 X-16.6150 Y6.5657
G1 X-16.6340 Y6.5608
G1 X-16.6528 Y6.5549
G1 X-16.6712 Y6.5481
G1 X-16.6893 Y6.5404
G1 X-16.7156 Y6.5273
G1 X-16.7769 Y6.4938
G1 X-16.7934 Y6.4843
G1 X-16.8094 Y6.4740
G1 X-16.8250 Y6.4629
G1 X-16.8399 Y6.4512
G1 X-16.8543 Y6.4387
G1 X-16.8681 Y6.4256
G1 X-18.8830 Y4.4106
G1 X-19.0232 Y4.3088
G1 X-19.1775 Y4.2302
G1 X-19.3422 Y4.1766
G1 X-19.5133 Y4.1495
G1 X-33.2742 Y4.1494
G1 X-33.2932 Y4.1485
G1 X-33.3122 Y4.1467
G1 X-33.3310 Y4.1440
G1 X-33.3497 Y4.1404
G1 X-33.3682 Y4.1359
G1 X-33.4302 Y4.1193
G1 X-33.4485 Y4.1139
G1 X-33.4665 Y4.1077
G1 X-33.4928 Y4.0968
G1 X-33.5184 Y4.0840
G1 X-33.6792 Y3.9913
G1 X-33.8488 Y3.9210
G1 X-33.9432 Y3.8957
G1 X-33.9705 Y3.9036
G1 X-34.0467 Y3.9227
G1 X-34.0658 Y3.9270
G1 X-34.0852 Y3.9303
G1 X-34.1628 Y3.9419
G1 X-34.1823 Y3.9443
G1 X-34.2019 Y3.9457
G1 X-34.2803 Y3.9496
G1 X-34.3000 Y3.9500
G1 X-35.3000 Y3.9500
G1 X-35.3196 Y3.9496
G1 X-35.3980 Y3.9457
G1 X-35.4176 Y3.9443
G1 X-35.4371 Y3.9419
G1 X-35.5147 Y3.9303
G1 X-35.5341 Y3.9270
G1 X-35.5532 Y3.9227
G1 X-35.6294 Y3.9036
G1 X-35.6567 Y3.8957
G1 X-35.7511 Y3.9210
G1 X-35.9207 Y3.9913
G1 X-36.0815 Y4.0840
G1 X-36.1071 Y4.0968
G1 X-36.1334 Y4.1077
G1 X-36.1514 Y4.1139
G1 X-36.1697 Y4.1193
G1 X-36.2317 Y4.1359
G1 X-36.2502 Y4.1404
G1 X-36.2783 Y4.1455
G1 X-36.2972 Y4.1477
G1 X-36.3162 Y4.1491
G1 X-36.3352 Y4.1495
G1 X-38.7583 Y4.1495
G1 X-38.7769 Y4.1491
G1 X-38.7954 Y4.1478
G1 X-38.8431 Y4.1422
G1 X-38.8530 Y4.1407
G1 X-38.8727 Y4.1369
G1 X-38.8825 Y4.1346
G1 X-38.9019 Y4.1293
G1 X-38.9115 Y4.1263
G1 X-38.9304 Y4.1196
G1 X-38.9489 Y4.1119
G1 X-38.9671 Y4.1033
G1 X-38.9848 Y4.0938
G1 X-39.0455 Y4.0592
G1 X-39.0625 Y4.0490
G1 X-39.0790 Y4.0379
G1 X-39.1026 Y4.0198
G1 X-39.1176 Y4.0067
G1 X-39.1319 Y3.9929
G1 X-39.1455 Y3.9785
G1 X-39.1584 Y3.9634
G1 X-39.1705 Y3.9476
G1 X-39.1818 Y3.9313
G1 X-39.1973 Y3.9058
G1 X-39.2253 Y3.8525
G1 X-39.2336 Y3.8374
G1 X-39.2463 Y3.8109
G1 X-39.2536 Y3.7927
G1 X-39.2601 Y3.7741
G1 X-39.2663 Y3.7531
G1 X-39.3210 Y3.5488
G1 X-39.3912 Y3.3793
G1 X-39.4830 Y3.2203
G1 X-39.5947 Y3.0747
G1 X-39.7246 Y2.9448
G1 X-39.8702 Y2.8331
G1 X-40.0292 Y2.7413
G1 X-40.1988 Y2.6710
G1 X-40.2932 Y2.6457
G1 X-40.3205 Y2.6536
G1 X-40.3967 Y2.6727
G1 X-40.4158 Y2.6770
G1 X-40.4352 Y2.6803
G1 X-40.5128 Y2.6919
G1 X-40.5323 Y2.6943
G1 X-40.5519 Y2.6957
G1 X-40.6401 Y2.6999
G1 X-41.6598 Y2.6999
G1 X-41.7480 Y2.6957
G1 X-41.7676 Y2.6943
G1 X-41.7871 Y2.6919
G1 X-41.8647 Y2.6803
G1 X-41.8937 Y2.6750
G1 X-41.9794 Y2.6536
G1 X-41.9983 Y2.6484
G1 X-42.0169 Y2.6422
G1 X-42.0909 Y2.6158
G1 X-42.1092 Y2.6087
G1 X-42.1271 Y2.6007
G1 X-42.1981 Y2.5672
G1 X-42.2156 Y2.5584
G1 X-42.2327 Y2.5487
G1 X-42.3000 Y2.5083
G1 X-42.3166 Y2.4978
G1 X-42.3327 Y2.4865
G1 X-42.3957 Y2.4397
G1 X-42.4112 Y2.4277
G1 X-42.4261 Y2.4148
G1 X-42.4843 Y2.3621
G1 X-42.4985 Y2.3486
G1 X-42.5120 Y2.3344
G1 X-42.5647 Y2.2762
G1 X-42.5776 Y2.2613
G1 X-42.5896 Y2.2458
G1 X-42.6364 Y2.1828
G1 X-42.6477 Y2.1667
G1 X-42.6582 Y2.1501
G1 X-42.6986 Y2.0828
G1 X-42.7128 Y2.0570
G1 X-42.7506 Y1.9772
G1 X-42.7586 Y1.9593
G1 X-42.7657 Y1.9410
G1 X-42.7921 Y1.8670
G1 X-42.7983 Y1.8484
G1 X-42.8035 Y1.8295
G1 X-42.8226 Y1.7533
G1 X-42.8269 Y1.7342
G1 X-42.8302 Y1.7148
G1 X-42.8418 Y1.6372
G1 X-42.8442 Y1.6177
G1 X-42.8456 Y1.5981
G1 X-42.8495 Y1.5197
G1 X-42.8499 Y1.5000
G1 X-42.8495 Y1.4804
G1 X-42.8456 Y1.4020
G1 X-42.8442 Y1.3824
G1 X-42.8418 Y1.3629
G1 X-42.8302 Y1.2853
G1 X-42.8269 Y1.2659
G1 X-42.8226 Y1.2468
G1 X-42.8035 Y1.1706
G1 X-42.7983 Y1.1517
G1 X-42.7921 Y1.1331
G1 X-42.7657 Y1.0591
G1 X-42.7586 Y1.0408
G1 X-42.7506 Y1.0229
G1 X-42.7171 Y0.9519
G1 X-42.7083 Y0.9344
G1 X-42.6986 Y0.9173
G1 X-42.6582 Y0.8500
G1 X-42.6477 Y0.8334
G1 X-42.6364 Y0.8173
G1 X-42.5896 Y0.7543
G1 X-42.5776 Y0.7388
G1 X-42.5647 Y0.7239
G1 X-42.5120 Y0.6657
G1 X-42.4985 Y0.6515
G1 X-42.4843 Y0.6380
G1 X-42.4261 Y0.5853
G1 X-42.4112 Y0.5724
G1 X-42.3957 Y0.5604
G1 X-42.3327 Y0.5136
G1 X-42.3084 Y0.4969
G1 X-42.2327 Y0.4514
G1 X-42.2156 Y0.4417
G1 X-42.1981 Y0.4329
G1 X-42.1182 Y0.3953
G1 X-42.0909 Y0.3843
G1 X-42.0169 Y0.3579
G1 X-41.9983 Y0.3517
G1 X-41.9794 Y0.3465
G1 X-41.9032 Y0.3274
G1 X-41.8841 Y0.3231
G1 X-41.8647 Y0.3198
G1 X-41.7871 Y0.3082
G1 X-41.7676 Y0.3058
G1 X-41.7480 Y0.3044
G1 X-41.6598 Y0.3002
G1 X-41.5500 Y0.3001
G1 X-41.5500 Y0.2000
G1 X-41.6598 Y0.1999
G1 X-41.7578 Y0.1951
G1 X-41.7871 Y0.1919
G1 X-41.8744 Y0.1788
G1 X-41.9032 Y0.1727
G1 X-41.9794 Y0.1536
G1 X-41.9983 Y0.1484
G1 X-42.0169 Y0.1422
G1 X-42.0909 Y0.1158
G1 X-42.1092 Y0.1087
G1 X-42.1271 Y0.1007
G1 X-42.1981 Y0.0672
G1 X-42.2156 Y0.0584
G1 X-42.2327 Y0.0487
G1 X-42.3000 Y0.0083
G1 X-42.3166 Y-0.0022
G1 X-42.3327 Y-0.0135
G1 X-42.3957 Y-0.0603
G1 X-42.4112 Y-0.0723
G1 X-42.4261 Y-0.0852
G1 X-42.4843 Y-0.1379
G1 X-42.5053 Y-0.1584
G1 X-42.5647 Y-0.2238
G1 X-42.5776 Y-0.2387
G1 X-42.5896 Y-0.2542
G1 X-42.6364 Y-0.3172
G1 X-42.6477 Y-0.3333
G1 X-42.6582 Y-0.3499
G1 X-42.6986 Y-0.4172
G1 X-42.7083 Y-0.4343
G1 X-42.7171 Y-0.4518
G1 X-42.7506 Y-0.5228
G1 X-42.7586 Y-0.5407
G1 X-42.7657 Y-0.5590
G1 X-42.7921 Y-0.6330
G1 X-42.8010 Y-0.6610
G1 X-42.8226 Y-0.7467
G1 X-42.8287 Y-0.7755
G1 X-42.8431 Y-0.8726
G1 X-42.8456 Y-0.9019
G1 X-42.8498 Y-0.9901
G1 X-42.8495 Y-1.0196
G1 X-42.8456 Y-1.0980
G1 X-42.8442 Y-1.1176
G1 X-42.8418 Y-1.1371
G1 X-42.8302 Y-1.2147
G1 Z2.0000
G1 X-42.7304 Y-1.5200
G1 F60.00
G1 Z0.3
G1 F120.00
G1 X-46.9999 Y-1.5200
G1 X-46.9999 Y-2.0000
G1 X-42.3131 Y-2.0000
G1 Z2.0000
G1 X-42.2806 Y-2.4800
G1 F60.00
G1 Z0.3
G1 F120.00
G1 X-46.9999 Y-2.4800
G1 X-46.9999 Y-2.9600
G1 X-42.7210 Y-2.9600
G1 Z2.0000
G1 X-42.8475 Y-3.4400
G1 F60.00
G1 Z0.3
G1 F120.00
G1 X-46.9999 Y-3.4400
G1 X-46.9999 Y-3.9200
G1 X-42.7731 Y-3.9200
G1 Z2.0000
G1 X-42.8302 Y-3.7147
G1 F60.00
G1 Z0.3
G1 F120.00
G1 X-42.8249 Y-3.7437
G1 X-42.8010 Y-3.8389
G1 X-42.7921 Y-3.8669
G1 X-42.7623 Y-3.9501
G1 X-42.7506 Y-3.9771
G1 X-42.7171 Y-4.0481
G1 X-42.7083 Y-4.0656
G1 X-42.6986 Y-4.0827
G1 X-42.6531 Y-4.1584
G1 X-42.6364 Y-4.1827
G1 X-42.5896 Y-4.2457
G1 X-42.5776 Y-4.2612
G1 X-42.5647 Y-4.2761
G1 X-42.5120 Y-4.3343
G1 X-42.4985 Y-4.3485
G1 X-42.4843 Y-4.3620
G1 X-42.4261 Y-4.4147
G1 X-42.4112 Y-4.4276
G1 X-42.3957 Y-4.4396
G1 X-42.3327 Y-4.4864
G1 X-42.3166 Y-4.4977
G1 X-42.3000 Y-4.5082
G1 X-42.2327 Y-4.5486
G1 X-42.2156 Y-4.5583
G1 X-42.1981 Y-4.5671
G1 X-42.1271 Y-4.6006
G1 X-42.1092 Y-4.6086
G1 X-42.0909 Y-4.6157
G1 X-42.0169 Y-4.6421
G1 X-41.9983 Y-4.6483
G1 X-41.9794 Y-4.6535
G1 X-41.9032 Y-4.6726
G1 X-41.8841 Y-4.6769
G1 X-41.8647 Y-4.6802
G1 X-41.7871 Y-4.6918
G1 X-41.7676 Y-4.6942
G1 X-41.7480 Y-4.6956
G1 X-41.6696 Y-4.6995
G1 X-41.6500 Y-4.6999
G1 X-41.3231 Y-4.6999
G1 X-40.5565 Y-5.4665
G1 X-40.5423 Y-5.4801
G1 X-40.5059 Y-5.5130
G1 X-40.4909 Y-5.5260
G1 X-40.4756 Y-5.5379
G1 X-40.4282 Y-5.5729
G1 X-40.4035 Y-5.5890
G1 X-40.3614 Y-5.6142
G1 X-40.3443 Y-5.6239
G1 X-40.3268 Y-5.6327
G1 X-40.2824 Y-5.6537
G1 X-40.2553 Y-5.6653
G1 X-40.1999 Y-5.6853
G1 X-40.1813 Y-5.6914
G1 X-40.1624 Y-5.6967
G1 X-40.1147 Y-5.7086
G1 X-40.0956 Y-5.7129
G1 X-40.0762 Y-5.7163
G1 X-40.0277 Y-5.7235
G1 X-40.0082 Y-5.7259
G1 X-39.9886 Y-5.7273
G1 X-39.9396 Y-5.7297
G1 X-39.9200 Y-5.7302
G1 X-36.0921 Y-5.7302
G1 X-36.0687 Y-5.7512
G1 X-36.0536 Y-5.7637
G1 X-35.9827 Y-5.8164
G1 X-35.9584 Y-5.8331
G1 X-35.8827 Y-5.8786
G1 X-35.8656 Y-5.8883
G1 X-35.8481 Y-5.8971
G1 X-35.7771 Y-5.9306
G1 X-35.7501 Y-5.9423
G1 X-35.6669 Y-5.9721
G1 X-35.6483 Y-5.9783
G1 X-35.6294 Y-5.9835
G1 X-35.5532 Y-6.0026
G1 X-35.5341 Y-6.0069
G1 X-35.5147 Y-6.0102
G1 X-35.4371 Y-6.0218
G1 X-35.4176 Y-6.0242
G1 X-35.3980 Y-6.0256
G1 X-35.3196 Y-6.0295
G1 X-35.3000 Y-6.0299
G1 X-34.3000 Y-6.0299
G1 X-34.2803 Y-6.0295
G1 X-34.2019 Y-6.0256
G1 X-34.1726 Y-6.0231
G1 X-34.0852 Y-6.0102
G1 X-34.0658 Y-6.0069
G1 X-34.0467 Y-6.0026
G1 X-33.9705 Y-5.9835
G1 X-33.9516 Y-5.9783
G1 X-33.9330 Y-5.9721
G1 X-33.8590 Y-5.9457
G1 X-33.8317 Y-5.9347
G1 X-33.7518 Y-5.8971
G1 X-33.7343 Y-5.8883
G1 X-33.7172 Y-5.8786
G1 X-33.6415 Y-5.8331
G1 X-33.6172 Y-5.8164
G1 X-33.5463 Y-5.7637
G1 X-33.5312 Y-5.7512
G1 X-33.5078 Y-5.7302
G1 X-32.6328 Y-5.7302
G1 X-31.3616 Y-7.0015
G1 X-31.3683 Y-7.0216
G1 X-31.3735 Y-7.0405
G1 X-31.3926 Y-7.1167
G1 X-31.3987 Y-7.1455
G1 X-31.4118 Y-7.2328
G1 X-31.4142 Y-7.2523
G1 X-31.4156 Y-7.2719
G1 X-31.4198 Y-7.3601
G1 X-31.4195 Y-7.3896
G1 X-31.4156 Y-7.4680
G1 X-31.4142 Y-7.4876
G1 X-31.4118 Y-7.5071
G1 X-31.4002 Y-7.5847
G1 X-31.3969 Y-7.6041
G1 X-31.3926 Y-7.6232
G1 X-31.3710 Y-7.7089
G1 X-31.3621 Y-7.7369
G1 X-31.3357 Y-7.8109
G1 X-31.3286 Y-7.8292
G1 X-31.3206 Y-7.8471
G1 X-31.2871 Y-7.9181
G1 X-31.2783 Y-7.9356
G1 X-31.2686 Y-7.9527
G1 X-31.2282 Y-8.0200
G1 X-31.2177 Y-8.0366
G1 X-31.2064 Y-8.0527
G1 X-31.1596 Y-8.1157
G1 X-31.1476 Y-8.1312
G1 X-31.1347 Y-8.1461
G1 X-31.0820 Y-8.2043
G1 X-31.0685 Y-8.2185
G1 X-31.0543 Y-8.2320
G1 X-30.9961 Y-8.2847
G1 X-30.9812 Y-8.2976
G1 X-30.9657 Y-8.3096
G1 X-30.9027 Y-8.3564
G1 X-30.8866 Y-8.3677
G1 X-30.8700 Y-8.3782
G1 X-30.8027 Y-8.4186
G1 X-30.7769 Y-8.4328
G1 X-30.6971 Y-8.4706
G1 X-30.6792 Y-8.4786
G1 X-30.6609 Y-8.4857
G1 X-30.5869 Y-8.5121
G1 X-30.5589 Y-8.5210
G1 X-30.4637 Y-8.5449
G1 X-30.4347 Y-8.5502
G1 X-30.3571 Y-8.5618
G1 X-30.3376 Y-8.5642
G1 X-30.3180 Y-8.5656
G1 X-30.2396 Y-8.5695
G1 X-30.2200 Y-8.5699
G1 X-29.7931 Y-8.5699
G1 X-27.7765 Y-10.5865
G1 X-27.7623 Y-10.6001
G1 X-27.7256 Y-10.6333
G1 X-27.7033 Y-10.6521
G1 X-27.6562 Y-10.6872
G1 X-27.6401 Y-10.6985
G1 X-27.6235 Y-10.7090
G1 X-27.5814 Y-10.7342
G1 X-27.5643 Y-10.7439
G1 X-27.5468 Y-10.7527
G1 X-27.4935 Y-10.7778
G1 X-27.4753 Y-10.7853
G1 X-27.4199 Y-10.8053
G1 X-27.4013 Y-10.8114
G1 X-27.3824 Y-10.8167
G1 X-27.3252 Y-10.8309
G1 X-27.3059 Y-10.8347
G1 X-27.2477 Y-10.8435
G1 X-27.2282 Y-10.8459
G1 X-27.2051 Y-10.8475
G1 X-27.1787 Y-10.8712
G1 X-27.1636 Y-10.8837
G1 X-27.0927 Y-10.9364
G1 X-27.0684 Y-10.9531
G1 X-26.9927 Y-10.9986
G1 X-26.9756 Y-11.0083
G1 X-26.9581 Y-11.0171
G1 X-26.8871 Y-11.0506
G1 X-26.8692 Y-11.0586
G1 X-26.8509 Y-11.0657
G1 X-26.7769 Y-11.0921
G1 X-26.7583 Y-11.0983
G1 X-26.7394 Y-11.1035
G1 X-26.6632 Y-11.1226
G1 X-26.6441 Y-11.1269
G1 X-26.6247 Y-11.1302
G1 X-26.5373 Y-11.1431
G1 X-26.5080 Y-11.1456
G1 X-26.4296 Y-11.1495
G1 X-26.4100 Y-11.1499
G1 X-25.4100 Y-11.1499
G1 X-25.3903 Y-11.1495
G1 X-25.3119 Y-11.1456
G1 X-25.2923 Y-11.1442
G1 X-25.2728 Y-11.1418
G1 X-25.1952 Y-11.1302
G1 X-25.1758 Y-11.1269
G1 X-25.1567 Y-11.1226
G1 X-25.0805 Y-11.1035
G1 X-25.0616 Y-11.0983
G1 X-25.0430 Y-11.0921
G1 X-24.9690 Y-11.0657
G1 X-24.9507 Y-11.0586
G1 X-24.9328 Y-11.0506
G1 X-24.8618 Y-11.0171
G1 X-24.8443 Y-11.0083
G1 X-24.8272 Y-10.9986
G1 X-24.7599 Y-10.9582
G1 X-24.7433 Y-10.9477
G1 X-24.7272 Y-10.9364
G1 X-24.6642 Y-10.8896
G1 X-24.6412 Y-10.8712
G1 X-24.5756 Y-10.8120
G1 X-24.5614 Y-10.7985
G1 X-24.5479 Y-10.7843
G1 X-24.4952 Y-10.7261
G1 X-24.4823 Y-10.7112
G1 X-24.4703 Y-10.6957
G1 X-24.4235 Y-10.6327
G1 X-24.4122 Y-10.6166
G1 X-24.4017 Y-10.6000
G1 X-24.3613 Y-10.5327
G1 X-24.3516 Y-10.5156
G1 X-24.3428 Y-10.4981
G1 X-24.3093 Y-10.4271
G1 X-24.3013 Y-10.4092
G1 X-24.2942 Y-10.3909
G1 X-24.2678 Y-10.3169
G1 X-24.2616 Y-10.2983
G1 X-24.2564 Y-10.2794
G1 X-24.2373 Y-10.2032
G1 X-24.2330 Y-10.1841
G1 X-24.2297 Y-10.1647
G1 X-24.2181 Y-10.0871
G1 X-24.2149 Y-10.0578
G1 X-24.2104 Y-9.9696
G1 X-24.2100 Y-9.9500
G1 X-24.2104 Y-9.9303
G1 X-24.2143 Y-9.8519
G1 X-24.2168 Y-9.8226
G1 X-24.2312 Y-9.7255
G1 X-24.2373 Y-9.6967
G1 X-24.2564 Y-9.6205
G1 X-24.2616 Y-9.6016
G1 X-24.2678 Y-9.5830
G1 X-24.2942 Y-9.5090
G1 X-24.3013 Y-9.4907
G1 X-24.3093 Y-9.4728
G1 X-24.3428 Y-9.4018
G1 X-24.3516 Y-9.3843
G1 X-24.3613 Y-9.3672
G1 X-24.4017 Y-9.2999
G1 X-24.4122 Y-9.2833
G1 X-24.4235 Y-9.2672
G1 X-24.4703 Y-9.2042
G1 X-24.4823 Y-9.1887
G1 X-24.4952 Y-9.1738
G1 X-24.5479 Y-9.1156
G1 X-24.5614 Y-9.1014
G1 X-24.5756 Y-9.0879
G1 X-24.6338 Y-9.0352
G1 X-24.6487 Y-9.0223
G1 X-24.6642 Y-9.0103
G1 X-24.7272 Y-8.9635
G1 X-24.7433 Y-8.9522
G1 X-24.7599 Y-8.9417
G1 X-24.8272 Y-8.9013
G1 X-24.8443 Y-8.8916
G1 X-24.8618 Y-8.8828
G1 X-24.9328 Y-8.8493
G1 X-24.9507 Y-8.8413
G1 X-24.9690 Y-8.8342
G1 X-25.0430 Y-8.8078
G1 X-25.0616 Y-8.8016
G1 X-25.0805 Y-8.7964
G1 X-25.1567 Y-8.7773
G1 X-25.1855 Y-8.7712
G1 X-25.2728 Y-8.7581
G1 X-25.2923 Y-8.7557
G1 X-25.3119 Y-8.7543
G1 X-25.4001 Y-8.7501
G1 X-26.4100 Y-8.7500
G1 X-26.4296 Y-8.7504
G1 X-26.5080 Y-8.7543
G1 X-26.5373 Y-8.7568
G1 X-26.6344 Y-8.7712
G1 X-26.6632 Y-8.7773
G1 X-26.7489 Y-8.7989
G1 X-26.7769 Y-8.8078
G1 X-26.8601 Y-8.8376
G1 X-26.8871 Y-8.8493
G1 X-26.9417 Y-8.8751
G1 X-28.0783 Y-7.7384
G1 X-28.0716 Y-7.7183
G1 X-28.0664 Y-7.6994
G1 X-28.0473 Y-7.6232
G1 X-28.0430 Y-7.6041
G1 X-28.0397 Y-7.5847
G1 X-28.0281 Y-7.5071
G1 X-28.0257 Y-7.4876
G1 X-28.0243 Y-7.4680
G1 X-28.0204 Y-7.3896
G1 X-28.0200 Y-7.3700
G1 X-28.0204 Y-7.3503
G1 X-28.0249 Y-7.2621
G1 X-28.0281 Y-7.2328
G1 X-28.0397 Y-7.1552
G1 X-28.0430 Y-7.1358
G1 X-28.0473 Y-7.1167
G1 X-28.0664 Y-7.0405
G1 X-28.0716 Y-7.0216
G1 X-28.0778 Y-7.0030
G1 X-28.1042 Y-6.9290
G1 X-28.1113 Y-6.9107
G1 X-28.1193 Y-6.8928
G1 X-28.1528 Y-6.8218
G1 X-28.1616 Y-6.8043
G1 X-28.1713 Y-6.7872
G1 X-28.2117 Y-6.7199
G1 X-28.2222 Y-6.7033
G1 X-28.2335 Y-6.6872
G1 X-28.2803 Y-6.6242
G1 X-28.2923 Y-6.6087
G1 X-28.3052 Y-6.5938
G1 X-28.3579 Y-6.5356
G1 X-28.3714 Y-6.5214
G1 X-28.3856 Y-6.5079
G1 X-28.4438 Y-6.4552
G1 X-28.4587 Y-6.4423
G1 X-28.4742 Y-6.4303
G1 X-28.5372 Y-6.3835
G1 X-28.5533 Y-6.3722
G1 X-28.5699 Y-6.3617
G1 X-28.6372 Y-6.3213
G1 X-28.6543 Y-6.3116
G1 X-28.6718 Y-6.3028
G1 X-28.7428 Y-6.2693
G1 X-28.7607 Y-6.2613
G1 X-28.7790 Y-6.2542
G1 X-28.8530 Y-6.2278
G1 X-28.8810 Y-6.2189
G1 X-28.9667 Y-6.1973
G1 X-28.9858 Y-6.1930
G1 X-29.0052 Y-6.1897
G1 X-29.0828 Y-6.1781
G1 X-29.1121 Y-6.1749
G1 X-29.2003 Y-6.1704
G1 X-29.2200 Y-6.1700
G1 X-29.6468 Y-6.1700
G1 X-30.0866 Y-5.7302
G1 X-19.9728 Y-5.7302
G1 X-17.8565 Y-7.8465
G1 X-17.8423 Y-7.8601
G1 X-17.8059 Y-7.8930
G1 X-17.7913 Y-7.9057
G1 X-17.7756 Y-7.9179
G1 X-17.7282 Y-7.9529
G1 X-17.7035 Y-7.9690
G1 X-17.6614 Y-7.9942
G1 X-17.6443 Y-8.0039
G1 X-17.6268 Y-8.0127
G1 X-17.5824 Y-8.0337
G1 X-17.5645 Y-8.0417
G1 X-17.5461 Y-8.0487
G1 X-17.4999 Y-8.0653
G1 X-17.4813 Y-8.0714
G1 X-17.4624 Y-8.0767
G1 X-17.4147 Y-8.0886
G1 X-17.3859 Y-8.0947
G1 X-17.3277 Y-8.1035
G1 X-17.3082 Y-8.1059
G1 X-17.2886 Y-8.1073
G1 X-17.2396 Y-8.1097
G1 X-17.2200 Y-8.1102
G1 X-4.6928 Y-8.1102
G1 X-2.2565 Y-10.5465
G1 X-2.2423 Y-10.5601
G1 X-2.2059 Y-10.5930
G1 X-2.1913 Y-10.6057
G1 X-2.1756 Y-10.6179
G1 X-2.1362 Y-10.6472
G1 X-2.1119 Y-10.6638
G1 X-2.0529 Y-10.6992
G1 X-2.0268 Y-10.7127
G1 X-1.9824 Y-10.7337
G1 X-1.9645 Y-10.7417
G1 X-1.9461 Y-10.7487
G1 X-1.8999 Y-10.7653
G1 X-1.8719 Y-10.7742
G1 X-1.8147 Y-10.7886
G1 X-1.7956 Y-10.7929
G1 X-1.7762 Y-10.7963
G1 X-1.7277 Y-10.8035
G1 X-1.7082 Y-10.8059
G1 X-1.6886 Y-10.8073
G1 X-1.6396 Y-10.8097
G1 X-1.6200 Y-10.8102
G1 X-0.5321 Y-10.8102
G1 X-0.5087 Y-10.8312
G1 X-0.4936 Y-10.8437
G1 X-0.4147 Y-10.9022
G1 X-0.3900 Y-10.9182
G1 X-0.3227 Y-10.9586
G1 X-0.2969 Y-10.9728
G1 X-0.2082 Y-11.0147
G1 X-0.1901 Y-11.0223
G1 X-0.1402 Y-11.0402
G1 X-0.1402 Y-12.6459
G1 X-0.1631 Y-12.6552
G1 X-0.2430 Y-12.6928
G1 X-0.2605 Y-12.7016
G1 X-0.2776 Y-12.7113
G1 X-0.3449 Y-12.7517
G1 X-0.3615 Y-12.7622
G1 X-0.3776 Y-12.7735
G1 X-0.4406 Y-12.8203
G1 X-0.4561 Y-12.8323
G1 X-0.4710 Y-12.8452
G1 X-0.5291 Y-12.8979
G1 X-0.5434 Y-12.9114
G1 X-0.5569 Y-12.9256
G1 X-0.6096 Y-12.9838
G1 X-0.6225 Y-12.9987
G1 X-0.6345 Y-13.0142
G1 X-0.6870 Y-13.0852
G1 X-0.7031 Y-13.1099
G1 X-0.7435 Y-13.1772
G1 X-0.7531 Y-13.1943
G1 X-0.7620 Y-13.2118
G1 X-0.7955 Y-13.2828
G1 X-0.8035 Y-13.3007
G1 X-0.8106 Y-13.3190
G1 X-0.8370 Y-13.3930
G1 X-0.8432 Y-13.4116
G1 X-0.8484 Y-13.4305
G1 X-0.8675 Y-13.5067
G1 X-0.8718 Y-13.5258
G1 X-0.8751 Y-13.5452
G1 X-0.8880 Y-13.6326
G1 X-0.8905 Y-13.6619
G1 X-0.8944 Y-13.7403
G1 X-0.8948 Y-13.7600
G1 X-0.8944 Y-13.7796
G1 X-0.8905 Y-13.8580
G1 X-0.8891 Y-13.8776
G1 X-0.8867 Y-13.8971
G1 X-0.8751 Y-13.9747
G1 X-0.8718 Y-13.9941
G1 X-0.8675 Y-14.0132
G1 X-0.8484 Y-14.0894
G1 X-0.8432 Y-14.1083
G1 X-0.8370 Y-14.1269
G1 X-0.8106 Y-14.2009
G1 X-0.8035 Y-14.2192
G1 X-0.7955 Y-14.2371
G1 X-0.7620 Y-14.3081
G1 X-0.7531 Y-14.3256
G1 X-0.7435 Y-14.3427
G1 X-0.6980 Y-14.4184
G1 X-0.6813 Y-14.4427
G1 X-0.6345 Y-14.5057
G1 X-0.6225 Y-14.5212
G1 X-0.6096 Y-14.5361
G1 X-0.5569 Y-14.5943
G1 X-0.5434 Y-14.6085
G1 X-0.5291 Y-14.6220
G1 X-0.4710 Y-14.6747
G1 X-0.4561 Y-14.6876
G1 X-0.4406 Y-14.6996
G1 X-0.3776 Y-14.7464
G1 X-0.3615 Y-14.7577
G1 X-0.3449 Y-14.7682
G1 X-0.2776 Y-14.8086
G1 X-0.2605 Y-14.8183
G1 X-0.2430 Y-14.8271
G1 X-0.1720 Y-14.8606
G1 X-0.1449 Y-14.8723
G1 X-0.0618 Y-14.9021
G1 X-0.0432 Y-14.9083
G1 X-0.0243 Y-14.9135
G1 X0.0519 Y-14.9326
G1 X0.0711 Y-14.9369
G1 X0.0904 Y-14.9402
G1 X0.1681 Y-14.9518
G1 X0.1973 Y-14.9550
G1 X0.2855 Y-14.9595
G1 X0.3052 Y-14.9599
G1 X1.3150 Y-14.9598
G1 X1.4032 Y-14.9556
G1 X1.4228 Y-14.9542
G1 X1.4423 Y-14.9518
G1 X1.5199 Y-14.9402
G1 X1.5393 Y-14.9369
G1 X1.5584 Y-14.9326
G1 X1.6346 Y-14.9135
G1 X1.6629 Y-14.9053
G1 X1.7461 Y-14.8757
G1 X1.7734 Y-14.8647
G1 X1.8621 Y-14.8228
G1 X1.8879 Y-14.8086
G1 X1.9553 Y-14.7682
G1 X1.9718 Y-14.7577
G1 X1.9879 Y-14.7464
G1 X2.0510 Y-14.6996
G1 X2.0739 Y-14.6812
G1 X2.1395 Y-14.6220
G1 X2.1537 Y-14.6085
G1 X2.1672 Y-14.5943
G1 X2.2200 Y-14.5361
G1 X2.2328 Y-14.5212
G1 X2.2449 Y-14.5057
G1 X2.2916 Y-14.4427
G1 X2.3029 Y-14.4266
G1 X2.3134 Y-14.4100
G1 X2.3538 Y-14.3427
G1 X2.3635 Y-14.3256
G1 X2.3723 Y-14.3081
G1 X2.4059 Y-14.2371
G1 X2.4138 Y-14.2192
G1 X2.4209 Y-14.2009
G1 X2.4473 Y-14.1269
G1 X2.4535 Y-14.1083
G1 X2.4587 Y-14.0894
G1 X2.4778 Y-14.0132
G1 X2.4821 Y-13.9941
G1 X2.4855 Y-13.9747
G1 X2.4970 Y-13.8971
G1 X2.4994 Y-13.8776
G1 X2.5008 Y-13.8580
G1 X2.5047 Y-13.7796
G1 X2.5052 Y-13.7600
G1 X2.5047 Y-13.7403
G1 X2.5008 Y-13.6619
G1 X2.4994 Y-13.6423
G1 X2.4970 Y-13.6228
G1 X2.4855 Y-13.5452
G1 X2.4821 Y-13.5258
G1 X2.4778 Y-13.5067
G1 X2.4587 Y-13.4305
G1 X2.4535 Y-13.4116
G1 X2.4473 Y-13.3930
G1 X2.4209 Y-13.3190
G1 X2.4138 Y-13.3007
G1 X2.4059 Y-13.2828
G1 X2.3680 Y-13.2030
G1 X2.3538 Y-13.1772
G1 X2.3134 Y-13.1099
G1 X2.3029 Y-13.0933
G1 X2.2916 Y-13.0772
G1 X2.2449 Y-13.0142
G1 X2.2265 Y-12.9912
G1 X2.1605 Y-12.9184
G1 X2.1395 Y-12.8979
G1 X2.0813 Y-12.8452
G1 X2.0664 Y-12.8323
G1 X2.0510 Y-12.8203
G1 X1.9879 Y-12.7735
G1 X1.9718 Y-12.7622
G1 X1.9553 Y-12.7517
G1 X1.8879 Y-12.7113
G1 X1.8708 Y-12.7016
G1 X1.8533 Y-12.6928
G1 X1.7823 Y-12.6593
G1 X1.7644 Y-12.6513
G1 X1.7461 Y-12.6442
G1 X1.6603 Y-12.6138
G1 X1.6603 Y-11.0402
G1 X1.7102 Y-11.0223
G1 X1.7283 Y-11.0147
G1 X1.8082 Y-10.9771
G1 X1.8343 Y-10.9635
G1 X1.9101 Y-10.9182
G1 X1.9267 Y-10.9077
G1 X1.9428 Y-10.8964
G1 X2.0058 Y-10.8496
G1 X2.0288 Y-10.8312
G1 X2.0944 Y-10.7720
G1 X2.1086 Y-10.7585
G1 X2.1221 Y-10.7443
G1 X2.1748 Y-10.6861
G1 X2.1877 Y-10.6712
G1 X2.1997 Y-10.6557
G1 X2.2465 Y-10.5927
G1 X2.2578 Y-10.5766
G1 X2.2683 Y-10.5600
G1 X2.3087 Y-10.4927
G1 X2.3229 Y-10.4669
G1 X2.3607 Y-10.3871
G1 X2.3687 Y-10.3692
G1 X2.3758 Y-10.3509
G1 X2.4022 Y-10.2769
G1 X2.4084 Y-10.2583
G1 X2.4136 Y-10.2394
G1 X2.4327 Y-10.1632
G1 X2.4370 Y-10.1441
G1 X2.4403 Y-10.1247
G1 X2.4519 Y-10.0471
G1 X2.4543 Y-10.0276
G1 X2.4557 Y-10.0080
G1 X2.4596 Y-9.9296
G1 X2.4600 Y-9.9100
G1 X2.4596 Y-9.8903
G1 X2.4557 Y-9.8119
G1 X2.4543 Y-9.7923
G1 X2.4519 Y-9.7728
G1 X2.4403 Y-9.6952
G1 X2.4370 Y-9.6758
G1 X2.4327 Y-9.6567
G1 X2.4136 Y-9.5805
G1 X2.4054 Y-9.5522
G1 X2.3758 Y-9.4690
G1 X2.3687 Y-9.4507
G1 X2.3607 Y-9.4328
G1 X2.3272 Y-9.3618
G1 X2.3184 Y-9.3443
G1 X2.3087 Y-9.3272
G1 X2.2683 Y-9.2599
G1 X2.2578 Y-9.2433
G1 X2.2465 Y-9.2272
G1 X2.1997 Y-9.1642
G1 X2.1877 Y-9.1487
G1 X2.1748 Y-9.1338
G1 X2.1221 Y-9.0756
G1 X2.1086 Y-9.0614
G1 X2.0944 Y-9.0479
G1 X2.0288 Y-8.9887
G1 X2.0058 Y-8.9703
G1 X1.9428 Y-8.9235
G1 X1.9267 Y-8.9122
G1 X1.9101 Y-8.9017
G1 X1.8428 Y-8.8613
G1 X1.8257 Y-8.8516
G1 X1.8082 Y-8.8428
G1 X1.7372 Y-8.8093
G1 X1.7193 Y-8.8013
G1 X1.7010 Y-8.7942
G1 X1.6270 Y-8.7678
G1 X1.6084 Y-8.7616
G1 X1.5895 Y-8.7564
G1 X1.5133 Y-8.7373
G1 X1.4942 Y-8.7330
G1 X1.4748 Y-8.7297
G1 X1.3972 Y-8.7181
G1 X1.3777 Y-8.7157
G1 X1.3581 Y-8.7143
G1 X1.2797 Y-8.7104
G1 X1.2600 Y-8.7100
G1 X0.2600 Y-8.7100
G1 X0.2404 Y-8.7104
G1 X0.1620 Y-8.7143
G1 X0.1424 Y-8.7157
G1 X0.1229 Y-8.7181
G1 X0.0453 Y-8.7297
G1 X0.0259 Y-8.7330
G1 X0.0068 Y-8.7373
G1 X-0.0694 Y-8.7564
G1 X-0.0883 Y-8.7616
G1 X-0.1069 Y-8.7678
G1 X-0.1809 Y-8.7942
G1 X-0.2082 Y-8.8052
G1 X-0.2881 Y-8.8428
G1 X-0.3056 Y-8.8516
G1 X-0.3227 Y-8.8613
G1 X-0.3984 Y-8.9068
G1 X-0.4227 Y-8.9235
G1 X-0.4936 Y-8.9762
G1 X-0.5087 Y-8.9887
G1 X-0.5321 Y-9.0097
G1 X-1.2471 Y-9.0097
G1 X-2.1466 Y-8.1102
G1 X22.0372 Y-8.1102
G1 X23.2484 Y-9.3215
G1 X23.2447 Y-9.3322
G1 X23.2390 Y-9.3510
G1 X23.2151 Y-9.4462
G1 X23.2098 Y-9.4752
G1 X23.1969 Y-9.5626
G1 X23.1944 Y-9.5919
G1 X23.1905 Y-9.6703
G1 X23.1901 Y-9.6900
G1 X23.1905 Y-9.7096
G1 X23.1950 Y-9.7978
G1 X23.1982 Y-9.8271
G1 X23.2098 Y-9.9047
G1 X23.2131 Y-9.9241
G1 X23.2174 Y-9.9432
G1 X23.2365 Y-10.0194
G1 X23.2417 Y-10.0383
G1 X23.2479 Y-10.0569
G1 X23.2743 Y-10.1309
G1 X23.2814 Y-10.1492
G1 X23.2894 Y-10.1671
G1 X23.3272 Y-10.2469
G1 X23.3414 Y-10.2727
G1 X23.3818 Y-10.3400
G1 X23.3923 Y-10.3566
G1 X23.4036 Y-10.3727
G1 X23.4504 Y-10.4357
G1 X23.4624 Y-10.4512
G1 X23.4753 Y-10.4661
G1 X23.5280 Y-10.5243
G1 X23.5415 Y-10.5385
G1 X23.5557 Y-10.5520
G1 X23.6213 Y-10.6112
G1 X23.6443 Y-10.6296
G1 X23.7073 Y-10.6764
G1 X23.7234 Y-10.6877
G1 X23.7400 Y-10.6982
G1 X23.8158 Y-10.7435
G1 X23.8419 Y-10.7571
G1 X23.9218 Y-10.7947
G1 X23.9399 Y-10.8023
G1 X23.9898 Y-10.8202
G1 X23.9898 Y-12.6197
G1 X23.9399 Y-12.6376
G1 X23.9218 Y-12.6452
G1 X23.8331 Y-12.6871
G1 X23.8073 Y-12.7013
G1 X23.7400 Y-12.7417
G1 X23.7153 Y-12.7577
G1 X23.6443 Y-12.8103
G1 X23.6288 Y-12.8223
G1 X23.6139 Y-12.8352
G1 X23.5557 Y-12.8879
G1 X23.5415 Y-12.9014
G1 X23.5280 Y-12.9156
G1 X23.4753 Y-12.9738
G1 X23.4563 Y-12.9963
G1 X23.4036 Y-13.0672
G1 X23.3923 Y-13.0833
G1 X23.3818 Y-13.0999
G1 X23.3414 Y-13.1672
G1 X23.3317 Y-13.1843
G1 X23.3229 Y-13.2018
G1 X23.2894 Y-13.2728
G1 X23.2814 Y-13.2907
G1 X23.2743 Y-13.3090
G1 X23.2479 Y-13.3830
G1 X23.2417 Y-13.4016
G1 X23.2365 Y-13.4205
G1 X23.2174 Y-13.4967
G1 X23.2131 Y-13.5158
G1 X23.2098 Y-13.5352
G1 X23.1982 Y-13.6128
G1 X23.1950 Y-13.6421
G1 X23.1902 Y-13.7401
G1 X23.1905 Y-13.7696
G1 X23.1950 Y-13.8578
G1 X23.1982 Y-13.8871
G1 X23.2098 Y-13.9647
G1 X23.2131 Y-13.9841
G1 X23.2174 Y-14.0032
G1 X23.2390 Y-14.0889
G1 X23.2479 Y-14.1169
G1 X23.2743 Y-14.1909
G1 X23.2814 Y-14.2092
G1 X23.2894 Y-14.2271
G1 X23.3229 Y-14.2981
G1 X23.3317 Y-14.3156
G1 X23.3414 Y-14.3327
G1 X23.3818 Y-14.4000
G1 X23.3923 Y-14.4166
G1 X23.4036 Y-14.4327
G1 X23.4563 Y-14.5036
G1 X23.4753 Y-14.5261
G1 X23.5280 Y-14.5843
G1 X23.5415 Y-14.5985
G1 X23.5557 Y-14.6120
G1 X23.6139 Y-14.6647
G1 X23.6288 Y-14.6776
G1 X23.6443 Y-14.6896
G1 X23.7153 Y-14.7422
G1 X23.7400 Y-14.7582
G1 X23.8073 Y-14.7986
G1 X23.8244 Y-14.8083
G1 X23.8419 Y-14.8171
G1 X23.9129 Y-14.8506
G1 X23.9308 Y-14.8586
G1 X23.9491 Y-14.8657
G1 X24.0231 Y-14.8921
G1 X24.0417 Y-14.8983
G1 X24.0606 Y-14.9035
G1 X24.1368 Y-14.9226
G1 X24.1559 Y-14.9269
G1 X24.1753 Y-14.9302
G1 X24.2529 Y-14.9418
G1 X24.2724 Y-14.9442
G1 X24.2920 Y-14.9456
G1 X24.3802 Y-14.9498
G1 X25.3900 Y-14.9499
G1 X25.4097 Y-14.9495
G1 X25.4881 Y-14.9456
G1 X25.5077 Y-14.9442
G1 X25.5272 Y-14.9418
G1 X25.6048 Y-14.9302
G1 X25.6242 Y-14.9269
G1 X25.6433 Y-14.9226
G1 X25.7195 Y-14.9035
G1 X25.7384 Y-14.8983
G1 X25.7570 Y-14.8921
G1 X25.8310 Y-14.8657
G1 X25.8493 Y-14.8586
G1 X25.8672 Y-14.8506
G1 X25.9382 Y-14.8171
G1 X25.9557 Y-14.8083
G1 X25.9728 Y-14.7986
G1 X26.0401 Y-14.7582
G1 X26.0567 Y-14.7477
G1 X26.0728 Y-14.7364
G1 X26.1358 Y-14.6896
G1 X26.1588 Y-14.6712
G1 X26.2244 Y-14.6120
G1 X26.2386 Y-14.5985
G1 X26.2521 Y-14.5843
G1 X26.3048 Y-14.5261
G1 X26.3177 Y-14.5112
G1 X26.3297 Y-14.4957
G1 X26.3823 Y-14.4247
G1 X26.3983 Y-14.4000
G1 X26.4387 Y-14.3327
G1 X26.4484 Y-14.3156
G1 X26.4572 Y-14.2981
G1 X26.4907 Y-14.2271
G1 X26.4987 Y-14.2092
G1 X26.5058 Y-14.1909
G1 X26.5322 Y-14.1169
G1 X26.5384 Y-14.0983
G1 X26.5436 Y-14.0794
G1 X26.5627 Y-14.0032
G1 X26.5670 Y-13.9841
G1 X26.5703 Y-13.9647
G1 X26.5819 Y-13.8871
G1 X26.5851 Y-13.8578
G1 X26.5896 Y-13.7696
G1 X26.5900 Y-13.7500
G1 X26.5896 Y-13.7303
G1 X26.5857 Y-13.6519
G1 X26.5843 Y-13.6323
G1 X26.5819 Y-13.6128
G1 X26.5703 Y-13.5352
G1 X26.5650 Y-13.5062
G1 X26.5436 Y-13.4205
G1 X26.5384 Y-13.4016
G1 X26.5322 Y-13.3830
G1 X26.5058 Y-13.3090
G1 X26.4987 Y-13.2907
G1 X26.4907 Y-13.2728
G1 X26.4572 Y-13.2018
G1 X26.4484 Y-13.1843
G1 X26.4387 Y-13.1672
G1 X26.3932 Y-13.0915
G1 X26.3765 Y-13.0672
G1 X26.3297 Y-13.0042
G1 X26.3177 Y-12.9887
G1 X26.3048 Y-12.9738
G1 X26.2521 Y-12.9156
G1 X26.2386 Y-12.9014
G1 X26.2244 Y-12.8879
G1 X26.1662 Y-12.8352
G1 X26.1437 Y-12.8162
G1 X26.0728 Y-12.7635
G1 X26.0567 Y-12.7522
G1 X26.0401 Y-12.7417
G1 X25.9643 Y-12.6964
G1 X25.9382 Y-12.6828
G1 X25.8583 Y-12.6452
G1 X25.8402 Y-12.6376
G1 X25.7903 Y-12.6197
G1 X25.7903 Y-10.8202
G1 X25.8402 Y-10.8023
G1 X25.8583 Y-10.7947
G1 X25.9470 Y-10.7528
G1 X25.9728 Y-10.7386
G1 X26.0485 Y-10.6931
G1 X26.0728 Y-10.6764
G1 X26.1358 Y-10.6296
G1 X26.1513 Y-10.6176
G1 X26.1662 Y-10.6047
G1 X26.2316 Y-10.5453
G1 X26.2521 Y-10.5243
G1 X26.3048 Y-10.4661
G1 X26.3177 Y-10.4512
G1 X26.3297 Y-10.4357
G1 X26.3765 Y-10.3727
G1 X26.3878 Y-10.3566
G1 X26.3983 Y-10.3400
G1 X26.4387 Y-10.2727
G1 X26.4484 Y-10.2556
G1 X26.4572 Y-10.2381
G1 X26.4907 Y-10.1671
G1 X26.5024 Y-10.1401
G1 X26.5322 Y-10.0569
G1 X26.5411 Y-10.0289
G1 X26.5650 Y-9.9337
G1 X26.5703 Y-9.9047
G1 X26.5819 Y-9.8271
G1 X26.5843 Y-9.8076
G1 X26.5857 Y-9.7880
G1 X26.5896 Y-9.7096
G1 X26.5899 Y-9.6801
G1 X26.5857 Y-9.5919
G1 X26.5843 Y-9.5723
G1 X26.5819 Y-9.5528
G1 X26.5703 Y-9.4752
G1 X26.5670 Y-9.4558
G1 X26.5627 Y-9.4367
G1 X26.5436 Y-9.3605
G1 X26.5384 Y-9.3416
G1 X26.5322 Y-9.3230
G1 X26.5058 Y-9.2490
G1 X26.4987 Y-9.2307
G1 X26.4907 Y-9.2128
G1 X26.4572 Y-9.1418
G1 X26.4484 Y-9.1243
G1 X26.4387 Y-9.1072
G1 X26.3983 Y-9.0399
G1 X26.3878 Y-9.0233
G1 X26.3765 Y-9.0072
G1 X26.3297 Y-8.9442
G1 X26.3113 Y-8.9212
G1 X26.2521 Y-8.8556
G1 X26.2386 Y-8.8414
G1 X26.2244 Y-8.8279
G1 X26.1662 Y-8.7752
G1 X26.1513 Y-8.7623
G1 X26.1358 Y-8.7503
G1 X26.0728 Y-8.7035
G1 X26.0567 Y-8.6922
G1 X26.0401 Y-8.6817
G1 X25.9728 Y-8.6413
G1 X25.9557 Y-8.6316
G1 X25.9382 Y-8.6228
G1 X25.8672 Y-8.5893
G1 X25.8493 Y-8.5813
G1 X25.8310 Y-8.5742
G1 X25.7570 Y-8.5478
G1 X25.7384 Y-8.5416
G1 X25.7195 Y-8.5364
G1 X25.6433 Y-8.5173
G1 X25.6242 Y-8.5130
G1 X25.6048 Y-8.5097
G1 X25.5272 Y-8.4981
G1 X25.5077 Y-8.4957
G1 X25.4881 Y-8.4943
G1 X25.4097 Y-8.4904
G1 X25.3900 Y-8.4900
G1 X24.9632 Y-8.4900
G1 X23.0466 Y-6.5734
G1 X23.0324 Y-6.5598
G1 X22.9960 Y-6.5269
G1 X22.9814 Y-6.5142
G1 X22.9657 Y-6.5020
G1 X22.9183 Y-6.4670
G1 X22.9020 Y-6.4561
G1 X22.8515 Y-6.4257
G1 X22.8344 Y-6.4160
G1 X22.8169 Y-6.4072
G1 X22.7636 Y-6.3821
G1 X22.7454 Y-6.3746
G1 X22.6900 Y-6.3546
G1 X22.6619 Y-6.3457
G1 X22.6048 Y-6.3313
G1 X22.5857 Y-6.3270
G1 X22.5663 Y-6.3236
G1 X22.5178 Y-6.3164
G1 X22.4885 Y-6.3132
G1 X22.4297 Y-6.3102
G1 X22.4100 Y-6.3097
G1 X-16.8471 Y-6.3097
G1 X-18.9634 Y-4.1934
G1 X-18.9776 Y-4.1798
G1 X-19.0140 Y-4.1469
G1 X-19.0286 Y-4.1342
G1 X-19.0443 Y-4.1220
G1 X-19.0917 Y-4.0870
G1 X-19.1164 Y-4.0709
G1 X-19.1585 Y-4.0457
G1 X-19.1756 Y-4.0360
G1 X-19.1931 Y-4.0272
G1 X-19.2375 Y-4.0062
G1 X-19.2554 Y-3.9982
G1 X-19.2738 Y-3.9912
G1 X-19.3200 Y-3.9746
G1 X-19.3386 Y-3.9685
G1 X-19.3575 Y-3.9632
G1 X-19.4052 Y-3.9513
G1 X-19.4340 Y-3.9452
G1 X-19.4922 Y-3.9364
G1 X-19.5117 Y-3.9340
G1 X-19.5313 Y-3.9326
G1 X-19.5803 Y-3.9302
G1 X-19.6000 Y-3.9297
G1 X-33.5078 Y-3.9297
G1 X-33.5312 Y-3.9087
G1 X-33.5463 Y-3.8962
G1 X-33.6172 Y-3.8435
G1 X-33.6415 Y-3.8268
G1 X-33.7172 Y-3.7813
G1 X-33.7343 Y-3.7716
G1 X-33.7518 Y-3.7628
G1 X-33.8228 Y-3.7293
G1 X-33.8498 Y-3.7176
G1 X-33.9330 Y-3.6878
G1 X-33.9516 Y-3.6816
G1 X-33.9705 Y-3.6764
G1 X-34.0467 Y-3.6573
G1 X-34.0658 Y-3.6530
G1 X-34.0852 Y-3.6497
G1 X-34.1628 Y-3.6381
G1 X-34.1823 Y-3.6357
G1 X-34.2019 Y-3.6343
G1 X-34.2803 Y-3.6304
G1 X-34.3000 Y-3.6300
G1 X-35.3098 Y-3.6301
G1 X-35.3980 Y-3.6343
G1 X-35.4176 Y-3.6357
G1 X-35.4371 Y-3.6381
G1 X-35.5244 Y-3.6512
G1 X-35.5532 Y-3.6573
G1 X-35.6294 Y-3.6764
G1 X-35.6483 Y-3.6816
G1 X-35.6669 Y-3.6878
G1 X-35.7409 Y-3.7142
G1 X-35.7592 Y-3.7213
G1 X-35.7771 Y-3.7293
G1 X-35.8569 Y-3.7671
G1 X-35.8827 Y-3.7813
G1 X-35.9500 Y-3.8217
G1 X-35.9747 Y-3.8377
G1 X-36.0536 Y-3.8962
G1 X-36.0687 Y-3.9087
G1 X-36.0921 Y-3.9297
G1 X-39.5302 Y-3.9297
G1 X-39.5078 Y-3.8669
G1 X-39.5016 Y-3.8483
G1 X-39.4964 Y-3.8294
G1 X-39.4773 Y-3.7532
G1 X-39.4712 Y-3.7244
G1 X-39.4568 Y-3.6273
G1 X-39.4543 Y-3.5980
G1 X-39.4504 Y-3.5196
G1 X-39.4500 Y-3.5000
G1 X-39.4504 Y-3.4803
G1 X-39.4543 Y-3.4019
G1 X-39.4568 Y-3.3726
G1 X-39.4712 Y-3.2755
G1 X-39.4773 Y-3.2467
G1 X-39.4964 Y-3.1705
G1 X-39.5016 Y-3.1516
G1 X-39.5078 Y-3.1330
G1 X-39.5342 Y-3.0590
G1 X-39.5413 Y-3.0407
G1 X-39.5493 Y-3.0228
G1 X-39.5828 Y-2.9518
G1 X-39.5916 Y-2.9343
G1 X-39.6013 Y-2.9172
G1 X-39.6417 Y-2.8499
G1 X-39.6577 Y-2.8252
G1 X-39.7162 Y-2.7463
G1 X-39.7352 Y-2.7238
G1 X-39.7879 Y-2.6656
G1 X-39.8014 Y-2.6514
G1 X-39.8156 Y-2.6379
G1 X-39.8738 Y-2.5852
G1 X-39.8887 Y-2.5723
G1 X-39.9042 Y-2.5603
G1 X-39.9672 Y-2.5135
G1 X-39.9833 Y-2.5022
G1 X-39.9999 Y-2.4917
G1 X-40.0672 Y-2.4513
G1 X-40.0843 Y-2.4416
G1 X-40.1018 Y-2.4328
G1 X-40.1728 Y-2.3993
G1 X-40.1907 Y-2.3913
G1 X-40.2090 Y-2.3842
G1 X-40.2830 Y-2.3578
G1 X-40.3016 Y-2.3516
G1 X-40.3205 Y-2.3464
G1 X-40.3967 Y-2.3273
G1 X-40.4158 Y-2.3230
G1 X-40.4352 Y-2.3197
G1 X-40.5128 Y-2.3081
G1 X-40.5323 Y-2.3057
G1 X-40.5519 Y-2.3043
G1 X-40.6303 Y-2.3004
G1 X-40.6500 Y-2.3000
G1 X-41.6500 Y-2.3000
G1 X-41.6696 Y-2.3004
G1 X-41.7480 Y-2.3043
G1 X-41.7773 Y-2.3068
G1 X-41.8647 Y-2.3197
G1 X-41.8937 Y-2.3250
G1 X-41.9889 Y-2.3489
G1 X-42.0169 Y-2.3578
G1 X-42.0909 Y-2.3842
G1 X-42.1092 Y-2.3913
G1 X-42.1271 Y-2.3993
G1 X-42.1981 Y-2.4328
G1 X-42.2242 Y-2.4464
G1 X-42.3084 Y-2.4968
G1 X-42.3327 Y-2.5135
G1 X-42.3957 Y-2.5603
G1 X-42.4112 Y-2.5723
G1 X-42.4261 Y-2.5852
G1 X-42.4843 Y-2.6379
G1 X-42.4985 Y-2.6514
G1 X-42.5120 Y-2.6656
G1 X-42.5647 Y-2.7238
G1 X-42.5776 Y-2.7387
G1 X-42.5896 Y-2.7542
G1 X-42.6364 Y-2.8172
G1 X-42.6477 Y-2.8333
G1 X-42.6582 Y-2.8499
G1 X-42.6986 Y-2.9172
G1 X-42.7083 Y-2.9343
G1 X-42.7171 Y-2.9518
G1 X-42.7506 Y-3.0228
G1 X-42.7586 Y-3.0407
G1 X-42.7657 Y-3.0590
G1 X-42.7921 Y-3.1330
G1 X-42.7983 Y-3.1516
G1 X-42.8035 Y-3.1705
G1 X-42.8226 Y-3.2467
G1 X-42.8269 Y-3.2658
G1 X-42.8302 Y-3.2852
G1 X-42.8418 Y-3.3628
G1 X-42.8442 Y-3.3823
G1 X-42.8456 Y-3.4019
G1 X-42.8495 Y-3.4803
G1 X-42.8499 Y-3.5000
G1 X-42.8495 Y-3.5196
G1 X-42.8456 Y-3.5980
G1 X-42.8442 Y-3.6176
G1 X-42.8418 Y-3.6371
G1 X-42.8302 Y-3.7147
G1 Z2.0000
G1 X-42.4424 Y-4.4000
G1 F60.00
G1 Z0.3
G1 F120.00
G1 X-46.9999 Y-4.4000
G1 X-46.9999 Y-4.8800
G1 X-41.1430 Y-4.8800
G1 X-40.6630 Y-5.3600
G1 X-46.9999 Y-5.3600
G1 X-46.9999 Y-5.8400
G1 X-35.9471 Y-5.8400
G1 Z2.0000
G1 X-36.0814 Y-3.9200
G1 F60.00
G1 Z0.3
G1 F120.00
G1 X-39.5268 Y-3.9200
G1 Z2.0000
G1 X-39.4524 Y-3.4400
G1 F60.00
G1 Z0.3
G1 F120.00
G1 X-39.2161 Y-3.4400
G1 Z2.0000
G1 X-39.3577 Y-2.9600
G1 F60.00
G1 Z0.3
G1 F120.00
G1 X-39.5789 Y-2.9600
G1 X-39.6893 Y-2.4800
G1 X-40.0193 Y-2.4800
G1 Z2.0000
G1 X-24.5630 Y9.5200
G1 F60.00
G1 Z0.3
G1 F120.00
G1 X-22.1769 Y9.5200
G1 Z2.0000
G1 X-22.4710 Y10.0000
G1 F60.00
G1 Z0.3
G1 F120.00
G1 X-24.2689 Y10.0000
G1 Z2.0000
G1 X-24.2151 Y10.4800
G1 F60.00
G1 Z0.3
G1 F120.00
G1 X-22.5248 Y10.4800
G1 Z2.0000
G1 X-22.5102 Y10.1553
G1 F60.00
G1 Z0.3
G1 F120.00
G1 X-22.5069 Y10.1359
G1 X-22.5026 Y10.1168
G1 X-22.4810 Y10.0311
G1 X-22.4721 Y10.0031
G1 X-22.4457 Y9.9291
G1 X-22.4386 Y9.9108
G1 X-22.4306 Y9.8929
G1 X-22.3971 Y9.8219
G1 X-22.3883 Y9.8044
G1 X-22.3786 Y9.7873
G1 X-22.3382 Y9.7200
G1 X-22.3277 Y9.7034
G1 X-22.3164 Y9.6873
G1 X-22.2696 Y9.6243
G1 X-22.2512 Y9.6013
G1 X-22.1920 Y9.5357
G1 X-22.1785 Y9.5215
G1 X-22.1643 Y9.5080
G1 X-22.1061 Y9.4553
G1 X-22.0912 Y9.4424
G1 X-22.0757 Y9.4304
G1 X-22.0127 Y9.3836
G1 X-21.9966 Y9.3723
G1 X-21.9800 Y9.3618
G1 X-21.9127 Y9.3214
G1 X-21.8956 Y9.3117
G1 X-21.8781 Y9.3029
G1 X-21.8071 Y9.2694
G1 X-21.7801 Y9.2577
G1 X-21.6969 Y9.2279
G1 X-21.6783 Y9.2217
G1 X-21.6594 Y9.2165
G1 X-21.5832 Y9.1974
G1 X-21.5641 Y9.1931
G1 X-21.5447 Y9.1898
G1 X-21.4671 Y9.1782
G1 X-21.4378 Y9.1750
G1 X-21.3496 Y9.1705
G1 X-21.3300 Y9.1701
G1 X-20.3201 Y9.1702
G1 X-20.2319 Y9.1744
G1 X-20.2026 Y9.1769
G1 X-20.1055 Y9.1913
G1 X-20.0862 Y9.1951
G1 X-20.0342 Y9.2080
G1 X-10.6424 Y9.2081
G1 X-10.6281 Y9.2083
G1 X-10.6050 Y9.2094
G1 X-10.3336 Y9.2288
G1 X-10.3052 Y9.2318
G1 X-10.2783 Y9.2358
G1 X-10.2596 Y9.2394
G1 X-9.9981 Y9.2963
G1 X-9.9800 Y9.3007
G1 X-9.9444 Y9.3112
G1 X-9.9264 Y9.3174
G1 X-9.6752 Y9.4111
G1 X-9.6492 Y9.4218
G1 X-9.6251 Y9.4330
G1 X-9.6076 Y9.4420
G1 X-9.3728 Y9.5702
G1 X-9.3563 Y9.5797
G1 X-9.3333 Y9.5944
G1 X-9.3099 Y9.6106
G1 X-9.0879 Y9.7769
G1 X-9.0600 Y9.8005
G1 X-9.0391 Y9.8200
G1 X-8.8499 Y10.0092
G1 X-8.8368 Y10.0229
G1 X-8.8188 Y10.0435
G1 X-8.8009 Y10.0657
G1 X-8.6405 Y10.2800
G1 X-8.6295 Y10.2955
G1 X-8.6147 Y10.3183
G1 X-8.6001 Y10.3429
G1 X-8.4719 Y10.5777
G1 X-8.4591 Y10.6033
G1 X-8.4479 Y10.6281
G1 X-8.4408 Y10.6457
G1 X-8.3447 Y10.9036
G1 X-8.3414 Y10.9135
G1 X-8.3333 Y10.9406
G1 X-8.3262 Y10.9682
G1 X-8.2674 Y11.2391
G1 X-8.2617 Y11.2753
G1 X-8.2595 Y11.2942
G1 X-8.2393 Y11.5751
G1 X-8.2382 Y11.5982
G1 X-8.2380 Y12.1143
G1 X-8.2250 Y12.1663
G1 X-8.2212 Y12.1856
G1 X-8.2068 Y12.2827
G1 X-8.2043 Y12.3120
G1 X-8.2004 Y12.3904
G1 X-8.2000 Y12.4100
G1 X-8.2000 Y13.4100
G1 X-8.2004 Y13.4297
G1 X-8.2049 Y13.5179
G1 X-8.2081 Y13.5472
G1 X-8.2197 Y13.6248
G1 X-8.2230 Y13.6442
G1 X-8.2273 Y13.6633
G1 X-8.2489 Y13.7490
G1 X-8.2546 Y13.7678
G1 X-8.2600 Y13.7834
G1 X-8.2621 Y13.7981
G1 X-8.2653 Y13.8156
G1 X-8.3148 Y14.0603
G1 X-8.3186 Y14.0773
G1 X-8.3253 Y14.1021
G1 X-8.3332 Y14.1275
G1 X-8.4147 Y14.3635
G1 X-8.4243 Y14.3883
G1 X-8.4342 Y14.4117
G1 X-8.4419 Y14.4277
G1 X-8.5541 Y14.6507
G1 X-8.5668 Y14.6741
G1 X-8.5798 Y14.6959
G1 X-8.5895 Y14.7108
G1 X-8.7303 Y14.9169
G1 X-8.7460 Y14.9384
G1 X-8.7618 Y14.9583
G1 X-8.7734 Y14.9717
G1 X-8.9521 Y15.1701
G1 X-8.9673 Y15.1856
G1 X-12.4723 Y18.5959
G1 X-12.4907 Y18.6128
G1 X-12.5023 Y18.6229
G1 X-12.7282 Y18.8111
G1 X-12.7362 Y18.8176
G1 X-12.7527 Y18.8299
G1 X-12.7775 Y18.8473
G1 X-12.7941 Y18.8578
G1 X-13.0421 Y19.0066
G1 X-13.0510 Y19.0118
G1 X-13.0692 Y19.0214
G1 X-13.0956 Y19.0344
G1 X-13.1144 Y19.0427
G1 X-13.3826 Y19.1516
G1 X-13.4017 Y19.1588
G1 X-13.4296 Y19.1678
G1 X-13.4493 Y19.1736
G1 X-13.4593 Y19.1760
G1 X-13.7408 Y19.2424
G1 X-13.7610 Y19.2466
G1 X-13.8002 Y19.2527
G1 X-13.8206 Y19.2548
G1 X-14.1138 Y19.2775
G1 X-14.1464 Y19.2790
G1 X-14.6936 Y19.2790
G1 X-14.7223 Y19.2782
G1 X-15.0057 Y19.2578
G1 X-15.0249 Y19.2560
G1 X-15.0522 Y19.2521
G1 X-15.0805 Y19.2470
G1 X-15.3448 Y19.1888
G1 X-15.3635 Y19.1842
G1 X-15.3991 Y19.1737
G1 X-15.4173 Y19.1673
G1 X-15.6704 Y19.0717
G1 X-15.6970 Y19.0606
G1 X-15.7214 Y19.0492
G1 X-15.7390 Y19.0400
G1 X-15.9758 Y18.9090
G1 X-16.0005 Y18.8941
G1 X-16.0235 Y18.8790
G1 X-16.0391 Y18.8678
G1 X-16.2548 Y18.7039
G1 X-16.2769 Y18.6858
G1 X-16.2975 Y18.6675
G1 X-16.3113 Y18.6541
G1 X-16.5141 Y18.4474
G1 X-16.5296 Y18.4300
G1 X-21.9347 Y12.0707
G1 X-21.9487 Y12.0527
G1 X-22.1077 Y11.8364
G1 X-22.1236 Y11.8131
G1 X-22.1372 Y11.7914
G1 X-22.1471 Y11.7740
G1 X-22.2721 Y11.5414
G1 X-22.2806 Y11.5247
G1 X-22.2917 Y11.5002
G1 X-22.3024 Y11.4741
G1 X-22.3935 Y11.2263
G1 X-22.4023 Y11.1995
G1 X-22.4096 Y11.1737
G1 X-22.4140 Y11.1554
G1 X-22.4694 Y10.8972
G1 X-22.4729 Y10.8787
G1 X-22.4768 Y10.8522
G1 X-22.4790 Y10.8336
G1 X-22.4905 Y10.6715
G1 X-22.5049 Y10.6138
G1 X-22.5087 Y10.5945
G1 X-22.5218 Y10.5072
G1 X-22.5242 Y10.4877
G1 X-22.5256 Y10.4681
G1 X-22.5295 Y10.3897
G1 X-22.5299 Y10.3700
G1 X-22.5295 Y10.3504
G1 X-22.5256 Y10.2720
G1 X-22.5242 Y10.2524
G1 X-22.5218 Y10.2329
G1 X-22.5102 Y10.1553
G1 Z2.0000
G1 X-22.4559 Y10.9600
G1 F60.00
G1 Z0.3
G1 F120.00
G1 X-24.3656 Y10.9600
G1 Z2.0000
G1 X-24.8678 Y11.4400
G1 F60.00
G1 Z0.3
G1 F120.00
G1 X-22.3149 Y11.4400
G1 Z2.0000
G1 X-21.8719 Y22.0000
G1 F60.00
G1 Z0.3
G1 F120.00
G1 X-24.8680 Y22.0000
G1 Z2.0000
G1 X-26.9519 Y22.0000
G1 F60.00
G1 Z0.3
G1 F120.00
G1 X-46.9999 Y22.0000
G1 X-46.9999 Y22.4800
G1 X-27.4542 Y22.4800
G1 Z2.0000
G1 X-27.5902 Y22.8553
G1 F60.00
G1 Z0.3
G1 F120.00
G1 X-27.5869 Y22.8359
G1 X-27.5826 Y22.8168
G1 X-27.5610 Y22.7311
G1 X-27.5521 Y22.7031
G1 X-27.5257 Y22.6291
G1 X-27.5186 Y22.6108
G1 X-27.5106 Y22.5929
G1 X-27.4771 Y22.5219
G1 X-27.4683 Y22.5044
G1 X-27.4586 Y22.4873
G1 X-27.4182 Y22.4200
G1 X-27.4077 Y22.4034
G1 X-27.3964 Y22.3873
G1 X-27.3496 Y22.3243
G1 X-27.3312 Y22.3013
G1 X-27.2720 Y22.2357
G1 X-27.2585 Y22.2215
G1 X-27.2443 Y22.2080
G1 X-27.1861 Y22.1553
G1 X-27.1712 Y22.1424
G1 X-27.1557 Y22.1304
G1 X-27.0927 Y22.0836
G1 X-27.0766 Y22.0723
G1 X-27.0600 Y22.0618
G1 X-26.9927 Y22.0214
G1 X-26.9756 Y22.0117
G1 X-26.9581 Y22.0029
G1 X-26.8871 Y21.9694
G1 X-26.8601 Y21.9577
G1 X-26.7769 Y21.9279
G1 X-26.7583 Y21.9217
G1 X-26.7394 Y21.9165
G1 X-26.6632 Y21.8974
G1 X-26.6441 Y21.8931
G1 X-26.6247 Y21.8898
G1 X-26.5471 Y21.8782
G1 X-26.5178 Y21.8750
G1 X-26.4296 Y21.8705
G1 X-26.4100 Y21.8701
G1 X-25.4100 Y21.8701
G1 X-25.3903 Y21.8705
G1 X-25.3119 Y21.8744
G1 X-25.2923 Y21.8758
G1 X-25.2728 Y21.8782
G1 X-25.1952 Y21.8898
G1 X-25.1758 Y21.8931
G1 X-25.1567 Y21.8974
G1 X-25.0805 Y21.9165
G1 X-25.0522 Y21.9247
G1 X-24.9690 Y21.9543
G1 X-24.9507 Y21.9614
G1 X-24.9328 Y21.9694
G1 X-24.8618 Y22.0029
G1 X-24.8443 Y22.0117
G1 X-24.8272 Y22.0214
G1 X-24.7599 Y22.0618
G1 X-24.7433 Y22.0723
G1 X-24.7272 Y22.0836
G1 X-24.6563 Y22.1363
G1 X-24.6412 Y22.1488
G1 X-24.6178 Y22.1698
G1 X-22.1221 Y22.1698
G1 X-22.0987 Y22.1488
G1 X-22.0836 Y22.1363
G1 X-22.0047 Y22.0778
G1 X-21.9800 Y22.0618
G1 X-21.9127 Y22.0214
G1 X-21.8869 Y22.0072
G1 X-21.8071 Y21.9694
G1 X-21.7892 Y21.9614
G1 X-21.7709 Y21.9543
G1 X-21.6969 Y21.9279
G1 X-21.6783 Y21.9217
G1 X-21.6594 Y21.9165
G1 X-21.5832 Y21.8974
G1 X-21.5544 Y21.8913
G1 X-21.4671 Y21.8782
G1 X-21.4476 Y21.8758
G1 X-21.4280 Y21.8744
G1 X-21.3398 Y21.8702
G1 X-20.3300 Y21.8701
G1 X-20.3103 Y21.8705
G1 X-20.2319 Y21.8744
G1 X-20.2123 Y21.8758
G1 X-20.1928 Y21.8782
G1 X-20.1152 Y21.8898
G1 X-20.0958 Y21.8931
G1 X-20.0767 Y21.8974
G1 X-20.0005 Y21.9165
G1 X-19.9816 Y21.9217
G1 X-19.9630 Y21.9279
G1 X-19.8798 Y21.9577
G1 X-19.8528 Y21.9694
G1 X-19.7818 Y22.0029
G1 X-19.7643 Y22.0117
G1 X-19.7472 Y22.0214
G1 X-19.6715 Y22.0669
G1 X-19.6472 Y22.0836
G1 X-19.5763 Y22.1363
G1 X-19.5612 Y22.1488
G1 X-19.5378 Y22.1698
G1 X-15.8162 Y22.1698
G1 X-15.7561 Y22.1153
G1 X-15.7412 Y22.1024
G1 X-15.7257 Y22.0904
G1 X-15.6627 Y22.0436
G1 X-15.6466 Y22.0323
G1 X-15.6300 Y22.0218
G1 X-15.5627 Y21.9814
G1 X-15.5456 Y21.9717
G1 X-15.5281 Y21.9629
G1 X-15.4571 Y21.9294
G1 X-15.4392 Y21.9214
G1 X-15.4209 Y21.9143
G1 X-15.3469 Y21.8879
G1 X-15.3283 Y21.8817
G1 X-15.3094 Y21.8765
G1 X-15.2332 Y21.8574
G1 X-15.2044 Y21.8513
G1 X-15.1171 Y21.8382
G1 X-15.0976 Y21.8358
G1 X-15.0780 Y21.8344
G1 X-14.9898 Y21.8302
G1 X-13.9800 Y21.8301
G1 X-13.9603 Y21.8305
G1 X-13.8819 Y21.8344
G1 X-13.8623 Y21.8358
G1 X-13.8428 Y21.8382
G1 X-13.7652 Y21.8498
G1 X-13.7458 Y21.8531
G1 X-13.7267 Y21.8574
G1 X-13.6505 Y21.8765
G1 X-13.6316 Y21.8817
G1 X-13.6130 Y21.8879
G1 X-13.5390 Y21.9143
G1 X-13.5207 Y21.9214
G1 X-13.5028 Y21.9294
G1 X-13.4318 Y21.9629
G1 X-13.4143 Y21.9717
G1 X-13.3972 Y21.9814
G1 X-13.3299 Y22.0218
G1 X-13.3133 Y22.0323
G1 X-13.2972 Y22.0436
G1 X-13.2342 Y22.0904
G1 X-13.2187 Y22.1024
G1 X-13.2038 Y22.1153
G1 X-13.1456 Y22.1680
G1 X-13.1314 Y22.1815
G1 X-13.1179 Y22.1957
G1 X-13.0652 Y22.2539
G1 X-13.0523 Y22.2688
G1 X-13.0403 Y22.2843
G1 X-12.9935 Y22.3473
G1 X-12.9822 Y22.3634
G1 X-12.9717 Y22.3800
G1 X-12.9313 Y22.4473
G1 X-12.9216 Y22.4644
G1 X-12.9128 Y22.4819
G1 X-12.8793 Y22.5529
G1 X-12.8713 Y22.5708
G1 X-12.8642 Y22.5891
G1 X-12.8378 Y22.6631
G1 X-12.8316 Y22.6817
G1 X-12.8264 Y22.7006
G1 X-12.8073 Y22.7768
G1 X-12.8030 Y22.7959
G1 X-12.7997 Y22.8153
G1 X-12.7881 Y22.8929
G1 X-12.7857 Y22.9124
G1 X-12.7843 Y22.9320
G1 X-12.7804 Y23.0104
G1 X-12.7800 Y23.0300
G1 X-12.7804 Y23.0497
G1 X-12.7843 Y23.1281
G1 X-12.7857 Y23.1477
G1 X-12.7881 Y23.1672
G1 X-12.7997 Y23.2448
G1 X-12.8030 Y23.2642
G1 X-12.8073 Y23.2833
G1 X-12.8264 Y23.3595
G1 X-12.8316 Y23.3784
G1 X-12.8378 Y23.3970
G1 X-12.8642 Y23.4710
G1 X-12.8713 Y23.4893
G1 X-12.8793 Y23.5072
G1 X-12.9128 Y23.5782
G1 X-12.9216 Y23.5957
G1 X-12.9313 Y23.6128
G1 X-12.9717 Y23.6801
G1 X-12.9822 Y23.6967
G1 X-12.9935 Y23.7128
G1 X-13.0403 Y23.7758
G1 X-13.0523 Y23.7913
G1 X-13.0652 Y23.8062
G1 X-13.1179 Y23.8644
G1 X-13.1314 Y23.8786
G1 X-13.1456 Y23.8921
G1 X-13.2112 Y23.9513
G1 X-13.2342 Y23.9697
G1 X-13.2972 Y24.0165
G1 X-13.3133 Y24.0278
G1 X-13.3299 Y24.0383
G1 X-13.3972 Y24.0787
G1 X-13.4143 Y24.0884
G1 X-13.4318 Y24.0972
G1 X-13.5028 Y24.1307
G1 X-13.5207 Y24.1387
G1 X-13.5390 Y24.1458
G1 X-13.6130 Y24.1722
G1 X-13.6410 Y24.1811
G1 X-13.7267 Y24.2027
G1 X-13.7458 Y24.2070
G1 X-13.7652 Y24.2103
G1 X-13.8428 Y24.2219
G1 X-13.8721 Y24.2251
G1 X-13.9603 Y24.2296
G1 X-13.9800 Y24.2300
G1 X-14.4068 Y24.2300
G1 X-18.9634 Y28.7866
G1 X-18.9776 Y28.8002
G1 X-19.0140 Y28.8331
G1 X-19.0286 Y28.8458
G1 X-19.0443 Y28.8580
G1 X-19.0837 Y28.8873
G1 X-19.0998 Y28.8986
G1 X-19.1164 Y28.9091
G1 X-19.1585 Y28.9343
G1 X-19.1756 Y28.9440
G1 X-19.1931 Y28.9528
G1 X-19.2375 Y28.9738
G1 X-19.2646 Y28.9854
G1 X-19.3293 Y29.0086
G1 X-19.3575 Y29.0168
G1 X-19.4147 Y29.0310
G1 X-19.4437 Y29.0364
G1 X-19.4922 Y29.0436
G1 X-19.5117 Y29.0460
G1 X-19.5313 Y29.0474
G1 X-19.5901 Y29.0502
G1 X-24.5053 Y29.0503
G1 X-24.5287 Y29.0713
G1 X-24.5438 Y29.0838
G1 X-24.6227 Y29.1423
G1 X-24.6474 Y29.1583
G1 X-24.7147 Y29.1987
G1 X-24.7405 Y29.2129
G1 X-24.8203 Y29.2507
G1 X-24.8382 Y29.2587
G1 X-24.8565 Y29.2658
G1 X-24.9305 Y29.2922
G1 X-24.9491 Y29.2984
G1 X-24.9680 Y29.3036
G1 X-25.0442 Y29.3227
G1 X-25.0730 Y29.3288
G1 X-25.1603 Y29.3419
G1 X-25.1798 Y29.3443
G1 X-25.1994 Y29.3457
G1 X-25.2876 Y29.3499
G1 X-26.2975 Y29.3500
G1 X-26.3171 Y29.3496
G1 X-26.3955 Y29.3457
G1 X-26.4151 Y29.3443
G1 X-26.4346 Y29.3419
G1 X-26.5122 Y29.3303
G1 X-26.5316 Y29.3270
G1 X-26.5507 Y29.3227
G1 X-26.6364 Y29.3011
G1 X-26.6644 Y29.2922
G1 X-26.7384 Y29.2658
G1 X-26.7567 Y29.2587
G1 X-26.7746 Y29.2507
G1 X-26.8456 Y29.2172
G1 X-26.8631 Y29.2084
G1 X-26.8802 Y29.1987
G1 X-26.9475 Y29.1583
G1 X-26.9641 Y29.1478
G1 X-26.9802 Y29.1365
G1 X-27.0432 Y29.0897
G1 X-27.0662 Y29.0713
G1 X-27.1318 Y29.0121
G1 X-27.1460 Y28.9986
G1 X-27.1595 Y28.9844
G1 X-27.2122 Y28.9262
G1 X-27.2251 Y28.9113
G1 X-27.2371 Y28.8958
G1 X-27.2839 Y28.8328
G1 X-27.2952 Y28.8167
G1 X-27.3057 Y28.8001
G1 X-27.3461 Y28.7328
G1 X-27.3558 Y28.7157
G1 X-27.3646 Y28.6982
G1 X-27.3981 Y28.6272
G1 X-27.4098 Y28.6002
G1 X-27.4396 Y28.5170
G1 X-27.4458 Y28.4984
G1 X-27.4510 Y28.4795
G1 X-27.4701 Y28.4033
G1 X-27.4744 Y28.3842
G1 X-27.4777 Y28.3648
G1 X-27.4893 Y28.2872
G1 X-27.4917 Y28.2677
G1 X-27.4931 Y28.2481
G1 X-27.4970 Y28.1697
G1 X-27.4974 Y28.1500
G1 X-27.4970 Y28.1304
G1 X-27.4931 Y28.0520
G1 X-27.4906 Y28.0227
G1 X-27.4777 Y27.9353
G1 X-27.4744 Y27.9159
G1 X-27.4701 Y27.8968
G1 X-27.4510 Y27.8206
G1 X-27.4458 Y27.8017
G1 X-27.4396 Y27.7831
G1 X-27.4132 Y27.7091
G1 X-27.4061 Y27.6908
G1 X-27.3981 Y27.6729
G1 X-27.3646 Y27.6019
G1 X-27.3558 Y27.5844
G1 X-27.3461 Y27.5673
G1 X-27.3057 Y27.5000
G1 X-27.2897 Y27.4753
G1 X-27.2371 Y27.4043
G1 X-27.2251 Y27.3888
G1 X-27.2122 Y27.3739
G1 X-27.1595 Y27.3157
G1 X-27.1460 Y27.3015
G1 X-27.1318 Y27.2880
G1 X-27.0736 Y27.2353
G1 X-27.0587 Y27.2224
G1 X-27.0432 Y27.2104
G1 X-26.9802 Y27.1636
G1 X-26.9641 Y27.1523
G1 X-26.9475 Y27.1418
G1 X-26.8717 Y27.0965
G1 X-26.8456 Y27.0829
G1 X-26.7746 Y27.0494
G1 X-26.7567 Y27.0414
G1 X-26.7384 Y27.0343
G1 X-26.6644 Y27.0079
G1 X-26.6458 Y27.0017
G1 X-26.6269 Y26.9965
G1 X-26.5507 Y26.9774
G1 X-26.5316 Y26.9731
G1 X-26.5122 Y26.9698
G1 X-26.4346 Y26.9582
G1 X-26.4151 Y26.9558
G1 X-26.3955 Y26.9544
G1 X-26.3171 Y26.9505
G1 X-26.2975 Y26.9501
G1 X-25.2876 Y26.9502
G1 X-25.1994 Y26.9544
G1 X-25.1798 Y26.9558
G1 X-25.1603 Y26.9582
G1 X-25.0827 Y26.9698
G1 X-25.0633 Y26.9731
G1 X-25.0442 Y26.9774
G1 X-24.9680 Y26.9965
G1 X-24.9491 Y27.0017
G1 X-24.9305 Y27.0079
G1 X-24.8473 Y27.0377
G1 X-24.8203 Y27.0494
G1 X-24.7493 Y27.0829
G1 X-24.7318 Y27.0917
G1 X-24.7147 Y27.1014
G1 X-24.6390 Y27.1469
G1 X-24.6147 Y27.1636
G1 X-24.5438 Y27.2163
G1 X-24.5287 Y27.2288
G1 X-24.5053 Y27.2498
G1 X-19.9728 Y27.2498
G1 X-16.6933 Y23.9703
G1 X-19.5378 Y23.9703
G1 X-19.5612 Y23.9913
G1 X-19.5763 Y24.0038
G1 X-19.6552 Y24.0623
G1 X-19.6799 Y24.0783
G1 X-19.7472 Y24.1187
G1 X-19.7730 Y24.1329
G1 X-19.8528 Y24.1707
G1 X-19.8707 Y24.1787
G1 X-19.8890 Y24.1858
G1 X-19.9630 Y24.2122
G1 X-19.9816 Y24.2184
G1 X-20.0005 Y24.2236
G1 X-20.0767 Y24.2427
G1 X-20.1055 Y24.2488
G1 X-20.1928 Y24.2619
G1 X-20.2123 Y24.2643
G1 X-20.2319 Y24.2657
G1 X-20.3201 Y24.2699
G1 X-21.3300 Y24.2700
G1 X-21.3496 Y24.2696
G1 X-21.4280 Y24.2657
G1 X-21.4476 Y24.2643
G1 X-21.4671 Y24.2619
G1 X-21.5447 Y24.2503
G1 X-21.5641 Y24.2470
G1 X-21.5832 Y24.2427
G1 X-21.6594 Y24.2236
G1 X-21.6783 Y24.2184
G1 X-21.6969 Y24.2122
G1 X-21.7801 Y24.1824
G1 X-21.8071 Y24.1707
G1 X-21.8781 Y24.1372
G1 X-21.8956 Y24.1284
G1 X-21.9127 Y24.1187
G1 X-21.9884 Y24.0732
G1 X-22.0127 Y24.0565
G1 X-22.0836 Y24.0038
G1 X-22.0987 Y23.9913
G1 X-22.1221 Y23.9703
G1 X-24.6178 Y23.9703
G1 X-24.6412 Y23.9913
G1 X-24.6563 Y24.0038
G1 X-24.7272 Y24.0565
G1 X-24.7433 Y24.0678
G1 X-24.7599 Y24.0783
G1 X-24.8272 Y24.1187
G1 X-24.8443 Y24.1284
G1 X-24.8618 Y24.1372
G1 X-24.9328 Y24.1707
G1 X-24.9507 Y24.1787
G1 X-24.9690 Y24.1858
G1 X-25.0522 Y24.2154
G1 X-25.0805 Y24.2236
G1 X-25.1567 Y24.2427
G1 X-25.1758 Y24.2470
G1 X-25.1952 Y24.2503
G1 X-25.2728 Y24.2619
G1 X-25.2923 Y24.2643
G1 X-25.3119 Y24.2657
G1 X-25.3903 Y24.2696
G1 X-25.4100 Y24.2700
G1 X-26.4100 Y24.2700
G1 X-26.4296 Y24.2696
G1 X-26.5080 Y24.2657
G1 X-26.5276 Y24.2643
G1 X-26.5471 Y24.2619
G1 X-26.6247 Y24.2503
G1 X-26.6441 Y24.2470
G1 X-26.6632 Y24.2427
G1 X-26.7394 Y24.2236
G1 X-26.7583 Y24.2184
G1 X-26.7769 Y24.2122
G1 X-26.8509 Y24.1858
G1 X-26.8692 Y24.1787
G1 X-26.8871 Y24.1707
G1 X-26.9581 Y24.1372
G1 X-26.9756 Y24.1284
G1 X-26.9927 Y24.1187
G1 X-27.0600 Y24.0783
G1 X-27.0766 Y24.0678
G1 X-27.0927 Y24.0565
G1 X-27.1557 Y24.0097
G1 X-27.1712 Y23.9977
G1 X-27.1861 Y23.9848
G1 X-27.2443 Y23.9321
G1 X-27.2585 Y23.9186
G1 X-27.2720 Y23.9044
G1 X-27.3247 Y23.8462
G1 X-27.3376 Y23.8313
G1 X-27.3496 Y23.8158
G1 X-27.3964 Y23.7528
G1 X-27.4131 Y23.7285
G1 X-27.4635 Y23.6443
G1 X-27.4771 Y23.6182
G1 X-27.5106 Y23.5472
G1 X-27.5186 Y23.5293
G1 X-27.5257 Y23.5110
G1 X-27.5521 Y23.4370
G1 X-27.5610 Y23.4090
G1 X-27.5826 Y23.3233
G1 X-27.5887 Y23.2945
G1 X-27.6031 Y23.1974
G1 X-27.6056 Y23.1681
G1 X-27.6098 Y23.0799
G1 X-27.6095 Y23.0504
G1 X-27.6056 Y22.9720
G1 X-27.6042 Y22.9524
G1 X-27.6018 Y22.9329
G1 X-27.5902 Y22.8553
G1 Z2.0000
G1 X-27.6048 Y22.9600
G1 F60.00
G1 Z0.3
G1 F120.00
G1 X-46.9999 Y22.9600
G1 X-46.9999 Y23.4400
G1 X-27.5511 Y23.4400
G1 Z2.0000
G1 X-27.2570 Y23.9200
G1 F60.00
G1 Z0.3
G1 F120.00
G1 X-46.9999 Y23.9200
G1 X-46.9999 Y24.4000
G1 X-17.1230 Y24.4000
G1 X-17.6030 Y24.8800
G1 X-46.9999 Y24.8800
G1 X-46.9999 Y25.3600
G1 X-18.0830 Y25.3600
G1 X-18.5630 Y25.8400
G1 X-46.9999 Y25.8400
G1 X-46.9999 Y26.3200
G1 X-19.0430 Y26.3200
G1 Z2.0000
G1 X-19.7880 Y22.0000
G1 F60.00
G1 Z0.3
G1 F120.00
G1 X-15.5937 Y22.0000
G1 X-13.3048 Y19.1200
G1 X-9.1743 Y19.1200
G1 Z2.0000
G1 X-9.3248 Y18.6400
G1 F60.00
G1 Z0.3
G1 F120.00
G1 X-12.5229 Y18.6400
G1 Z2.0000
G1 X-12.0243 Y18.1600
G1 F60.00
G1 Z0.3
G1 F120.00
G1 X-9.3299 Y18.1600
G1 X-9.3299 Y17.6800
G1 X-11.5310 Y17.6800
G1 X-11.0377 Y17.2000
G1 X-9.2833 Y17.2000
G1 Z2.0000
G1 X-9.3102 Y17.3153
G1 F60.00
G1 Z0.3
G1 F120.00
G1 X-9.3069 Y17.2959
G1 X-9.3026 Y17.2768
G1 X-9.2835 Y17.2006
G1 X-9.2783 Y17.1817
G1 X-9.2721 Y17.1631
G1 X-9.2457 Y17.0891
G1 X-9.2386 Y17.0708
G1 X-9.2306 Y17.0529
G1 X-9.1971 Y16.9819
G1 X-9.1883 Y16.9644
G1 X-9.1786 Y16.9473
G1 X-9.1382 Y16.8800
G1 X-9.1222 Y16.8553
G1 X-9.0637 Y16.7764
G1 X-9.0447 Y16.7539
G1 X-8.9920 Y16.6957
G1 X-8.9785 Y16.6815
G1 X-8.9643 Y16.6680
G1 X-8.9061 Y16.6153
G1 X-8.8836 Y16.5963
G1 X-8.8047 Y16.5378
G1 X-8.7800 Y16.5218
G1 X-8.7042 Y16.4765
G1 X-8.6781 Y16.4629
G1 X-8.6071 Y16.4294
G1 X-8.5892 Y16.4214
G1 X-8.5709 Y16.4143
G1 X-8.4969 Y16.3879
G1 X-8.4783 Y16.3817
G1 X-8.4594 Y16.3765
G1 X-8.3832 Y16.3574
G1 X-8.3641 Y16.3531
G1 X-8.3447 Y16.3498
G1 X-8.2671 Y16.3382
G1 X-8.2378 Y16.3350
G1 X-8.1496 Y16.3305
G1 X-8.1201 Y16.3302
G1 X-8.0221 Y16.3350
G1 X-7.9928 Y16.3382
G1 X-7.9055 Y16.3513
G1 X-7.8767 Y16.3574
G1 X-7.8005 Y16.3765
G1 X-7.7816 Y16.3817
G1 X-7.7630 Y16.3879
G1 X-7.7002 Y16.4104
G1 X-7.7002 Y14.3030
G1 X-7.7415 Y14.2654
G1 X-7.7553 Y14.2516
G1 X-7.8147 Y14.1862
G1 X-7.8337 Y14.1637
G1 X-7.8864 Y14.0928
G1 X-7.8977 Y14.0767
G1 X-7.9082 Y14.0601
G1 X-7.9486 Y13.9928
G1 X-7.9628 Y13.9670
G1 X-8.0006 Y13.8872
G1 X-8.0086 Y13.8693
G1 X-8.0157 Y13.8510
G1 X-8.0421 Y13.7770
G1 X-8.0510 Y13.7490
G1 X-8.0726 Y13.6633
G1 X-8.0787 Y13.6345
G1 X-8.0931 Y13.5374
G1 X-8.0956 Y13.5081
G1 X-8.0995 Y13.4297
G1 X-8.0999 Y13.4100
G1 X-8.0999 Y12.4100
G1 X-8.0995 Y12.3904
G1 X-8.0950 Y12.3022
G1 X-8.0918 Y12.2729
G1 X-8.0802 Y12.1953
G1 X-8.0769 Y12.1759
G1 X-8.0726 Y12.1568
G1 X-8.0535 Y12.0806
G1 X-8.0483 Y12.0617
G1 X-8.0421 Y12.0431
G1 X-8.0157 Y11.9691
G1 X-8.0086 Y11.9508
G1 X-8.0006 Y11.9329
G1 X-7.9628 Y11.8531
G1 X-7.9486 Y11.8273
G1 X-7.9082 Y11.7600
G1 X-7.8977 Y11.7434
G1 X-7.8864 Y11.7273
G1 X-7.8396 Y11.6643
G1 X-7.8276 Y11.6488
G1 X-7.8147 Y11.6339
G1 X-7.7620 Y11.5757
G1 X-7.7485 Y11.5615
G1 X-7.7343 Y11.5480
G1 X-7.6761 Y11.4953
G1 X-7.6612 Y11.4824
G1 X-7.6457 Y11.4704
G1 X-7.5827 Y11.4236
G1 X-7.5666 Y11.4123
G1 X-7.5500 Y11.4018
G1 X-7.4827 Y11.3614
G1 X-7.4656 Y11.3517
G1 X-7.4481 Y11.3429
G1 X-7.3771 Y11.3094
G1 X-7.3592 Y11.3014
G1 X-7.3409 Y11.2943
G1 X-7.2669 Y11.2679
G1 X-7.2483 Y11.2617
G1 X-7.2294 Y11.2565
G1 X-7.1532 Y11.2374
G1 X-7.1341 Y11.2331
G1 X-7.1147 Y11.2298
G1 X-7.0371 Y11.2182
G1 X-7.0176 Y11.2158
G1 X-6.9980 Y11.2144
G1 X-6.9196 Y11.2105
G1 X-6.9000 Y11.2101
G1 X-6.8803 Y11.2105
G1 X-6.8019 Y11.2144
G1 X-6.7823 Y11.2158
G1 X-6.7628 Y11.2182
G1 X-6.6852 Y11.2298
G1 X-6.6658 Y11.2331
G1 X-6.6467 Y11.2374
G1 X-6.5705 Y11.2565
G1 X-6.5516 Y11.2617
G1 X-6.5330 Y11.2679
G1 X-6.4590 Y11.2943
G1 X-6.4407 Y11.3014
G1 X-6.4228 Y11.3094
G1 X-6.3430 Y11.3472
G1 X-6.3172 Y11.3614
G1 X-6.2499 Y11.4018
G1 X-6.2333 Y11.4123
G1 X-6.2172 Y11.4236
G1 X-6.1542 Y11.4704
G1 X-6.1387 Y11.4824
G1 X-6.1238 Y11.4953
G1 X-6.0656 Y11.5480
G1 X-6.0514 Y11.5615
G1 X-6.0379 Y11.5757
G1 X-5.9852 Y11.6339
G1 X-5.9723 Y11.6488
G1 X-5.9603 Y11.6643
G1 X-5.9135 Y11.7273
G1 X-5.9022 Y11.7434
G1 X-5.8917 Y11.7600
G1 X-5.8513 Y11.8273
G1 X-5.8416 Y11.8444
G1 X-5.8328 Y11.8619
G1 X-5.7993 Y11.9329
G1 X-5.7913 Y11.9508
G1 X-5.7842 Y11.9691
G1 X-5.7578 Y12.0431
G1 X-5.7516 Y12.0617
G1 X-5.7464 Y12.0806
G1 X-5.7273 Y12.1568
G1 X-5.7230 Y12.1759
G1 X-5.7197 Y12.1953
G1 X-5.7081 Y12.2729
G1 X-5.7057 Y12.2924
G1 X-5.7043 Y12.3120
G1 X-5.7001 Y12.4002
G1 X-5.7000 Y13.4100
G1 X-5.7004 Y13.4297
G1 X-5.7043 Y13.5081
G1 X-5.7068 Y13.5374
G1 X-5.7197 Y13.6248
G1 X-5.7230 Y13.6442
G1 X-5.7273 Y13.6633
G1 X-5.7464 Y13.7395
G1 X-5.7516 Y13.7584
G1 X-5.7578 Y13.7770
G1 X-5.7842 Y13.8510
G1 X-5.7913 Y13.8693
G1 X-5.7993 Y13.8872
G1 X-5.8371 Y13.9670
G1 X-5.8513 Y13.9928
G1 X-5.8917 Y14.0601
G1 X-5.9022 Y14.0767
G1 X-5.9135 Y14.0928
G1 X-5.9662 Y14.1637
G1 X-5.9852 Y14.1862
G1 X-6.0446 Y14.2516
G1 X-6.0584 Y14.2654
G1 X-6.0998 Y14.3030
G1 X-6.0998 Y16.8000
G1 X-6.1002 Y16.8197
G1 X-6.1028 Y16.8687
G1 X-6.1060 Y16.8980
G1 X-6.1118 Y16.9368
G1 X-6.1151 Y16.9562
G1 X-6.1194 Y16.9753
G1 X-6.1315 Y17.0229
G1 X-6.1404 Y17.0510
G1 X-6.1536 Y17.0880
G1 X-6.1607 Y17.1063
G1 X-6.1686 Y17.1242
G1 X-6.1854 Y17.1597
G1 X-6.1942 Y17.1773
G1 X-6.2039 Y17.1943
G1 X-6.2241 Y17.2280
G1 X-6.2346 Y17.2446
G1 X-6.2459 Y17.2607
G1 X-6.2693 Y17.2922
G1 X-6.2877 Y17.3152
G1 X-6.3221 Y17.3533
G1 X-6.3341 Y17.3659
G1 X-6.9300 Y17.9617
G1 X-6.9301 Y18.5399
G1 X-6.9343 Y18.6281
G1 X-6.9368 Y18.6574
G1 X-6.9512 Y18.7545
G1 X-6.9573 Y18.7833
G1 X-6.9764 Y18.8595
G1 X-6.9816 Y18.8784
G1 X-6.9878 Y18.8970
G1 X-7.0142 Y18.9710
G1 X-7.0213 Y18.9893
G1 X-7.0293 Y19.0072
G1 X-7.0628 Y19.0782
G1 X-7.0716 Y19.0957
G1 X-7.0813 Y19.1128
G1 X-7.1217 Y19.1801
G1 X-7.1322 Y19.1967
G1 X-7.1435 Y19.2128
G1 X-7.1903 Y19.2758
G1 X-7.2023 Y19.2913
G1 X-7.2152 Y19.3062
G1 X-7.2679 Y19.3644
G1 X-7.2814 Y19.3786
G1 X-7.2956 Y19.3921
G1 X-7.3538 Y19.4448
G1 X-7.3687 Y19.4577
G1 X-7.3842 Y19.4697
G1 X-7.4472 Y19.5165
G1 X-7.4633 Y19.5278
G1 X-7.4799 Y19.5383
G1 X-7.5472 Y19.5787
G1 X-7.5643 Y19.5884
G1 X-7.5818 Y19.5972
G1 X-7.6528 Y19.6307
G1 X-7.6707 Y19.6387
G1 X-7.6890 Y19.6458
G1 X-7.7630 Y19.6722
G1 X-7.7816 Y19.6784
G1 X-7.8005 Y19.6836
G1 X-7.8767 Y19.7027
G1 X-7.8958 Y19.7070
G1 X-7.9152 Y19.7103
G1 X-7.9928 Y19.7219
G1 X-8.0123 Y19.7243
G1 X-8.0319 Y19.7257
G1 X-8.1103 Y19.7296
G1 X-8.1300 Y19.7300
G1 X-8.1496 Y19.7296
G1 X-8.2280 Y19.7257
G1 X-8.2476 Y19.7243
G1 X-8.2671 Y19.7219
G1 X-8.3447 Y19.7103
G1 X-8.3641 Y19.7070
G1 X-8.3832 Y19.7027
G1 X-8.4594 Y19.6836
G1 X-8.4783 Y19.6784
G1 X-8.4969 Y19.6722
G1 X-8.5709 Y19.6458
G1 X-8.5892 Y19.6387
G1 X-8.6071 Y19.6307
G1 X-8.6781 Y19.5972
G1 X-8.6956 Y19.5884
G1 X-8.7127 Y19.5787
G1 X-8.7800 Y19.5383
G1 X-8.7966 Y19.5278
G1 X-8.8127 Y19.5165
G1 X-8.8757 Y19.4697
G1 X-8.8912 Y19.4577
G1 X-8.9061 Y19.4448
G1 X-8.9643 Y19.3921
G1 X-8.9785 Y19.3786
G1 X-8.9920 Y19.3644
G1 X-9.0447 Y19.3062
G1 X-9.0576 Y19.2913
G1 X-9.0696 Y19.2758
G1 X-9.1164 Y19.2128
G1 X-9.1277 Y19.1967
G1 X-9.1382 Y19.1801
G1 X-9.1786 Y19.1128
G1 X-9.1883 Y19.0957
G1 X-9.1971 Y19.0782
G1 X-9.2306 Y19.0072
G1 X-9.2386 Y18.9893
G1 X-9.2457 Y18.9710
G1 X-9.2721 Y18.8970
G1 X-9.2783 Y18.8784
G1 X-9.2835 Y18.8595
G1 X-9.3049 Y18.7738
G1 X-9.3102 Y18.7448
G1 X-9.3218 Y18.6672
G1 X-9.3242 Y18.6477
G1 X-9.3256 Y18.6281
G1 X-9.3298 Y18.5399
G1 X-9.3299 Y17.5300
G1 X-9.3295 Y17.5104
G1 X-9.3256 Y17.4320
G1 X-9.3242 Y17.4124
G1 X-9.3218 Y17.3929
G1 X-9.3102 Y17.3153
G1 Z2.0000
G1 X-9.0140 Y16.7200
G1 F60.00
G1 Z0.3
G1 F120.00
G1 X-10.5443 Y16.7200
G1 X-10.0510 Y16.2400
G1 X-7.7002 Y16.2400
G1 X-7.7002 Y15.7600
G1 X-9.5577 Y15.7600
G1 X-9.0643 Y15.2800
G1 X-7.7002 Y15.2800
G1 X-7.7002 Y14.8000
G1 X-8.6504 Y14.8000
G1 Z2.0000
G1 X-8.3997 Y14.3200
G1 F60.00
G1 Z0.3
G1 F120.00
G1 X-7.7002 Y14.3200
G1 Z2.0000
G1 X-8.0196 Y13.8400
G1 F60.00
G1 Z0.3
G1 F120.00
G1 X-8.2702 Y13.8400
G1 Z2.0000
G1 X-8.2000 Y13.3600
G1 F60.00
G1 Z0.3
G1 F120.00
G1 X-8.0999 Y13.3600
G1 X-8.0999 Y12.8800
G1 X-8.2000 Y12.8800
G1 Z2.0000
G1 X-8.2001 Y12.4000
G1 F60.00
G1 Z0.3
G1 F120.00
G1 X-8.0998 Y12.4000
G1 Z2.0000
G1 X-7.9946 Y11.9200
G1 F60.00
G1 Z0.3
G1 F120.00
G1 X-8.2380 Y11.9200
G1 Z2.0000
G1 X-8.2489 Y11.4400
G1 F60.00
G1 Z0.3
G1 F120.00
G1 X-7.6048 Y11.4400
G1 Z2.0000
G1 X-6.1951 Y11.4400
G1 F60.00
G1 Z0.3
G1 F120.00
G1 X-0.2870 Y11.4400
G1 X-0.1451 Y11.9200
G1 X-5.8053 Y11.9200
G1 Z2.0000
G1 X-5.7001 Y12.4000
G1 F60.00
G1 Z0.3
G1 F120.00
G1 X-0.1451 Y12.4000
G1 X-0.1451 Y12.8800
G1 X-5.7000 Y12.8800
G1 X-5.7000 Y13.3600
G1 X-0.6149 Y13.3600
G1 Z2.0000
G1 X-0.8907 Y13.8400
G1 F60.00
G1 Z0.3
G1 F120.00
G1 X-5.7803 Y13.8400
G1 Z2.0000
G1 X-6.0998 Y14.3200
G1 F60.00
G1 Z0.3
G1 F120.00
G1 X-0.9313 Y14.3200
G1 Z2.0000
G1 X-0.7663 Y14.8000
G1 F60.00
G1 Z0.3
G1 F120.00
G1 X-6.0998 Y14.8000
G1 X-6.0998 Y15.2800
G1 X-0.2187 Y15.2800
G1 X-0.4583 Y15.7600
G1 X-6.0998 Y15.7600
G1 X-6.0998 Y16.2400
G1 X-0.8393 Y16.2400
G1 Z2.0000
G1 X-0.9202 Y16.5053
G1 F60.00
G1 Z0.3
G1 F120.00
G1 X-0.9169 Y16.4859
G1 X-0.9126 Y16.4668
G1 X-0.8910 Y16.3811
G1 X-0.8821 Y16.3531
G1 X-0.8557 Y16.2791
G1 X-0.8486 Y16.2608
G1 X-0.8406 Y16.2429
G1 X-0.8071 Y16.1719
G1 X-0.7983 Y16.1544
G1 X-0.7886 Y16.1373
G1 X-0.7482 Y16.0700
G1 X-0.7377 Y16.0534
G1 X-0.7264 Y16.0373
G1 X-0.6796 Y15.9743
G1 X-0.6612 Y15.9513
G1 X-0.6020 Y15.8857
G1 X-0.5885 Y15.8715
G1 X-0.5743 Y15.8580
G1 X-0.5161 Y15.8053
G1 X-0.5012 Y15.7924
G1 X-0.4857 Y15.7804
G1 X-0.4227 Y15.7336
G1 X-0.4066 Y15.7223
G1 X-0.3900 Y15.7118
G1 X-0.3227 Y15.6714
G1 X-0.3056 Y15.6617
G1 X-0.2881 Y15.6529
G1 X-0.2171 Y15.6194
G1 X-0.1901 Y15.6077
G1 X-0.1069 Y15.5779
G1 X-0.0883 Y15.5717
G1 X-0.0694 Y15.5665
G1 X0.0068 Y15.5474
G1 X0.0259 Y15.5431
G1 X0.0453 Y15.5398
G1 X0.1229 Y15.5282
G1 X0.1424 Y15.5258
G1 X0.1620 Y15.5244
G1 X0.2404 Y15.5205
G1 X0.2600 Y15.5201
G1 X1.2600 Y15.5201
G1 X1.2797 Y15.5205
G1 X1.3581 Y15.5244
G1 X1.3777 Y15.5258
G1 X1.3972 Y15.5282
G1 X1.4748 Y15.5398
G1 X1.4942 Y15.5431
G1 X1.5133 Y15.5474
G1 X1.5895 Y15.5665
G1 X1.6084 Y15.5717
G1 X1.6270 Y15.5779
G1 X1.7010 Y15.6043
G1 X1.7193 Y15.6114
G1 X1.7372 Y15.6194
G1 X1.8170 Y15.6572
G1 X1.8428 Y15.6714
G1 X1.9101 Y15.7118
G1 X1.9267 Y15.7223
G1 X1.9428 Y15.7336
G1 X2.0137 Y15.7863
G1 X2.0362 Y15.8053
G1 X2.1016 Y15.8647
G1 X2.1154 Y15.8785
G1 X2.1530 Y15.9198
G1 X3.3000 Y15.9198
G1 X3.3197 Y15.9203
G1 X3.3589 Y15.9223
G1 X3.3882 Y15.9248
G1 X3.4465 Y15.9334
G1 X3.4753 Y15.9395
G1 X3.5229 Y15.9516
G1 X3.5510 Y15.9605
G1 X3.5972 Y15.9771
G1 X3.6153 Y15.9846
G1 X3.6597 Y16.0055
G1 X3.6773 Y16.0143
G1 X3.6943 Y16.0240
G1 X3.7364 Y16.0494
G1 X3.7527 Y16.0603
G1 X3.7922 Y16.0894
G1 X3.8077 Y16.1015
G1 X3.8226 Y16.1143
G1 X3.8597 Y16.1482
G1 X5.3685 Y17.6568
G1 X5.3899 Y17.6477
G1 X5.4731 Y17.6179
G1 X5.4917 Y17.6117
G1 X5.5106 Y17.6065
G1 X5.5868 Y17.5874
G1 X5.6059 Y17.5831
G1 X5.6253 Y17.5798
G1 X5.7029 Y17.5682
G1 X5.7322 Y17.5650
G1 X5.8204 Y17.5605
G1 X5.8400 Y17.5601
G1 X5.8597 Y17.5605
G1 X5.9381 Y17.5644
G1 X5.9577 Y17.5658
G1 X5.9772 Y17.5682
G1 X6.0548 Y17.5798
G1 X6.0742 Y17.5831
G1 X6.0933 Y17.5874
G1 X6.1695 Y17.6065
G1 X6.1884 Y17.6117
G1 X6.2070 Y17.6179
G1 X6.2902 Y17.6477
G1 X6.3172 Y17.6594
G1 X6.3882 Y17.6929
G1 X6.4057 Y17.7017
G1 X6.4228 Y17.7114
G1 X6.4901 Y17.7518
G1 X6.5067 Y17.7623
G1 X6.5228 Y17.7736
G1 X6.5858 Y17.8204
G1 X6.6013 Y17.8324
G1 X6.6162 Y17.8453
G1 X6.6744 Y17.8980
G1 X6.6886 Y17.9115
G1 X6.7021 Y17.9257
G1 X6.7613 Y17.9913
G1 X6.7797 Y18.0143
G1 X6.8265 Y18.0773
G1 X6.8378 Y18.0934
G1 X6.8483 Y18.1100
G1 X6.8887 Y18.1773
G1 X6.8984 Y18.1944
G1 X6.9072 Y18.2119
G1 X6.9407 Y18.2829
G1 X6.9524 Y18.3099
G1 X6.9822 Y18.3931
G1 X6.9884 Y18.4117
G1 X6.9936 Y18.4306
G1 X7.0150 Y18.5163
G1 X7.0203 Y18.5453
G1 X7.0319 Y18.6229
G1 X7.0343 Y18.6424
G1 X7.0357 Y18.6620
G1 X7.0396 Y18.7404
G1 X7.0400 Y18.7600
G1 X7.0400 Y19.7600
G1 X7.0396 Y19.7797
G1 X7.0351 Y19.8679
G1 X7.0319 Y19.8972
G1 X7.0203 Y19.9748
G1 X7.0170 Y19.9942
G1 X7.0127 Y20.0133
G1 X6.9936 Y20.0895
G1 X6.9884 Y20.1084
G1 X6.9822 Y20.1270
G1 X6.9558 Y20.2010
G1 X6.9487 Y20.2193
G1 X6.9407 Y20.2372
G1 X6.9072 Y20.3082
G1 X6.8936 Y20.3343
G1 X6.8432 Y20.4185
G1 X6.8265 Y20.4428
G1 X6.7797 Y20.5058
G1 X6.7613 Y20.5288
G1 X6.7021 Y20.5944
G1 X6.6886 Y20.6086
G1 X6.6744 Y20.6221
G1 X6.6162 Y20.6748
G1 X6.6013 Y20.6877
G1 X6.5858 Y20.6997
G1 X6.5228 Y20.7465
G1 X6.4985 Y20.7632
G1 X6.4228 Y20.8087
G1 X6.3970 Y20.8229
G1 X6.3083 Y20.8648
G1 X6.2810 Y20.8758
G1 X6.2070 Y20.9022
G1 X6.1884 Y20.9084
G1 X6.1695 Y20.9136
G1 X6.0933 Y20.9327
G1 X6.0742 Y20.9370
G1 X6.0548 Y20.9403
G1 X5.9772 Y20.9519
G1 X5.9577 Y20.9543
G1 X5.9381 Y20.9557
G1 X5.8597 Y20.9596
G1 X5.8302 Y20.9599
G1 X5.7420 Y20.9557
G1 X5.7224 Y20.9543
G1 X5.7029 Y20.9519
G1 X5.6253 Y20.9403
G1 X5.6059 Y20.9370
G1 X5.5868 Y20.9327
G1 X5.5106 Y20.9136
G1 X5.4917 Y20.9084
G1 X5.4731 Y20.9022
G1 X5.3991 Y20.8758
G1 X5.3808 Y20.8687
G1 X5.3685 Y20.8633
G1 X2.5489 Y23.6827
G1 X2.5126 Y23.7158
G1 X2.4977 Y23.7286
G1 X2.4822 Y23.7407
G1 X2.4507 Y23.7641
G1 X2.4264 Y23.7807
G1 X2.3843 Y23.8061
G1 X2.3673 Y23.8158
G1 X2.3497 Y23.8246
G1 X2.3142 Y23.8414
G1 X2.2875 Y23.8529
G1 X2.2410 Y23.8696
G1 X2.2223 Y23.8758
G1 X2.2034 Y23.8810
G1 X2.1725 Y23.8888
G1 X2.1221 Y23.9444
G1 X2.1086 Y23.9586
G1 X2.0944 Y23.9721
G1 X2.0362 Y24.0248
G1 X2.0213 Y24.0377
G1 X2.0058 Y24.0497
G1 X1.9428 Y24.0965
G1 X1.9267 Y24.1078
G1 X1.9101 Y24.1183
G1 X1.8428 Y24.1587
G1 X1.8257 Y24.1684
G1 X1.8082 Y24.1772
G1 X1.7372 Y24.2107
G1 X1.7193 Y24.2187
G1 X1.7010 Y24.2258
G1 X1.6270 Y24.2522
G1 X1.6084 Y24.2584
G1 X1.5895 Y24.2636
G1 X1.5133 Y24.2827
G1 X1.4942 Y24.2870
G1 X1.4748 Y24.2903
G1 X1.3972 Y24.3019
G1 X1.3777 Y24.3043
G1 X1.3581 Y24.3057
G1 X1.2797 Y24.3096
G1 X1.2600 Y24.3100
G1 X0.2600 Y24.3100
G1 X0.2404 Y24.3096
G1 X0.1522 Y24.3051
G1 X0.1229 Y24.3019
G1 X0.0453 Y24.2903
G1 X0.0259 Y24.2870
G1 X0.0068 Y24.2827
G1 X-0.0694 Y24.2636
G1 X-0.0883 Y24.2584
G1 X-0.1069 Y24.2522
G1 X-0.1809 Y24.2258
G1 X-0.1992 Y24.2187
G1 X-0.2171 Y24.2107
G1 X-0.2881 Y24.1772
G1 X-0.3056 Y24.1684
G1 X-0.3227 Y24.1587
G1 X-0.3900 Y24.1183
G1 X-0.4066 Y24.1078
G1 X-0.4227 Y24.0965
G1 X-0.4857 Y24.0497
G1 X-0.5012 Y24.0377
G1 X-0.5161 Y24.0248
G1 X-0.5743 Y23.9721
G1 X-0.5885 Y23.9586
G1 X-0.6020 Y23.9444
G1 X-0.6547 Y23.8862
G1 X-0.6676 Y23.8713
G1 X-0.6796 Y23.8558
G1 X-0.7264 Y23.7928
G1 X-0.7377 Y23.7767
G1 X-0.7482 Y23.7601
G1 X-0.7886 Y23.6928
G1 X-0.8028 Y23.6670
G1 X-0.8447 Y23.5783
G1 X-0.8557 Y23.5510
G1 X-0.8821 Y23.4770
G1 X-0.8883 Y23.4584
G1 X-0.8935 Y23.4395
G1 X-0.9126 Y23.3633
G1 X-0.9169 Y23.3442
G1 X-0.9202 Y23.3248
G1 X-0.9318 Y23.2472
G1 X-0.9342 Y23.2277
G1 X-0.9356 Y23.2081
G1 X-0.9395 Y23.1297
G1 X-0.9398 Y23.1002
G1 X-0.9356 Y23.0120
G1 X-0.9342 Y22.9924
G1 X-0.9318 Y22.9729
G1 X-0.9202 Y22.8953
G1 X-0.9169 Y22.8759
G1 X-0.9126 Y22.8568
G1 X-0.8935 Y22.7806
G1 X-0.8883 Y22.7617
G1 X-0.8821 Y22.7431
G1 X-0.8557 Y22.6691
G1 X-0.8486 Y22.6508
G1 X-0.8406 Y22.6329
G1 X-0.8071 Y22.5619
G1 X-0.7983 Y22.5444
G1 X-0.7886 Y22.5273
G1 X-0.7482 Y22.4600
G1 X-0.7377 Y22.4434
G1 X-0.7264 Y22.4273
G1 X-0.6796 Y22.3643
G1 X-0.6676 Y22.3488
G1 X-0.6547 Y22.3339
G1 X-0.6020 Y22.2757
G1 X-0.5885 Y22.2615
G1 X-0.5743 Y22.2480
G1 X-0.5161 Y22.1953
G1 X-0.5012 Y22.1824
G1 X-0.4857 Y22.1704
G1 X-0.4227 Y22.1236
G1 X-0.4066 Y22.1123
G1 X-0.3900 Y22.1018
G1 X-0.3227 Y22.0614
G1 X-0.3056 Y22.0517
G1 X-0.2881 Y22.0429
G1 X-0.2171 Y22.0094
G1 X-0.1901 Y21.9977
G1 X-0.1069 Y21.9679
G1 X-0.0883 Y21.9617
G1 X-0.0694 Y21.9565
G1 X0.0068 Y21.9374
G1 X0.0259 Y21.9331
G1 X0.0453 Y21.9298
G1 X0.1229 Y21.9182
G1 X0.1522 Y21.9150
G1 X0.2404 Y21.9105
G1 X0.2600 Y21.9101
G1 X1.2600 Y21.9101
G1 X1.2797 Y21.9105
G1 X1.3581 Y21.9144
G1 X1.3777 Y21.9158
G1 X1.3972 Y21.9182
G1 X1.4748 Y21.9298
G1 X1.4942 Y21.9331
G1 X1.5133 Y21.9374
G1 X1.5895 Y21.9565
G1 X1.6178 Y21.9647
G1 X1.7010 Y21.9943
G1 X1.7283 Y22.0053
G1 X1.8170 Y22.0472
G1 X1.8343 Y22.0565
G1 X1.8830 Y22.0855
G1 X4.6400 Y19.3284
G1 X4.6400 Y19.1917
G1 X2.9686 Y17.5202
G1 X2.1530 Y17.5202
G1 X2.1154 Y17.5616
G1 X2.1016 Y17.5754
G1 X2.0362 Y17.6348
G1 X2.0137 Y17.6538
G1 X1.9428 Y17.7065
G1 X1.9267 Y17.7178
G1 X1.9101 Y17.7283
G1 X1.8428 Y17.7687
G1 X1.8170 Y17.7829
G1 X1.7372 Y17.8207
G1 X1.7193 Y17.8287
G1 X1.7010 Y17.8358
G1 X1.6270 Y17.8622
G1 X1.6084 Y17.8684
G1 X1.5895 Y17.8736
G1 X1.5133 Y17.8927
G1 X1.4942 Y17.8970
G1 X1.4748 Y17.9003
G1 X1.3972 Y17.9119
G1 X1.3679 Y17.9151
G1 X1.2797 Y17.9196
G1 X1.2600 Y17.9200
G1 X0.2600 Y17.9200
G1 X0.2404 Y17.9196
G1 X0.1522 Y17.9151
G1 X0.1229 Y17.9119
G1 X0.0453 Y17.9003
G1 X0.0259 Y17.8970
G1 X0.0068 Y17.8927
G1 X-0.0694 Y17.8736
G1 X-0.0883 Y17.8684
G1 X-0.1069 Y17.8622
G1 X-0.1809 Y17.8358
G1 X-0.1992 Y17.8287
G1 X-0.2171 Y17.8207
G1 X-0.2881 Y17.7872
G1 X-0.3056 Y17.7784
G1 X-0.3227 Y17.7687
G1 X-0.3984 Y17.7232
G1 X-0.4227 Y17.7065
G1 X-0.4857 Y17.6597
G1 X-0.5012 Y17.6477
G1 X-0.5161 Y17.6348
G1 X-0.5743 Y17.5821
G1 X-0.5885 Y17.5686
G1 X-0.6020 Y17.5544
G1 X-0.6547 Y17.4962
G1 X-0.6676 Y17.4813
G1 X-0.6796 Y17.4658
G1 X-0.7264 Y17.4028
G1 X-0.7377 Y17.3867
G1 X-0.7482 Y17.3701
G1 X-0.7886 Y17.3028
G1 X-0.8028 Y17.2770
G1 X-0.8406 Y17.1972
G1 X-0.8486 Y17.1793
G1 X-0.8557 Y17.1610
G1 X-0.8853 Y17.0778
G1 X-0.8935 Y17.0495
G1 X-0.9126 Y16.9733
G1 X-0.9169 Y16.9542
G1 X-0.9202 Y16.9348
G1 X-0.9318 Y16.8572
G1 X-0.9342 Y16.8377
G1 X-0.9356 Y16.8181
G1 X-0.9395 Y16.7397
G1 X-0.9399 Y16.7200
G1 X-0.9395 Y16.7004
G1 X-0.9356 Y16.6220
G1 X-0.9342 Y16.6024
G1 X-0.9318 Y16.5829
G1 X-0.9202 Y16.5053
G1 Z2.0000
G1 X-0.9399 Y16.7200
G1 F60.00
G1 Z0.3
G1 F120.00
G1 X-6.0998 Y16.7200
G1 Z2.0000
G1 X-6.2073 Y17.2000
G1 F60.00
G1 Z0.3
G1 F120.00
G1 X-0.8393 Y17.2000
G1 Z2.0000
G1 X-0.4584 Y17.6800
G1 F60.00
G1 Z0.3
G1 F120.00
G1 X-6.6482 Y17.6800
G1 Z2.0000
G1 X1.7386 Y18.1600
G1 F60.00
G1 Z0.3
G1 F120.00
G1 X3.6083 Y18.1600
G1 X3.1283 Y17.6800
G1 X1.9785 Y17.6800
G1 X2.2863 Y18.6400
G1 X4.0883 Y18.6400
G1 X4.5683 Y19.1200
G1 X2.4514 Y19.1200
G1 Z2.0000
G1 X2.4108 Y19.6000
G1 F60.00
G1 Z0.3
G1 F120.00
G1 X4.3684 Y19.6000
G1 X3.8884 Y20.0800
G1 X2.1351 Y20.0800
G1 Z2.0000
G1 X4.9117 Y17.2000
G1 F60.00
G1 Z0.3
G1 F120.00
G1 X7.6198 Y17.2000
G1 X7.6198 Y17.6800
G1 X6.3609 Y17.6800
G1 Z2.0000
G1 X6.8783 Y18.1600
G1 F60.00
G1 Z0.3
G1 F120.00
G1 X7.6198 Y18.1600
G1 X7.6198 Y16.7200
G1 X4.4317 Y16.7200
G1 X3.9517 Y16.2400
G1 X7.6198 Y16.2400
G1 X7.6198 Y15.7600
G1 X1.9784 Y15.7600
G1 X1.7388 Y15.2800
G1 X7.6198 Y15.2800
G1 X7.6198 Y14.8000
G1 X2.2864 Y14.8000
G1 Z2.0000
G1 X2.4514 Y14.3200
G1 F60.00
G1 Z0.3
G1 F120.00
G1 X7.6198 Y14.3200
G1 X7.6198 Y13.8400
G1 X2.4108 Y13.8400
G1 Z2.0000
G1 X2.1350 Y13.3600
G1 F60.00
G1 Z0.3
G1 F120.00
G1 X7.6198 Y13.3600
G1 X7.4760 Y12.8800
G1 X1.6554 Y12.8800
G1 X1.6554 Y12.4000
G1 X7.2491 Y12.4000
G1 Z2.0000
G1 X7.2201 Y11.9200
G1 F60.00
G1 Z0.3
G1 F120.00
G1 X1.6554 Y11.9200
G1 X1.7973 Y11.4400
G1 X7.2201 Y11.4400
G1 Z2.0000
G1 X7.2346 Y10.9600
G1 F60.00
G1 Z0.3
G1 F120.00
G1 X2.2995 Y10.9600
G1 Z2.0000
G1 X2.4500 Y10.4800
G1 F60.00
G1 Z0.3
G1 F120.00
G1 X7.4180 Y10.4800
G1 Z2.0000
G1 X37.1202 Y14.8000
G1 F60.00
G1 Z0.3
G1 F120.00
G1 X49.0000 Y14.8000
G1 X49.0000 Y15.2800
G1 X37.1202 Y15.2800
G1 X37.1202 Y15.7600
G1 X49.0000 Y15.7600
G1 X49.0000 Y16.2400
G1 X37.1202 Y16.2400
G1 X37.1202 Y16.7200
G1 X49.0000 Y16.7200
G1 X49.0000 Y17.2000
G1 X37.1202 Y17.2000
G1 X37.1202 Y17.6800
G1 X49.0000 Y17.6800
G1 X49.0000 Y18.1600
G1 X37.1202 Y18.1600
G1 X37.1202 Y18.6400
G1 X49.0000 Y18.6400
G1 X49.0000 Y19.1200
G1 X37.1202 Y19.1200
G1 Z2.0000
G1 X37.5783 Y19.6000
G1 F60.00
G1 Z0.3
G1 F120.00
G1 X49.0000 Y19.6000
G1 X49.0000 Y20.0800
G1 X37.9324 Y20.0800
G1 Z2.0000
G1 X38.0191 Y20.5600
G1 F60.00
G1 Z0.3
G1 F120.00
G1 X49.0000 Y20.5600
G1 X49.0000 Y21.0400
G1 X37.9052 Y21.0400
G1 Z2.0000
G1 X37.4980 Y21.5200
G1 F60.00
G1 Z0.3
G1 F120.00
G1 X49.0000 Y21.5200
G1 X49.0000 Y22.0000
G1 X37.1202 Y22.0000
G1 X37.1202 Y22.4800
G1 X49.0000 Y22.4800
G1 X49.0000 Y22.9600
G1 X37.1202 Y22.9600
G1 X37.1202 Y23.4400
G1 X49.0000 Y23.4400
G1 X49.0000 Y23.9200
G1 X37.1202 Y23.9200
G1 Z2.0000
G1 X37.1137 Y24.4000
G1 F60.00
G1 Z0.3
G1 F120.00
G1 X49.0000 Y24.4000
G1 X49.0000 Y24.8800
G1 X36.8718 Y24.8800
G1 X36.3918 Y25.3600
G1 X49.0000 Y25.3600
G1 X49.0000 Y25.8400
G1 X36.2100 Y25.8400
G1 Z2.0000
G1 X36.1911 Y26.3200
G1 F60.00
G1 Z0.3
G1 F120.00
G1 X49.0000 Y26.3200
G1 X49.0000 Y26.8000
G1 X44.5529 Y26.8000
G1 Z2.0000
G1 X45.0845 Y27.2800
G1 F60.00
G1 Z0.3
G1 F120.00
G1 X49.0000 Y27.2800
G1 X49.0000 Y27.7600
G1 X45.3577 Y27.7600
G1 Z2.0000
G1 X45.4828 Y28.2400
G1 F60.00
G1 Z0.3
G1 F120.00
G1 X49.0000 Y28.2400
G1 X49.0000 Y28.7200
G1 X45.4875 Y28.7200
G1 Z2.0000
G1 X45.3732 Y29.2000
G1 F60.00
G1 Z0.3
G1 F120.00
G1 X49.0000 Y29.2000
G1 X49.0000 Y29.6800
G1 X45.1143 Y29.6800
G1 Z2.0000
G1 X44.6146 Y30.1600
G1 F60.00
G1 Z0.3
G1 F120.00
G1 X49.0000 Y30.1600
G1 X49.0000 Y30.6400
G1 X-46.9999 Y30.6400
G1 X-46.9999 Y31.1200
G1 X49.0000 Y31.1200
G1 X48.9945 Y31.6000
G1 X-46.9944 Y31.6000
G1 X-46.9873 Y31.7450
G1 X-46.9513 Y31.9876
G1 X-46.8917 Y32.2256
G1 X-46.8090 Y32.4565
G1 X-46.7042 Y32.6782
G1 X-46.5781 Y32.8886
G1 X-46.4320 Y33.0856
G1 X-46.2673 Y33.2674
G1 X-46.0855 Y33.4321
G1 X-45.8885 Y33.5782
G1 X-45.6781 Y33.7043
G1 X-45.4564 Y33.8091
G1 X-45.2255 Y33.8918
G1 X-44.9875 Y33.9514
G1 X-44.7449 Y33.9874
G1 X-44.4877 Y34.0000
G1 X46.4878 Y34.0000
G1 X46.7450 Y33.9874
G1 X46.9876 Y33.9514
G1 X47.2256 Y33.8918
G1 X47.4565 Y33.8091
G1 X47.6782 Y33.7043
G1 X47.8886 Y33.5782
G1 X48.0856 Y33.4321
G1 X48.2674 Y33.2674
G1 X48.4321 Y33.0856
G1 X48.5782 Y32.8886
G1 X48.7043 Y32.6782
G1 X48.8091 Y32.4565
G1 X48.8918 Y32.2256
G1 X48.9514 Y31.9876
G1 X48.9874 Y31.7450
G1 X49.0000 Y31.4878
G1 X49.0000 Y-31.4877
G1 X48.9874 Y-31.7449
G1 X48.9514 Y-31.9875
G1 X48.8918 Y-32.2255
G1 X48.8091 Y-32.4564
G1 X48.7043 Y-32.6781
G1 X48.5782 Y-32.8885
G1 X48.4321 Y-33.0855
G1 X48.2674 Y-33.2673
G1 X48.0856 Y-33.4320
G1 X47.8886 Y-33.5781
G1 X47.6782 Y-33.7042
G1 X47.4565 Y-33.8090
G1 X47.2256 Y-33.8917
G1 X46.9876 Y-33.9513
G1 X46.7450 Y-33.9873
G1 X46.4878 Y-33.9999
G1 X-44.4877 Y-33.9999
G1 X-44.7449 Y-33.9873
G1 X-44.9875 Y-33.9513
G1 X-45.2255 Y-33.8917
G1 X-45.4564 Y-33.8090
G1 X-45.6781 Y-33.7042
G1 X-45.8885 Y-33.5781
G1 X-46.0855 Y-33.4320
G1 X-46.2673 Y-33.2673
G1 X-46.4320 Y-33.0855
G1 X-46.5781 Y-32.8885
G1 X-46.7042 Y-32.6781
G1 X-46.8090 Y-32.4564
G1 X-46.8917 Y-32.2255
G1 X-46.9513 Y-31.9875
G1 X-46.9873 Y-31.7449
G1 X-46.9999 Y-31.4877
G1 X-46.9999 Y31.4878
G1 X-46.9873 Y31.7450
G1 X-46.9281 Y32.0800
G1 X48.9282 Y32.0800
G1 X48.7602 Y32.5600
G1 X-46.7601 Y32.5600
G1 X-46.4658 Y33.0400
G1 X48.4659 Y33.0400
G1 X47.9671 Y33.5200
G1 X-45.9670 Y33.5200
G1 X-46.9999 Y30.1600
G1 X-42.6145 Y30.1600
G1 Z2.0000
G1 X-43.1142 Y29.6800
G1 F60.00
G1 Z0.3
G1 F120.00
G1 X-46.9999 Y29.6800
G1 X-46.9999 Y29.2000
G1 X-43.3731 Y29.2000
G1 Z2.0000
G1 X-43.4874 Y28.7200
G1 F60.00
G1 Z0.3
G1 F120.00
G1 X-46.9999 Y28.7200
G1 X-46.9999 Y28.2400
G1 X-43.4827 Y28.2400
G1 Z2.0000
G1 X-43.4994 Y28.4608
G1 F60.00
G1 Z0.3
G1 F120.00
G1 X-43.4989 Y28.4411
G1 X-43.4945 Y28.3529
G1 X-43.4848 Y28.2552
G1 X-43.4704 Y28.1581
G1 X-43.4513 Y28.0619
G1 X-43.4274 Y27.9667
G1 X-43.3989 Y27.8727
G1 X-43.3659 Y27.7803
G1 X-43.3283 Y27.6896
G1 X-43.2863 Y27.6009
G1 X-43.2400 Y27.5143
G1 X-43.1896 Y27.4301
G1 X-43.1350 Y27.3485
G1 X-43.0766 Y27.2696
G1 X-43.0143 Y27.1938
G1 X-42.9484 Y27.1210
G1 X-42.8790 Y27.0516
G1 X-42.8062 Y26.9857
G1 X-42.7304 Y26.9234
G1 X-42.6515 Y26.8650
G1 X-42.5699 Y26.8104
G1 X-42.4857 Y26.7600
G1 X-42.3991 Y26.7137
G1 X-42.3104 Y26.6717
G1 X-42.2197 Y26.6341
G1 X-42.1273 Y26.6011
G1 X-42.0333 Y26.5726
G1 X-41.9381 Y26.5487
G1 X-41.8419 Y26.5296
G1 X-41.7448 Y26.5152
G1 X-41.6471 Y26.5055
G1 X-41.5490 Y26.5007
G1 X-41.4509 Y26.5007
G1 X-41.3528 Y26.5055
G1 X-41.2551 Y26.5152
G1 X-41.1580 Y26.5296
G1 X-41.0618 Y26.5487
G1 X-40.9666 Y26.5726
G1 X-40.8726 Y26.6011
G1 X-40.7802 Y26.6341
G1 X-40.6895 Y26.6717
G1 X-40.6008 Y26.7137
G1 X-40.5142 Y26.7600
G1 X-40.4300 Y26.8104
G1 X-40.3484 Y26.8650
G1 X-40.2695 Y26.9234
G1 X-40.1937 Y26.9857
G1 X-40.1209 Y27.0516
G1 X-40.0515 Y27.1210
G1 X-39.9856 Y27.1938
G1 X-39.9233 Y27.2696
G1 X-39.8649 Y27.3485
G1 X-39.8103 Y27.4301
G1 X-39.7599 Y27.5143
G1 X-39.7136 Y27.6009
G1 X-39.6716 Y27.6896
G1 X-39.6340 Y27.7803
G1 X-39.6010 Y27.8727
G1 X-39.5725 Y27.9667
G1 X-39.5486 Y28.0619
G1 X-39.5295 Y28.1581
G1 X-39.5151 Y28.2552
G1 X-39.5055 Y28.3529
G1 X-39.5006 Y28.4510
G1 X-39.5006 Y28.5491
G1 X-39.5055 Y28.6472
G1 X-39.5151 Y28.7449
G1 X-39.5295 Y28.8420
G1 X-39.5486 Y28.9382
G1 X-39.5725 Y29.0334
G1 X-39.6010 Y29.1274
G1 X-39.6340 Y29.2198
G1 X-39.6716 Y29.3105
G1 X-39.7136 Y29.3992
G1 X-39.7599 Y29.4858
G1 X-39.8103 Y29.5700
G1 X-39.8649 Y29.6516
G1 X-39.9233 Y29.7305
G1 X-39.9856 Y29.8063
G1 X-40.0515 Y29.8791
G1 X-40.1209 Y29.9485
G1 X-40.1937 Y30.0144
G1 X-40.2695 Y30.0767
G1 X-40.3484 Y30.1351
G1 X-40.4300 Y30.1897
G1 X-40.5142 Y30.2401
G1 X-40.6008 Y30.2864
G1 X-40.6895 Y30.3284
G1 X-40.7802 Y30.3660
G1 X-40.8726 Y30.3990
G1 X-40.9666 Y30.4275
G1 X-41.0618 Y30.4514
G1 X-41.1580 Y30.4705
G1 X-41.2551 Y30.4849
G1 X-41.3528 Y30.4945
G1 X-41.4509 Y30.4994
G1 X-41.5490 Y30.4994
G1 X-41.6471 Y30.4945
G1 X-41.7448 Y30.4849
G1 X-41.8419 Y30.4705
G1 X-41.9381 Y30.4514
G1 X-42.0333 Y30.4275
G1 X-42.1273 Y30.3990
G1 X-42.2197 Y30.3660
G1 X-42.3104 Y30.3284
G1 X-42.3991 Y30.2864
G1 X-42.4857 Y30.2401
G1 X-42.5699 Y30.1897
G1 X-42.6515 Y30.1351
G1 X-42.7304 Y30.0767
G1 X-42.8062 Y30.0144
G1 X-42.8790 Y29.9485
G1 X-42.9484 Y29.8791
G1 X-43.0143 Y29.8063
G1 X-43.0766 Y29.7305
G1 X-43.1350 Y29.6516
G1 X-43.1896 Y29.5700
G1 X-43.2400 Y29.4858
G1 X-43.2863 Y29.3992
G1 X-43.3283 Y29.3105
G1 X-43.3659 Y29.2198
G1 X-43.3989 Y29.1274
G1 X-43.4274 Y29.0334
G1 X-43.4513 Y28.9382
G1 X-43.4704 Y28.8420
G1 X-43.4848 Y28.7449
G1 X-43.4945 Y28.6472
G1 X-43.4993 Y28.5491
G1 X-43.4994 Y28.4608
G1 Z2.0000
G1 X-43.3576 Y27.7600
G1 F60.00
G1 Z0.3
G1 F120.00
G1 X-46.9999 Y27.7600
G1 X-46.9999 Y27.2800
G1 X-43.0844 Y27.2800
G1 Z2.0000
G1 X-42.5528 Y26.8000
G1 F60.00
G1 Z0.3
G1 F120.00
G1 X-46.9999 Y26.8000
G1 Z2.0000
G1 X-40.3854 Y30.1600
G1 F60.00
G1 Z0.3
G1 F120.00
G1 X42.3855 Y30.1600
G1 Z2.0000
G1 X41.8858 Y29.6800
G1 F60.00
G1 Z0.3
G1 F120.00
G1 X-39.8857 Y29.6800
G1 Z2.0000
G1 X35.2741 Y27.2800
G1 F60.00
G1 Z0.3
G1 F120.00
G1 X41.9156 Y27.2800
G1 Z2.0000
G1 X42.4472 Y26.8000
G1 F60.00
G1 Z0.3
G1 F120.00
G1 X35.9912 Y26.8000
G1 Z2.0000
G1 X37.3118 Y14.3200
G1 F60.00
G1 Z0.3
G1 F120.00
G1 X49.0000 Y14.3200
G1 X49.0000 Y13.8400
G1 X37.7918 Y13.8400
G1 X38.2718 Y13.3600
G1 X49.0000 Y13.3600
G1 X49.0000 Y12.8800
G1 X38.7518 Y12.8800
G1 X39.2318 Y12.4000
G1 X49.0000 Y12.4000
G1 Z2.0000
M107
G1 Z2.0000
G1 Z15.00


