
G28
G90

G1 F1200

G1 Z15.0000
G1 X0.0000 Y0.0000

G1 Z15.0000

G1 F60.00
G1 X-1.6606 Y0.6900
G1 F60.00
G1 Z0.7
G1 F60.00
G1 X-37.4043 Y0.6900
G1 X-38.0746 Y1.1700
G1 X-30.7773 Y1.1700
G1 Z2.0000
G1 X-31.1671 Y1.6500
G1 F60.00
G1 Z0.7
G1 F60.00
G1 X-35.0245 Y1.6500
G1 Z2.0000
G1 X-34.3759 Y2.1300
G1 F60.00
G1 Z0.7
G1 F60.00
G1 X-31.2723 Y2.1300
G1 Z2.0000
G1 X-31.2724 Y2.6100
G1 F60.00
G1 Z0.7
G1 F60.00
G1 X-34.0848 Y2.6100
G1 Z2.0000
G1 X-33.9648 Y3.0900
G1 F60.00
G1 Z0.7
G1 F60.00
G1 X-31.2724 Y3.0900
G1 Z2.0000
G1 X-31.1921 Y3.5700
G1 F60.00
G1 Z0.7
G1 F60.00
G1 X-33.9808 Y3.5700
G1 Z2.0000
G1 X-33.9550 Y3.2800
G1 F60.00
G1 Z0.7
G1 F60.00
G1 X-33.9555 Y3.2996
G1 X-33.9616 Y3.4241
G1 X-33.9640 Y3.4534
G1 X-33.9664 Y3.4729
G1 X-33.9847 Y3.5962
G1 X-33.9900 Y3.6252
G1 X-33.9943 Y3.6443
G1 X-34.0246 Y3.7652
G1 X-34.0327 Y3.7935
G1 X-34.0388 Y3.8122
G1 X-34.0808 Y3.9295
G1 X-34.0916 Y3.9569
G1 X-34.0996 Y3.9749
G1 X-34.1529 Y4.0875
G1 X-34.1663 Y4.1137
G1 X-34.1760 Y4.1308
G1 X-34.2401 Y4.2377
G1 X-34.2560 Y4.2625
G1 X-34.2673 Y4.2785
G1 X-34.3416 Y4.3786
G1 X-34.3599 Y4.4017
G1 X-34.3727 Y4.4165
G1 X-34.4564 Y4.5089
G1 X-34.4769 Y4.5301
G1 X-34.4911 Y4.5436
G1 X-34.5835 Y4.6273
G1 X-34.6059 Y4.6463
G1 X-34.6214 Y4.6584
G1 X-34.7215 Y4.7327
G1 X-34.7457 Y4.7494
G1 X-34.7623 Y4.7599
G1 X-34.8692 Y4.8240
G1 X-34.8949 Y4.8383
G1 X-34.9125 Y4.8471
G1 X-35.0251 Y4.9004
G1 X-35.0522 Y4.9121
G1 X-35.0705 Y4.9192
G1 X-35.1878 Y4.9612
G1 X-35.2159 Y4.9702
G1 X-35.2348 Y4.9754
G1 X-35.3557 Y5.0057
G1 X-35.3845 Y5.0119
G1 X-35.4038 Y5.0153
G1 X-35.5271 Y5.0336
G1 X-35.5564 Y5.0369
G1 X-35.5759 Y5.0384
G1 X-35.7004 Y5.0445
G1 X-35.7299 Y5.0450
G1 X-35.7495 Y5.0445
G1 X-35.8740 Y5.0384
G1 X-35.9033 Y5.0360
G1 X-35.9228 Y5.0336
G1 X-36.0461 Y5.0153
G1 X-36.0751 Y5.0100
G1 X-36.0942 Y5.0057
G1 X-36.2151 Y4.9754
G1 X-36.2434 Y4.9673
G1 X-36.2621 Y4.9612
G1 X-36.3794 Y4.9192
G1 X-36.4068 Y4.9084
G1 X-36.4248 Y4.9004
G1 X-36.5374 Y4.8471
G1 X-36.5636 Y4.8337
G1 X-36.5807 Y4.8240
G1 X-36.6876 Y4.7599
G1 X-36.7124 Y4.7440
G1 X-36.7284 Y4.7327
G1 X-36.8285 Y4.6584
G1 X-36.8516 Y4.6401
G1 X-36.8664 Y4.6273
G1 X-36.9588 Y4.5436
G1 X-36.9800 Y4.5231
G1 X-36.9935 Y4.5089
G1 X-37.0772 Y4.4165
G1 X-37.0962 Y4.3941
G1 X-37.1083 Y4.3786
G1 X-37.1826 Y4.2785
G1 X-37.1993 Y4.2543
G1 X-37.2098 Y4.2377
G1 X-37.2739 Y4.1308
G1 X-37.2882 Y4.1051
G1 X-37.2970 Y4.0875
G1 X-37.3503 Y3.9749
G1 X-37.3620 Y3.9478
G1 X-37.3691 Y3.9295
G1 X-37.4111 Y3.8122
G1 X-37.4201 Y3.7841
G1 X-37.4253 Y3.7652
G1 X-37.4556 Y3.6443
G1 X-37.4618 Y3.6155
G1 X-37.4652 Y3.5962
G1 X-37.4835 Y3.4729
G1 X-37.4868 Y3.4436
G1 X-37.4883 Y3.4241
G1 X-37.4944 Y3.2996
G1 X-37.4949 Y3.2701
G1 X-37.4944 Y3.2505
G1 X-37.4883 Y3.1260
G1 X-37.4859 Y3.0967
G1 X-37.4835 Y3.0772
G1 X-37.4652 Y2.9539
G1 X-37.4599 Y2.9249
G1 X-37.4556 Y2.9058
G1 X-37.4253 Y2.7849
G1 X-37.4172 Y2.7566
G1 X-37.4111 Y2.7379
G1 X-37.3691 Y2.6206
G1 X-37.3583 Y2.5932
G1 X-37.3503 Y2.5752
G1 X-37.2970 Y2.4626
G1 X-37.2836 Y2.4364
G1 X-37.2739 Y2.4193
G1 X-37.2098 Y2.3124
G1 X-37.1939 Y2.2876
G1 X-37.1826 Y2.2716
G1 X-37.1083 Y2.1715
G1 X-37.0900 Y2.1484
G1 X-37.0772 Y2.1336
G1 X-36.9935 Y2.0412
G1 X-36.9730 Y2.0200
G1 X-36.9588 Y2.0065
G1 X-36.8664 Y1.9228
G1 X-36.8440 Y1.9038
G1 X-36.8285 Y1.8917
G1 X-36.7284 Y1.8174
G1 X-36.7042 Y1.8007
G1 X-36.6876 Y1.7902
G1 X-36.5807 Y1.7261
G1 X-36.5550 Y1.7118
G1 X-36.5374 Y1.7030
G1 X-36.4248 Y1.6497
G1 X-36.3977 Y1.6380
G1 X-36.3794 Y1.6309
G1 X-36.2621 Y1.5889
G1 X-36.2340 Y1.5799
G1 X-36.2151 Y1.5747
G1 X-36.0942 Y1.5444
G1 X-36.0654 Y1.5382
G1 X-36.0461 Y1.5348
G1 X-35.9228 Y1.5165
G1 X-35.8935 Y1.5132
G1 X-35.8740 Y1.5117
G1 X-35.7495 Y1.5056
G1 X-35.7200 Y1.5051
G1 X-35.7004 Y1.5056
G1 X-35.5759 Y1.5117
G1 X-35.5466 Y1.5141
G1 X-35.5271 Y1.5165
G1 X-35.4038 Y1.5348
G1 X-35.3748 Y1.5401
G1 X-35.3557 Y1.5444
G1 X-35.2348 Y1.5747
G1 X-35.2065 Y1.5828
G1 X-35.1878 Y1.5889
G1 X-35.0705 Y1.6309
G1 X-35.0431 Y1.6417
G1 X-35.0251 Y1.6497
G1 X-34.9125 Y1.7030
G1 X-34.8863 Y1.7164
G1 X-34.8692 Y1.7261
G1 X-34.7623 Y1.7902
G1 X-34.7375 Y1.8061
G1 X-34.7215 Y1.8174
G1 X-34.6214 Y1.8917
G1 X-34.5983 Y1.9100
G1 X-34.5835 Y1.9228
G1 X-34.4911 Y2.0065
G1 X-34.4699 Y2.0270
G1 X-34.4564 Y2.0412
G1 X-34.3727 Y2.1336
G1 X-34.3537 Y2.1560
G1 X-34.3416 Y2.1715
G1 X-34.2673 Y2.2716
G1 X-34.2506 Y2.2958
G1 X-34.2401 Y2.3124
G1 X-34.1760 Y2.4193
G1 X-34.1617 Y2.4450
G1 X-34.1529 Y2.4626
G1 X-34.0996 Y2.5752
G1 X-34.0879 Y2.6023
G1 X-34.0808 Y2.6206
G1 X-34.0388 Y2.7379
G1 X-34.0298 Y2.7660
G1 X-34.0246 Y2.7849
G1 X-33.9943 Y2.9058
G1 X-33.9881 Y2.9346
G1 X-33.9847 Y2.9539
G1 X-33.9664 Y3.0772
G1 X-33.9631 Y3.1065
G1 X-33.9616 Y3.1260
G1 X-33.9555 Y3.2505
G1 X-33.9550 Y3.2800
G1 Z2.0000
G1 X-34.1351 Y4.0500
G1 F60.00
G1 Z0.7
G1 F60.00
G1 X-30.8727 Y4.0500
G1 X-30.8727 Y4.5300
G1 X-34.4768 Y4.5300
G1 Z2.0000
G1 X-35.3748 Y5.0100
G1 F60.00
G1 Z0.7
G1 F60.00
G1 X-30.8727 Y5.0100
G1 X-30.8727 Y5.0571
G1 X-30.8727 Y4.0330
G1 X-30.9140 Y3.9954
G1 X-30.9278 Y3.9816
G1 X-30.9872 Y3.9162
G1 X-31.0062 Y3.8937
G1 X-31.0589 Y3.8228
G1 X-31.0702 Y3.8067
G1 X-31.0807 Y3.7901
G1 X-31.1211 Y3.7228
G1 X-31.1353 Y3.6970
G1 X-31.1731 Y3.6172
G1 X-31.1811 Y3.5993
G1 X-31.1882 Y3.5810
G1 X-31.2146 Y3.5070
G1 X-31.2208 Y3.4884
G1 X-31.2260 Y3.4695
G1 X-31.2451 Y3.3933
G1 X-31.2494 Y3.3742
G1 X-31.2527 Y3.3548
G1 X-31.2643 Y3.2772
G1 X-31.2667 Y3.2577
G1 X-31.2681 Y3.2381
G1 X-31.2720 Y3.1597
G1 X-31.2724 Y3.1400
G1 X-31.2723 Y2.1302
G1 X-31.2675 Y2.0322
G1 X-31.2643 Y2.0029
G1 X-31.2527 Y1.9253
G1 X-31.2494 Y1.9059
G1 X-31.2451 Y1.8868
G1 X-31.2235 Y1.8011
G1 X-31.2146 Y1.7731
G1 X-31.1882 Y1.6991
G1 X-31.1811 Y1.6808
G1 X-31.1731 Y1.6629
G1 X-31.1396 Y1.5919
G1 X-31.1308 Y1.5744
G1 X-31.1211 Y1.5573
G1 X-31.0807 Y1.4900
G1 X-31.0702 Y1.4734
G1 X-31.0589 Y1.4573
G1 X-31.0121 Y1.3943
G1 X-31.0001 Y1.3788
G1 X-30.9872 Y1.3639
G1 X-30.9345 Y1.3057
G1 X-30.9210 Y1.2915
G1 X-30.9068 Y1.2780
G1 X-30.8486 Y1.2253
G1 X-30.8337 Y1.2124
G1 X-30.8182 Y1.2004
G1 X-30.7552 Y1.1536
G1 X-30.7391 Y1.1423
G1 X-30.7225 Y1.1318
G1 X-30.6552 Y1.0914
G1 X-30.6381 Y1.0817
G1 X-30.6206 Y1.0729
G1 X-30.5496 Y1.0394
G1 X-30.5317 Y1.0314
G1 X-30.5134 Y1.0243
G1 X-30.4394 Y0.9979
G1 X-30.4208 Y0.9917
G1 X-30.4019 Y0.9865
G1 X-30.3257 Y0.9674
G1 X-30.3066 Y0.9631
G1 X-30.2872 Y0.9598
G1 X-30.2096 Y0.9482
G1 X-30.1901 Y0.9458
G1 X-30.1705 Y0.9444
G1 X-30.0921 Y0.9405
G1 X-30.0725 Y0.9401
G1 X-30.0528 Y0.9405
G1 X-29.9744 Y0.9444
G1 X-29.9548 Y0.9458
G1 X-29.9353 Y0.9482
G1 X-29.8577 Y0.9598
G1 X-29.8383 Y0.9631
G1 X-29.8192 Y0.9674
G1 X-29.7335 Y0.9890
G1 X-29.7055 Y0.9979
G1 X-29.6315 Y1.0243
G1 X-29.6132 Y1.0314
G1 X-29.5953 Y1.0394
G1 X-29.5243 Y1.0729
G1 X-29.5068 Y1.0817
G1 X-29.4897 Y1.0914
G1 X-29.4224 Y1.1318
G1 X-29.4058 Y1.1423
G1 X-29.3897 Y1.1536
G1 X-29.3267 Y1.2004
G1 X-29.3112 Y1.2124
G1 X-29.2963 Y1.2253
G1 X-29.2381 Y1.2780
G1 X-29.2239 Y1.2915
G1 X-29.2104 Y1.3057
G1 X-29.1512 Y1.3713
G1 X-29.1328 Y1.3943
G1 X-29.0860 Y1.4573
G1 X-29.0747 Y1.4734
G1 X-29.0642 Y1.4900
G1 X-29.0238 Y1.5573
G1 X-29.0141 Y1.5744
G1 X-29.0053 Y1.5919
G1 X-28.9718 Y1.6629
G1 X-28.9638 Y1.6808
G1 X-28.9567 Y1.6991
G1 X-28.9303 Y1.7731
G1 X-28.9241 Y1.7917
G1 X-28.9189 Y1.8106
G1 X-28.8998 Y1.8868
G1 X-28.8937 Y1.9156
G1 X-28.8806 Y2.0029
G1 X-28.8782 Y2.0224
G1 X-28.8768 Y2.0420
G1 X-28.8726 Y2.1302
G1 X-28.8726 Y3.1499
G1 X-28.8768 Y3.2381
G1 X-28.8782 Y3.2577
G1 X-28.8806 Y3.2772
G1 X-28.8922 Y3.3548
G1 X-28.8955 Y3.3742
G1 X-28.8998 Y3.3933
G1 X-28.9189 Y3.4695
G1 X-28.9241 Y3.4884
G1 X-28.9303 Y3.5070
G1 X-28.9567 Y3.5810
G1 X-28.9638 Y3.5993
G1 X-28.9718 Y3.6172
G1 X-29.0053 Y3.6882
G1 X-29.0189 Y3.7143
G1 X-29.0642 Y3.7901
G1 X-29.0747 Y3.8067
G1 X-29.0860 Y3.8228
G1 X-29.1387 Y3.8937
G1 X-29.1577 Y3.9162
G1 X-29.2171 Y3.9816
G1 X-29.2309 Y3.9954
G1 X-29.2723 Y4.0330
G1 X-29.2723 Y5.0571
G1 X-29.2309 Y5.0947
G1 X-29.2171 Y5.1085
G1 X-29.1577 Y5.1739
G1 X-29.1387 Y5.1964
G1 X-29.0860 Y5.2673
G1 X-29.0747 Y5.2834
G1 X-29.0642 Y5.3000
G1 X-29.0238 Y5.3673
G1 X-29.0096 Y5.3931
G1 X-28.9718 Y5.4729
G1 X-28.9638 Y5.4908
G1 X-28.9567 Y5.5091
G1 X-28.9303 Y5.5831
G1 X-28.9241 Y5.6017
G1 X-28.9189 Y5.6206
G1 X-28.8998 Y5.6968
G1 X-28.8955 Y5.7159
G1 X-28.8922 Y5.7353
G1 X-28.8793 Y5.8227
G1 X-28.8768 Y5.8520
G1 X-28.8729 Y5.9304
G1 X-28.8725 Y5.9500
G1 X-28.8725 Y6.9500
G1 X-28.8729 Y6.9697
G1 X-28.8768 Y7.0481
G1 X-28.8793 Y7.0774
G1 X-28.8922 Y7.1648
G1 X-28.8955 Y7.1842
G1 X-28.8998 Y7.2033
G1 X-28.9189 Y7.2795
G1 X-28.9241 Y7.2984
G1 X-28.9303 Y7.3170
G1 X-28.9567 Y7.3910
G1 X-28.9638 Y7.4093
G1 X-28.9718 Y7.4272
G1 X-29.0053 Y7.4982
G1 X-29.0141 Y7.5157
G1 X-29.0238 Y7.5328
G1 X-29.0642 Y7.6001
G1 X-29.0747 Y7.6167
G1 X-29.0860 Y7.6328
G1 X-29.1328 Y7.6958
G1 X-29.1448 Y7.7113
G1 X-29.1577 Y7.7262
G1 X-29.2104 Y7.7844
G1 X-29.2239 Y7.7986
G1 X-29.2381 Y7.8121
G1 X-29.2963 Y7.8648
G1 X-29.3112 Y7.8777
G1 X-29.3267 Y7.8897
G1 X-29.3897 Y7.9365
G1 X-29.4058 Y7.9478
G1 X-29.4224 Y7.9583
G1 X-29.4897 Y7.9987
G1 X-29.5068 Y8.0084
G1 X-29.5243 Y8.0172
G1 X-29.5953 Y8.0507
G1 X-29.6132 Y8.0587
G1 X-29.6315 Y8.0658
G1 X-29.7055 Y8.0922
G1 X-29.7241 Y8.0984
G1 X-29.7430 Y8.1036
G1 X-29.8192 Y8.1227
G1 X-29.8383 Y8.1270
G1 X-29.8577 Y8.1303
G1 X-29.9353 Y8.1419
G1 X-29.9548 Y8.1443
G1 X-29.9744 Y8.1457
G1 X-30.0528 Y8.1496
G1 X-30.0725 Y8.1500
G1 X-30.0921 Y8.1496
G1 X-30.1705 Y8.1457
G1 X-30.1901 Y8.1443
G1 X-30.2096 Y8.1419
G1 X-30.2872 Y8.1303
G1 X-30.3066 Y8.1270
G1 X-30.3257 Y8.1227
G1 X-30.4019 Y8.1036
G1 X-30.4208 Y8.0984
G1 X-30.4394 Y8.0922
G1 X-30.5134 Y8.0658
G1 X-30.5317 Y8.0587
G1 X-30.5496 Y8.0507
G1 X-30.6206 Y8.0172
G1 X-30.6381 Y8.0084
G1 X-30.6552 Y7.9987
G1 X-30.7225 Y7.9583
G1 X-30.7391 Y7.9478
G1 X-30.7552 Y7.9365
G1 X-30.8182 Y7.8897
G1 X-30.8337 Y7.8777
G1 X-30.8486 Y7.8648
G1 X-30.9068 Y7.8121
G1 X-30.9210 Y7.7986
G1 X-30.9345 Y7.7844
G1 X-30.9872 Y7.7262
G1 X-31.0001 Y7.7113
G1 X-31.0121 Y7.6958
G1 X-31.0589 Y7.6328
G1 X-31.0702 Y7.6167
G1 X-31.0807 Y7.6001
G1 X-31.1211 Y7.5328
G1 X-31.1308 Y7.5157
G1 X-31.1396 Y7.4982
G1 X-31.1731 Y7.4272
G1 X-31.1811 Y7.4093
G1 X-31.1882 Y7.3910
G1 X-31.2146 Y7.3170
G1 X-31.2208 Y7.2984
G1 X-31.2260 Y7.2795
G1 X-31.2451 Y7.2033
G1 X-31.2494 Y7.1842
G1 X-31.2527 Y7.1648
G1 X-31.2656 Y7.0774
G1 X-31.2681 Y7.0481
G1 X-31.2720 Y6.9697
G1 X-31.2724 Y6.9500
G1 X-31.2724 Y5.9500
G1 X-31.2720 Y5.9304
G1 X-31.2681 Y5.8520
G1 X-31.2656 Y5.8227
G1 X-31.2527 Y5.7353
G1 X-31.2494 Y5.7159
G1 X-31.2451 Y5.6968
G1 X-31.2260 Y5.6206
G1 X-31.2208 Y5.6017
G1 X-31.2146 Y5.5831
G1 X-31.1882 Y5.5091
G1 X-31.1811 Y5.4908
G1 X-31.1731 Y5.4729
G1 X-31.1353 Y5.3931
G1 X-31.1211 Y5.3673
G1 X-31.0807 Y5.3000
G1 X-31.0702 Y5.2834
G1 X-31.0589 Y5.2673
G1 X-31.0062 Y5.1964
G1 X-30.9872 Y5.1739
G1 X-30.9278 Y5.1085
G1 X-30.9140 Y5.0947
G1 X-30.8727 Y5.0571
G1 Z2.0000
G1 X-31.1807 Y5.4900
G1 F60.00
G1 Z0.7
G1 F60.00
G1 X-38.3999 Y5.4900
G1 X-38.3999 Y5.9700
G1 X-31.2724 Y5.9700
G1 X-31.2724 Y6.4500
G1 X-38.3999 Y6.4500
G1 X-38.3999 Y6.9300
G1 X-31.2724 Y6.9300
G1 Z2.0000
G1 X-31.1808 Y7.4100
G1 F60.00
G1 Z0.7
G1 F60.00
G1 X-38.3999 Y7.4100
G1 X-38.3999 Y7.8900
G1 X-30.8179 Y7.8900
G1 Z2.0000
G1 X-29.3270 Y7.8900
G1 F60.00
G1 Z0.7
G1 F60.00
G1 X-26.2941 Y7.8900
G1 X-26.7741 Y8.3700
G1 X-38.3999 Y8.3700
G1 X-38.3999 Y8.8500
G1 X-33.5016 Y8.8500
G1 X-33.9816 Y9.3300
G1 X-38.3999 Y9.3300
G1 X-38.3999 Y9.8100
G1 X-34.4616 Y9.8100
G1 Z2.0000
G1 X-28.9641 Y7.4100
G1 F60.00
G1 Z0.7
G1 F60.00
G1 X-25.8141 Y7.4100
G1 X-25.3341 Y6.9300
G1 X-28.8725 Y6.9300
G1 X-28.8725 Y6.4500
G1 X-24.8541 Y6.4500
G1 X-24.3741 Y5.9700
G1 X-28.8725 Y5.9700
G1 Z2.0000
G1 X-28.9642 Y5.4900
G1 F60.00
G1 Z0.7
G1 F60.00
G1 X-23.8941 Y5.4900
G1 X-23.4141 Y5.0100
G1 X-29.2723 Y5.0100
G1 X-29.2723 Y4.5300
G1 X-22.9341 Y4.5300
G1 X-22.4541 Y4.0500
G1 X-29.2723 Y4.0500
G1 Z2.0000
G1 X-28.9528 Y3.5700
G1 F60.00
G1 Z0.7
G1 F60.00
G1 X-21.9741 Y3.5700
G1 X-21.5248 Y3.0900
G1 X-28.8725 Y3.0900
G1 X-28.8725 Y2.6100
G1 X-21.6115 Y2.6100
G1 Z2.0000
G1 X-21.4976 Y2.1300
G1 F60.00
G1 Z0.7
G1 F60.00
G1 X-28.8726 Y2.1300
G1 Z2.0000
G1 X-28.9778 Y1.6500
G1 F60.00
G1 Z0.7
G1 F60.00
G1 X-21.0902 Y1.6500
G1 Z2.0000
G1 X-18.7347 Y1.6500
G1 F60.00
G1 Z0.7
G1 F60.00
G1 X-17.1328 Y1.6500
G1 Z2.0000
G1 X-17.3573 Y3.5700
G1 F60.00
G1 Z0.7
G1 F60.00
G1 X-18.6541 Y3.5700
G1 Z2.0000
G1 X-20.1907 Y4.0500
G1 F60.00
G1 Z0.7
G1 F60.00
G1 X-11.3246 Y4.0500
G1 Z2.0000
G1 X-11.5833 Y3.5700
G1 F60.00
G1 Z0.7
G1 F60.00
G1 X-14.7226 Y3.5700
G1 Z2.0000
G1 X-14.6126 Y4.5300
G1 F60.00
G1 Z0.7
G1 F60.00
G1 X-20.6707 Y4.5300
G1 X-21.1507 Y5.0100
G1 X-15.0966 Y5.0100
G1 X-15.5766 Y5.4900
G1 X-18.6941 Y5.4900
G1 Z2.0000
G1 X-18.3131 Y5.9700
G1 F60.00
G1 Z0.7
G1 F60.00
G1 X-16.0566 Y5.9700
G1 Z2.0000
G1 X-16.9820 Y6.4500
G1 F60.00
G1 Z0.7
G1 F60.00
G1 X-18.2125 Y6.4500
G1 Z2.0000
G1 X-18.2972 Y6.8923
G1 F60.00
G1 Z0.7
G1 F60.00
G1 X-17.2008 Y6.8923
G1 X-17.1910 Y6.8536
G1 X-17.1853 Y6.8348
G1 X-17.1557 Y6.7516
G1 X-17.1447 Y6.7243
G1 X-17.1071 Y6.6444
G1 X-17.0983 Y6.6269
G1 X-17.0886 Y6.6098
G1 X-17.0431 Y6.5341
G1 X-17.0264 Y6.5098
G1 X-16.9796 Y6.4468
G1 X-16.9676 Y6.4313
G1 X-16.9547 Y6.4164
G1 X-16.9020 Y6.3582
G1 X-16.8885 Y6.3440
G1 X-16.8743 Y6.3305
G1 X-16.8087 Y6.2713
G1 X-16.7857 Y6.2529
G1 X-16.7227 Y6.2061
G1 X-16.7066 Y6.1948
G1 X-16.6900 Y6.1843
G1 X-16.6227 Y6.1439
G1 X-16.6056 Y6.1342
G1 X-16.5881 Y6.1254
G1 X-16.5171 Y6.0919
G1 X-16.4901 Y6.0802
G1 X-16.4069 Y6.0504
G1 X-16.3883 Y6.0442
G1 X-16.3694 Y6.0390
G1 X-16.2932 Y6.0199
G1 X-16.2741 Y6.0156
G1 X-16.2547 Y6.0123
G1 X-16.1673 Y5.9994
G1 X-16.1478 Y5.9975
G1 X-16.0806 Y5.9941
G1 X-14.6608 Y4.5742
G1 X-14.6466 Y4.5607
G1 X-14.6175 Y4.5343
G1 X-14.5949 Y4.5154
G1 X-14.5556 Y4.4860
G1 X-14.5395 Y4.4747
G1 X-14.5229 Y4.4642
G1 X-14.4892 Y4.4440
G1 X-14.4634 Y4.4298
G1 X-14.4102 Y4.4046
G1 X-14.3829 Y4.3937
G1 X-14.3459 Y4.3805
G1 X-14.3272 Y4.3743
G1 X-14.3083 Y4.3691
G1 X-14.2607 Y4.3573
G1 X-14.2317 Y4.3519
G1 X-14.1929 Y4.3461
G1 X-14.1734 Y4.3437
G1 X-14.1538 Y4.3423
G1 X-14.1146 Y4.3403
G1 X-14.0950 Y4.3398
G1 X-11.7179 Y4.3398
G1 X-11.6803 Y4.2985
G1 X-11.6665 Y4.2847
G1 X-11.6011 Y4.2253
G1 X-11.5786 Y4.2063
G1 X-11.5077 Y4.1536
G1 X-11.4916 Y4.1423
G1 X-11.4750 Y4.1318
G1 X-11.3992 Y4.0865
G1 X-11.3731 Y4.0729
G1 X-11.3021 Y4.0394
G1 X-11.2842 Y4.0314
G1 X-11.2659 Y4.0243
G1 X-11.1919 Y3.9979
G1 X-11.1733 Y3.9917
G1 X-11.1544 Y3.9865
G1 X-11.0782 Y3.9674
G1 X-11.0591 Y3.9631
G1 X-11.0397 Y3.9598
G1 X-10.9621 Y3.9482
G1 X-10.9426 Y3.9458
G1 X-10.9230 Y3.9444
G1 X-10.8348 Y3.9402
G1 X-9.8250 Y3.9401
G1 X-9.8053 Y3.9405
G1 X-9.7171 Y3.9450
G1 X-9.6878 Y3.9482
G1 X-9.6102 Y3.9598
G1 X-9.5908 Y3.9631
G1 X-9.5717 Y3.9674
G1 X-9.4955 Y3.9865
G1 X-9.4766 Y3.9917
G1 X-9.4580 Y3.9979
G1 X-9.3840 Y4.0243
G1 X-9.3657 Y4.0314
G1 X-9.3478 Y4.0394
G1 X-9.2768 Y4.0729
G1 X-9.2593 Y4.0817
G1 X-9.2422 Y4.0914
G1 X-9.1749 Y4.1318
G1 X-9.1583 Y4.1423
G1 X-9.1422 Y4.1536
G1 X-9.0792 Y4.2004
G1 X-9.0637 Y4.2124
G1 X-9.0488 Y4.2253
G1 X-8.9906 Y4.2780
G1 X-8.9696 Y4.2985
G1 X-8.9102 Y4.3639
G1 X-8.8973 Y4.3788
G1 X-8.8853 Y4.3943
G1 X-8.8385 Y4.4573
G1 X-8.8272 Y4.4734
G1 X-8.8167 Y4.4900
G1 X-8.7763 Y4.5573
G1 X-8.7666 Y4.5744
G1 X-8.7578 Y4.5919
G1 X-8.7243 Y4.6629
G1 X-8.7163 Y4.6808
G1 X-8.7092 Y4.6991
G1 X-8.6828 Y4.7731
G1 X-8.6766 Y4.7917
G1 X-8.6714 Y4.8106
G1 X-8.6523 Y4.8868
G1 X-8.6480 Y4.9059
G1 X-8.6447 Y4.9253
G1 X-8.6331 Y5.0029
G1 X-8.6307 Y5.0224
G1 X-8.6293 Y5.0420
G1 X-8.6254 Y5.1204
G1 X-8.6250 Y5.1400
G1 X-8.6254 Y5.1597
G1 X-8.6293 Y5.2381
G1 X-8.6307 Y5.2577
G1 X-8.6331 Y5.2772
G1 X-8.6447 Y5.3548
G1 X-8.6480 Y5.3742
G1 X-8.6523 Y5.3933
G1 X-8.6714 Y5.4695
G1 X-8.6766 Y5.4884
G1 X-8.6828 Y5.5070
G1 X-8.7092 Y5.5810
G1 X-8.7202 Y5.6083
G1 X-8.7578 Y5.6882
G1 X-8.7666 Y5.7057
G1 X-8.7763 Y5.7228
G1 X-8.8167 Y5.7901
G1 X-8.8272 Y5.8067
G1 X-8.8385 Y5.8228
G1 X-8.8853 Y5.8858
G1 X-8.8973 Y5.9013
G1 X-8.9102 Y5.9162
G1 X-8.9629 Y5.9744
G1 X-8.9834 Y5.9954
G1 X-9.0488 Y6.0548
G1 X-9.0637 Y6.0677
G1 X-9.0792 Y6.0797
G1 X-9.1422 Y6.1265
G1 X-9.1665 Y6.1432
G1 X-9.2422 Y6.1887
G1 X-9.2680 Y6.2029
G1 X-9.3567 Y6.2448
G1 X-9.3840 Y6.2558
G1 X-9.4580 Y6.2822
G1 X-9.4766 Y6.2884
G1 X-9.4955 Y6.2936
G1 X-9.5812 Y6.3150
G1 X-9.6102 Y6.3203
G1 X-9.6878 Y6.3319
G1 X-9.7073 Y6.3343
G1 X-9.7269 Y6.3357
G1 X-9.8053 Y6.3396
G1 X-9.8250 Y6.3400
G1 X-10.8250 Y6.3400
G1 X-10.8446 Y6.3396
G1 X-10.9328 Y6.3351
G1 X-10.9621 Y6.3319
G1 X-11.0397 Y6.3203
G1 X-11.0591 Y6.3170
G1 X-11.0782 Y6.3127
G1 X-11.1544 Y6.2936
G1 X-11.1733 Y6.2884
G1 X-11.1919 Y6.2822
G1 X-11.2659 Y6.2558
G1 X-11.2842 Y6.2487
G1 X-11.3021 Y6.2407
G1 X-11.3819 Y6.2029
G1 X-11.4077 Y6.1887
G1 X-11.4750 Y6.1483
G1 X-11.4916 Y6.1378
G1 X-11.5077 Y6.1265
G1 X-11.5786 Y6.0738
G1 X-11.6011 Y6.0548
G1 X-11.6665 Y5.9954
G1 X-11.6803 Y5.9816
G1 X-11.7179 Y5.9402
G1 X-13.7635 Y5.9402
G1 X-14.7156 Y6.8923
G1 X-13.4005 Y6.8923
G1 X-13.3808 Y6.8928
G1 X-13.3318 Y6.8954
G1 X-13.3123 Y6.8973
G1 X-13.2637 Y6.9044
G1 X-13.2347 Y6.9098
G1 X-13.1871 Y6.9216
G1 X-13.1682 Y6.9268
G1 X-13.1495 Y6.9330
G1 X-13.1125 Y6.9462
G1 X-13.0852 Y6.9571
G1 X-13.0408 Y6.9780
G1 X-13.0232 Y6.9868
G1 X-13.0062 Y6.9965
G1 X-12.9725 Y7.0167
G1 X-12.9559 Y7.0272
G1 X-12.9398 Y7.0385
G1 X-12.9083 Y7.0619
G1 X-12.8928 Y7.0740
G1 X-12.8779 Y7.0868
G1 X-12.8417 Y7.1198
G1 X-11.7715 Y8.1898
G1 X-11.0829 Y8.1898
G1 X-11.0453 Y8.1485
G1 X-11.0315 Y8.1347
G1 X-10.9661 Y8.0753
G1 X-10.9436 Y8.0563
G1 X-10.8727 Y8.0036
G1 X-10.8566 Y7.9923
G1 X-10.8400 Y7.9818
G1 X-10.7727 Y7.9414
G1 X-10.7469 Y7.9272
G1 X-10.6671 Y7.8894
G1 X-10.6492 Y7.8814
G1 X-10.6309 Y7.8743
G1 X-10.5569 Y7.8479
G1 X-10.5383 Y7.8417
G1 X-10.5194 Y7.8365
G1 X-10.4432 Y7.8174
G1 X-10.4241 Y7.8131
G1 X-10.4047 Y7.8098
G1 X-10.3271 Y7.7982
G1 X-10.2978 Y7.7950
G1 X-10.2096 Y7.7905
G1 X-10.1900 Y7.7901
G1 X-9.1900 Y7.7901
G1 X-9.1703 Y7.7905
G1 X-9.0821 Y7.7950
G1 X-9.0528 Y7.7982
G1 X-8.9752 Y7.8098
G1 X-8.9558 Y7.8131
G1 X-8.9367 Y7.8174
G1 X-8.8605 Y7.8365
G1 X-8.8416 Y7.8417
G1 X-8.8230 Y7.8479
G1 X-8.7490 Y7.8743
G1 X-8.7307 Y7.8814
G1 X-8.7128 Y7.8894
G1 X-8.6330 Y7.9272
G1 X-8.6072 Y7.9414
G1 X-8.5399 Y7.9818
G1 X-8.5233 Y7.9923
G1 X-8.5072 Y8.0036
G1 X-8.4442 Y8.0504
G1 X-8.4287 Y8.0624
G1 X-8.4138 Y8.0753
G1 X-8.3556 Y8.1280
G1 X-8.3414 Y8.1415
G1 X-8.3279 Y8.1557
G1 X-8.2752 Y8.2139
G1 X-8.2623 Y8.2288
G1 X-8.2503 Y8.2443
G1 X-8.2035 Y8.3073
G1 X-8.1922 Y8.3234
G1 X-8.1817 Y8.3400
G1 X-8.1413 Y8.4073
G1 X-8.1316 Y8.4244
G1 X-8.1228 Y8.4419
G1 X-8.0893 Y8.5129
G1 X-8.0813 Y8.5308
G1 X-8.0742 Y8.5491
G1 X-8.0478 Y8.6231
G1 X-8.0416 Y8.6417
G1 X-8.0364 Y8.6606
G1 X-8.0173 Y8.7368
G1 X-8.0130 Y8.7559
G1 X-8.0097 Y8.7753
G1 X-7.9981 Y8.8529
G1 X-7.9957 Y8.8724
G1 X-7.9943 Y8.8920
G1 X-7.9904 Y8.9704
G1 X-7.9900 Y8.9900
G1 X-7.9904 Y9.0097
G1 X-7.9943 Y9.0881
G1 X-7.9957 Y9.1077
G1 X-7.9981 Y9.1272
G1 X-8.0097 Y9.2048
G1 X-8.0130 Y9.2242
G1 X-8.0173 Y9.2433
G1 X-8.0364 Y9.3195
G1 X-8.0416 Y9.3384
G1 X-8.0478 Y9.3570
G1 X-8.0742 Y9.4310
G1 X-8.0813 Y9.4493
G1 X-8.0893 Y9.4672
G1 X-8.1228 Y9.5382
G1 X-8.1316 Y9.5557
G1 X-8.1413 Y9.5728
G1 X-8.1817 Y9.6401
G1 X-8.1922 Y9.6567
G1 X-8.2035 Y9.6728
G1 X-8.2503 Y9.7358
G1 X-8.2623 Y9.7513
G1 X-8.2752 Y9.7662
G1 X-8.3279 Y9.8244
G1 X-8.3414 Y9.8386
G1 X-8.3556 Y9.8521
G1 X-8.4138 Y9.9048
G1 X-8.4287 Y9.9177
G1 X-8.4442 Y9.9297
G1 X-8.5072 Y9.9765
G1 X-8.5233 Y9.9878
G1 X-8.5399 Y9.9983
G1 X-8.6072 Y10.0387
G1 X-8.6243 Y10.0484
G1 X-8.6418 Y10.0572
G1 X-8.7128 Y10.0907
G1 X-8.7307 Y10.0987
G1 X-8.7490 Y10.1058
G1 X-8.8230 Y10.1322
G1 X-8.8416 Y10.1384
G1 X-8.8605 Y10.1436
G1 X-8.9367 Y10.1627
G1 X-8.9655 Y10.1688
G1 X-9.0626 Y10.1832
G1 X-9.0919 Y10.1857
G1 X-9.1703 Y10.1896
G1 X-9.1900 Y10.1900
G1 X-10.1900 Y10.1900
G1 X-10.2096 Y10.1896
G1 X-10.2880 Y10.1857
G1 X-10.3173 Y10.1832
G1 X-10.4144 Y10.1688
G1 X-10.4432 Y10.1627
G1 X-10.5289 Y10.1411
G1 X-10.5569 Y10.1322
G1 X-10.6309 Y10.1058
G1 X-10.6492 Y10.0987
G1 X-10.6671 Y10.0907
G1 X-10.7469 Y10.0529
G1 X-10.7727 Y10.0387
G1 X-10.8400 Y9.9983
G1 X-10.8566 Y9.9878
G1 X-10.8727 Y9.9765
G1 X-10.9436 Y9.9238
G1 X-10.9661 Y9.9048
G1 X-11.0315 Y9.8454
G1 X-11.0453 Y9.8316
G1 X-11.0829 Y9.7902
G1 X-12.1128 Y9.7901
G1 X-12.1618 Y9.7878
G1 X-12.1814 Y9.7864
G1 X-12.2009 Y9.7840
G1 X-12.2397 Y9.7782
G1 X-12.2687 Y9.7728
G1 X-12.3258 Y9.7585
G1 X-12.3539 Y9.7496
G1 X-12.3909 Y9.7364
G1 X-12.4092 Y9.7293
G1 X-12.4271 Y9.7214
G1 X-12.4626 Y9.7046
G1 X-12.4802 Y9.6958
G1 X-12.4972 Y9.6861
G1 X-12.5309 Y9.6659
G1 X-12.5556 Y9.6498
G1 X-12.6029 Y9.6147
G1 X-12.6255 Y9.5958
G1 X-12.6546 Y9.5694
G1 X-12.6688 Y9.5559
G1 X-13.7319 Y8.4927
G1 X-14.8791 Y8.4927
G1 X-14.8889 Y8.5315
G1 X-14.8946 Y8.5503
G1 X-14.9242 Y8.6335
G1 X-14.9352 Y8.6608
G1 X-14.9728 Y8.7407
G1 X-14.9816 Y8.7582
G1 X-14.9913 Y8.7753
G1 X-15.0317 Y8.8426
G1 X-15.0422 Y8.8592
G1 X-15.0535 Y8.8753
G1 X-15.1003 Y8.9383
G1 X-15.1187 Y8.9613
G1 X-15.1846 Y9.0341
G1 X-15.1984 Y9.0479
G1 X-15.2398 Y9.0855
G1 X-15.2398 Y11.4071
G1 X-15.1984 Y11.4447
G1 X-15.1846 Y11.4585
G1 X-15.1252 Y11.5239
G1 X-15.1062 Y11.5464
G1 X-15.0535 Y11.6173
G1 X-15.0422 Y11.6334
G1 X-15.0317 Y11.6500
G1 X-14.9864 Y11.7258
G1 X-14.9728 Y11.7519
G1 X-14.9393 Y11.8229
G1 X-14.9313 Y11.8408
G1 X-14.9242 Y11.8591
G1 X-14.8978 Y11.9331
G1 X-14.8916 Y11.9517
G1 X-14.8864 Y11.9706
G1 X-14.8673 Y12.0468
G1 X-14.8630 Y12.0659
G1 X-14.8597 Y12.0853
G1 X-14.8481 Y12.1629
G1 X-14.8457 Y12.1824
G1 X-14.8443 Y12.2020
G1 X-14.8401 Y12.2902
G1 X-14.8400 Y13.3000
G1 X-14.8404 Y13.3197
G1 X-14.8443 Y13.3981
G1 X-14.8457 Y13.4177
G1 X-14.8481 Y13.4372
G1 X-14.8597 Y13.5148
G1 X-14.8630 Y13.5342
G1 X-14.8673 Y13.5533
G1 X-14.8864 Y13.6295
G1 X-14.8916 Y13.6484
G1 X-14.8978 Y13.6670
G1 X-14.9242 Y13.7410
G1 X-14.9352 Y13.7683
G1 X-14.9728 Y13.8482
G1 X-14.9816 Y13.8657
G1 X-14.9913 Y13.8828
G1 X-15.0317 Y13.9501
G1 X-15.0477 Y13.9748
G1 X-15.1003 Y14.0458
G1 X-15.1187 Y14.0688
G1 X-15.1846 Y14.1416
G1 X-15.1984 Y14.1554
G1 X-15.2398 Y14.1930
G1 X-15.2398 Y19.4536
G1 X-14.1876 Y20.5057
G1 X-14.1371 Y20.4982
G1 X-14.1176 Y20.4958
G1 X-14.0980 Y20.4944
G1 X-14.0098 Y20.4902
G1 X-13.0000 Y20.4901
G1 X-12.9803 Y20.4905
G1 X-12.9019 Y20.4944
G1 X-12.8823 Y20.4958
G1 X-12.8628 Y20.4982
G1 X-12.7852 Y20.5098
G1 X-12.7658 Y20.5131
G1 X-12.7467 Y20.5174
G1 X-12.6705 Y20.5365
G1 X-12.6516 Y20.5417
G1 X-12.6330 Y20.5479
G1 X-12.5590 Y20.5743
G1 X-12.5407 Y20.5814
G1 X-12.5228 Y20.5894
G1 X-12.4518 Y20.6229
G1 X-12.4343 Y20.6317
G1 X-12.4172 Y20.6414
G1 X-12.3499 Y20.6818
G1 X-12.3333 Y20.6923
G1 X-12.3172 Y20.7036
G1 X-12.2463 Y20.7563
G1 X-12.2238 Y20.7753
G1 X-12.1656 Y20.8280
G1 X-12.1514 Y20.8415
G1 X-12.1379 Y20.8557
G1 X-12.0852 Y20.9139
G1 X-12.0662 Y20.9364
G1 X-12.0077 Y21.0153
G1 X-11.9917 Y21.0400
G1 X-11.9513 Y21.1073
G1 X-11.9416 Y21.1244
G1 X-11.9328 Y21.1419
G1 X-11.8993 Y21.2129
G1 X-11.8913 Y21.2308
G1 X-11.8842 Y21.2491
G1 X-11.8578 Y21.3231
G1 X-11.8516 Y21.3417
G1 X-11.8464 Y21.3606
G1 X-11.8273 Y21.4368
G1 X-11.8230 Y21.4559
G1 X-11.8197 Y21.4753
G1 X-11.8081 Y21.5529
G1 X-11.8057 Y21.5724
G1 X-11.8043 Y21.5920
G1 X-11.8004 Y21.6704
G1 X-11.8000 Y21.6900
G1 X-11.8004 Y21.7097
G1 X-11.8043 Y21.7881
G1 X-11.8057 Y21.8077
G1 X-11.8081 Y21.8272
G1 X-11.8197 Y21.9048
G1 X-11.8250 Y21.9338
G1 X-11.8489 Y22.0290
G1 X-11.8578 Y22.0570
G1 X-11.8842 Y22.1310
G1 X-11.8913 Y22.1493
G1 X-11.8993 Y22.1672
G1 X-11.9328 Y22.2382
G1 X-11.9416 Y22.2557
G1 X-11.9513 Y22.2728
G1 X-11.9968 Y22.3485
G1 X-12.0135 Y22.3728
G1 X-12.0603 Y22.4358
G1 X-12.0723 Y22.4513
G1 X-12.0852 Y22.4662
G1 X-12.1379 Y22.5244
G1 X-12.1514 Y22.5386
G1 X-12.1656 Y22.5521
G1 X-12.2238 Y22.6048
G1 X-12.2387 Y22.6177
G1 X-12.2542 Y22.6297
G1 X-12.3172 Y22.6765
G1 X-12.3333 Y22.6878
G1 X-12.3499 Y22.6983
G1 X-12.4172 Y22.7387
G1 X-12.4343 Y22.7484
G1 X-12.4518 Y22.7572
G1 X-12.5228 Y22.7907
G1 X-12.5407 Y22.7987
G1 X-12.5590 Y22.8058
G1 X-12.6330 Y22.8322
G1 X-12.6516 Y22.8384
G1 X-12.6705 Y22.8436
G1 X-12.7562 Y22.8650
G1 X-12.7852 Y22.8703
G1 X-12.8628 Y22.8819
G1 X-12.8823 Y22.8843
G1 X-12.9019 Y22.8857
G1 X-12.9803 Y22.8896
G1 X-13.0000 Y22.8900
G1 X-14.0000 Y22.8900
G1 X-14.0196 Y22.8896
G1 X-14.0980 Y22.8857
G1 X-14.1176 Y22.8843
G1 X-14.1371 Y22.8819
G1 X-14.2147 Y22.8703
G1 X-14.2341 Y22.8670
G1 X-14.2532 Y22.8627
G1 X-14.3294 Y22.8436
G1 X-14.3483 Y22.8384
G1 X-14.3669 Y22.8322
G1 X-14.4409 Y22.8058
G1 X-14.4592 Y22.7987
G1 X-14.4771 Y22.7907
G1 X-14.5481 Y22.7572
G1 X-14.5656 Y22.7484
G1 X-14.5827 Y22.7387
G1 X-14.6500 Y22.6983
G1 X-14.6666 Y22.6878
G1 X-14.6827 Y22.6765
G1 X-14.7457 Y22.6297
G1 X-14.7612 Y22.6177
G1 X-14.7761 Y22.6048
G1 X-14.8343 Y22.5521
G1 X-14.8485 Y22.5386
G1 X-14.8620 Y22.5244
G1 X-14.9147 Y22.4662
G1 X-14.9276 Y22.4513
G1 X-14.9396 Y22.4358
G1 X-14.9864 Y22.3728
G1 X-15.0031 Y22.3485
G1 X-15.0535 Y22.2643
G1 X-15.0671 Y22.2382
G1 X-15.1006 Y22.1672
G1 X-15.1086 Y22.1493
G1 X-15.1157 Y22.1310
G1 X-15.1421 Y22.0570
G1 X-15.1510 Y22.0290
G1 X-15.1726 Y21.9433
G1 X-15.1787 Y21.9145
G1 X-15.1931 Y21.8174
G1 X-15.1950 Y21.7979
G1 X-15.1970 Y21.7596
G1 X-16.6058 Y20.3509
G1 X-16.6193 Y20.3367
G1 X-16.6522 Y20.3002
G1 X-16.6706 Y20.2772
G1 X-16.6940 Y20.2457
G1 X-16.7053 Y20.2296
G1 X-16.7158 Y20.2130
G1 X-16.7360 Y20.1793
G1 X-16.7502 Y20.1535
G1 X-16.7754 Y20.1003
G1 X-16.7863 Y20.0730
G1 X-16.7995 Y20.0360
G1 X-16.8057 Y20.0173
G1 X-16.8109 Y19.9984
G1 X-16.8205 Y19.9603
G1 X-16.8248 Y19.9412
G1 X-16.8281 Y19.9218
G1 X-16.8339 Y19.8830
G1 X-16.8371 Y19.8537
G1 X-16.8397 Y19.8047
G1 X-16.8402 Y19.7850
G1 X-16.8402 Y14.1930
G1 X-16.8815 Y14.1554
G1 X-16.8953 Y14.1416
G1 X-16.9612 Y14.0688
G1 X-16.9796 Y14.0458
G1 X-17.0322 Y13.9748
G1 X-17.0482 Y13.9501
G1 X-17.0886 Y13.8828
G1 X-17.0983 Y13.8657
G1 X-17.1071 Y13.8482
G1 X-17.1447 Y13.7683
G1 X-17.1557 Y13.7410
G1 X-17.1821 Y13.6670
G1 X-17.1883 Y13.6484
G1 X-17.1935 Y13.6295
G1 X-17.2126 Y13.5533
G1 X-17.2169 Y13.5342
G1 X-17.2202 Y13.5148
G1 X-17.2318 Y13.4372
G1 X-17.2342 Y13.4177
G1 X-17.2356 Y13.3981
G1 X-17.2395 Y13.3197
G1 X-17.2399 Y13.3000
G1 X-17.2398 Y12.2902
G1 X-17.2356 Y12.2020
G1 X-17.2342 Y12.1824
G1 X-17.2318 Y12.1629
G1 X-17.2202 Y12.0853
G1 X-17.2169 Y12.0659
G1 X-17.2126 Y12.0468
G1 X-17.1935 Y11.9706
G1 X-17.1883 Y11.9517
G1 X-17.1821 Y11.9331
G1 X-17.1557 Y11.8591
G1 X-17.1486 Y11.8408
G1 X-17.1406 Y11.8229
G1 X-17.1071 Y11.7519
G1 X-17.0935 Y11.7258
G1 X-17.0482 Y11.6500
G1 X-17.0377 Y11.6334
G1 X-17.0264 Y11.6173
G1 X-16.9737 Y11.5464
G1 X-16.9547 Y11.5239
G1 X-16.8953 Y11.4585
G1 X-16.8815 Y11.4447
G1 X-16.8402 Y11.4071
G1 X-16.8402 Y9.0855
G1 X-16.8815 Y9.0479
G1 X-16.8953 Y9.0341
G1 X-16.9612 Y8.9613
G1 X-16.9796 Y8.9383
G1 X-17.0264 Y8.8753
G1 X-17.0377 Y8.8592
G1 X-17.0482 Y8.8426
G1 X-17.0886 Y8.7753
G1 X-17.0983 Y8.7582
G1 X-17.1071 Y8.7407
G1 X-17.1447 Y8.6608
G1 X-17.1557 Y8.6335
G1 X-17.1853 Y8.5503
G1 X-17.1910 Y8.5315
G1 X-17.2008 Y8.4928
G1 X-18.6798 Y8.4926
G1 X-18.7288 Y8.4903
G1 X-18.7484 Y8.4889
G1 X-18.7679 Y8.4865
G1 X-18.8067 Y8.4807
G1 X-18.8357 Y8.4753
G1 X-18.8928 Y8.4610
G1 X-18.9209 Y8.4521
G1 X-18.9579 Y8.4389
G1 X-18.9762 Y8.4318
G1 X-18.9941 Y8.4239
G1 X-19.0296 Y8.4071
G1 X-19.0472 Y8.3983
G1 X-19.0642 Y8.3886
G1 X-19.0979 Y8.3684
G1 X-19.1145 Y8.3579
G1 X-19.1306 Y8.3466
G1 X-19.1621 Y8.3232
G1 X-19.1851 Y8.3048
G1 X-19.2216 Y8.2719
G1 X-19.2358 Y8.2584
G1 X-19.8441 Y7.6500
G1 X-20.4223 Y7.6499
G1 X-20.5105 Y7.6457
G1 X-20.5301 Y7.6443
G1 X-20.5496 Y7.6419
G1 X-20.6272 Y7.6303
G1 X-20.6562 Y7.6250
G1 X-20.7514 Y7.6011
G1 X-20.7794 Y7.5922
G1 X-20.8626 Y7.5624
G1 X-20.8896 Y7.5507
G1 X-20.9606 Y7.5172
G1 X-20.9781 Y7.5084
G1 X-20.9952 Y7.4987
G1 X-21.0625 Y7.4583
G1 X-21.0791 Y7.4478
G1 X-21.0952 Y7.4365
G1 X-21.1661 Y7.3838
G1 X-21.1886 Y7.3648
G1 X-21.2468 Y7.3121
G1 X-21.2610 Y7.2986
G1 X-21.2745 Y7.2844
G1 X-21.3272 Y7.2262
G1 X-21.3401 Y7.2113
G1 X-21.3521 Y7.1958
G1 X-21.3989 Y7.1328
G1 X-21.4102 Y7.1167
G1 X-21.4207 Y7.1001
G1 X-21.4611 Y7.0328
G1 X-21.4708 Y7.0157
G1 X-21.4796 Y6.9982
G1 X-21.5131 Y6.9272
G1 X-21.5211 Y6.9093
G1 X-21.5282 Y6.8910
G1 X-21.5546 Y6.8170
G1 X-21.5608 Y6.7984
G1 X-21.5660 Y6.7795
G1 X-21.5851 Y6.7033
G1 X-21.5894 Y6.6842
G1 X-21.5927 Y6.6648
G1 X-21.6043 Y6.5872
G1 X-21.6067 Y6.5677
G1 X-21.6081 Y6.5481
G1 X-21.6120 Y6.4697
G1 X-21.6124 Y6.4500
G1 X-21.6120 Y6.4304
G1 X-21.6081 Y6.3520
G1 X-21.6067 Y6.3324
G1 X-21.6043 Y6.3129
G1 X-21.5927 Y6.2353
G1 X-21.5894 Y6.2159
G1 X-21.5851 Y6.1968
G1 X-21.5660 Y6.1206
G1 X-21.5608 Y6.1017
G1 X-21.5546 Y6.0831
G1 X-21.5282 Y6.0091
G1 X-21.5211 Y5.9908
G1 X-21.5131 Y5.9729
G1 X-21.4796 Y5.9019
G1 X-21.4708 Y5.8844
G1 X-21.4611 Y5.8673
G1 X-21.4207 Y5.8000
G1 X-21.4102 Y5.7834
G1 X-21.3989 Y5.7673
G1 X-21.3521 Y5.7043
G1 X-21.3401 Y5.6888
G1 X-21.3272 Y5.6739
G1 X-21.2745 Y5.6157
G1 X-21.2610 Y5.6015
G1 X-21.2468 Y5.5880
G1 X-21.1886 Y5.5353
G1 X-21.1737 Y5.5224
G1 X-21.1582 Y5.5104
G1 X-21.0952 Y5.4636
G1 X-21.0791 Y5.4523
G1 X-21.0625 Y5.4418
G1 X-20.9952 Y5.4014
G1 X-20.9781 Y5.3917
G1 X-20.9606 Y5.3829
G1 X-20.8896 Y5.3494
G1 X-20.8626 Y5.3377
G1 X-20.7794 Y5.3079
G1 X-20.7608 Y5.3017
G1 X-20.7419 Y5.2965
G1 X-20.6657 Y5.2774
G1 X-20.6466 Y5.2731
G1 X-20.6272 Y5.2698
G1 X-20.5496 Y5.2582
G1 X-20.5301 Y5.2558
G1 X-20.5105 Y5.2544
G1 X-20.4321 Y5.2505
G1 X-20.4125 Y5.2501
G1 X-19.4026 Y5.2502
G1 X-19.3144 Y5.2544
G1 X-19.2948 Y5.2558
G1 X-19.2753 Y5.2582
G1 X-19.1977 Y5.2698
G1 X-19.1783 Y5.2731
G1 X-19.1592 Y5.2774
G1 X-19.0830 Y5.2965
G1 X-19.0641 Y5.3017
G1 X-19.0455 Y5.3079
G1 X-18.9715 Y5.3343
G1 X-18.9532 Y5.3414
G1 X-18.9353 Y5.3494
G1 X-18.8643 Y5.3829
G1 X-18.8468 Y5.3917
G1 X-18.8297 Y5.4014
G1 X-18.7624 Y5.4418
G1 X-18.7458 Y5.4523
G1 X-18.7297 Y5.4636
G1 X-18.6667 Y5.5104
G1 X-18.6512 Y5.5224
G1 X-18.6363 Y5.5353
G1 X-18.5781 Y5.5880
G1 X-18.5571 Y5.6085
G1 X-18.4977 Y5.6739
G1 X-18.4848 Y5.6888
G1 X-18.4728 Y5.7043
G1 X-18.4260 Y5.7673
G1 X-18.4147 Y5.7834
G1 X-18.4042 Y5.8000
G1 X-18.3638 Y5.8673
G1 X-18.3541 Y5.8844
G1 X-18.3453 Y5.9019
G1 X-18.3118 Y5.9729
G1 X-18.3038 Y5.9908
G1 X-18.2967 Y6.0091
G1 X-18.2703 Y6.0831
G1 X-18.2641 Y6.1017
G1 X-18.2589 Y6.1206
G1 X-18.2398 Y6.1968
G1 X-18.2355 Y6.2159
G1 X-18.2322 Y6.2353
G1 X-18.2206 Y6.3129
G1 X-18.2182 Y6.3324
G1 X-18.2168 Y6.3520
G1 X-18.2126 Y6.4402
G1 X-18.2129 Y6.4697
G1 X-18.2168 Y6.5481
G1 X-18.2182 Y6.5677
G1 X-18.2206 Y6.5872
G1 X-18.2322 Y6.6648
G1 X-18.2375 Y6.6938
G1 X-18.2614 Y6.7890
G1 X-18.2703 Y6.8170
G1 X-18.2972 Y6.8923
G1 Z2.0000
G1 X-19.6042 Y7.8900
G1 F60.00
G1 Z0.7
G1 F60.00
G1 X-24.0307 Y7.8900
G1 X-24.5107 Y8.3700
G1 X-19.0953 Y8.3700
G1 Z2.0000
G1 X-17.0437 Y8.8500
G1 F60.00
G1 Z0.7
G1 F60.00
G1 X-24.9907 Y8.8500
G1 X-25.4707 Y9.3300
G1 X-16.8402 Y9.3300
G1 X-16.8402 Y9.8100
G1 X-25.9507 Y9.8100
G1 X-23.5507 Y7.4100
G1 X-21.1309 Y7.4100
G1 Z2.0000
G1 X-21.5118 Y6.9300
G1 F60.00
G1 Z0.7
G1 F60.00
G1 X-23.0707 Y6.9300
G1 X-22.5907 Y6.4500
G1 X-21.6124 Y6.4500
G1 Z2.0000
G1 X-21.5118 Y5.9700
G1 F60.00
G1 Z0.7
G1 F60.00
G1 X-22.1107 Y5.9700
G1 X-21.6307 Y5.4900
G1 X-21.1308 Y5.4900
G1 Z2.0000
G1 X-22.6290 Y11.2500
G1 F60.00
G1 Z0.7
G1 F60.00
G1 X-19.1603 Y11.2500
G1 Z2.0000
G1 X-22.6125 Y11.7300
G1 F60.00
G1 Z0.7
G1 F60.00
G1 X-19.6358 Y11.7300
G1 Z2.0000
G1 X-17.9996 Y11.2500
G1 F60.00
G1 Z0.7
G1 F60.00
G1 X-16.8402 Y11.2500
G1 Z2.0000
G1 X-17.5241 Y11.7300
G1 F60.00
G1 Z0.7
G1 F60.00
G1 X-17.0958 Y11.7300
G1 Z2.0000
G1 X-17.2360 Y12.2100
G1 F60.00
G1 Z0.7
G1 F60.00
G1 X-17.3839 Y12.2100
G1 Z2.0000
G1 X-17.2399 Y12.6900
G1 F60.00
G1 Z0.7
G1 F60.00
G1 X-17.3800 Y12.6900
G1 X-17.3800 Y13.1700
G1 X-17.2399 Y13.1700
G1 Z2.0000
G1 X-17.1878 Y13.6500
G1 F60.00
G1 Z0.7
G1 F60.00
G1 X-17.4321 Y13.6500
G1 Z2.0000
G1 X-17.7139 Y14.1300
G1 F60.00
G1 Z0.7
G1 F60.00
G1 X-16.9060 Y14.1300
G1 X-16.8402 Y14.6100
G1 X-17.7798 Y14.6100
G1 X-17.7798 Y15.0900
G1 X-16.8402 Y15.0900
G1 X-16.8402 Y15.5700
G1 X-17.7798 Y15.5700
G1 X-17.7798 Y16.0500
G1 X-16.8402 Y16.0500
G1 X-16.8402 Y16.5300
G1 X-17.7798 Y16.5300
G1 Z2.0000
G1 X-19.7278 Y13.6500
G1 F60.00
G1 Z0.7
G1 F60.00
G1 X-20.8382 Y13.6500
G1 X-21.3182 Y14.1300
G1 X-19.4460 Y14.1300
G1 X-19.3802 Y14.6100
G1 X-21.7990 Y14.6100
G1 Z2.0000
G1 X-23.2324 Y15.0900
G1 F60.00
G1 Z0.7
G1 F60.00
G1 X-19.3802 Y15.0900
G1 X-19.3802 Y15.5700
G1 X-28.8468 Y15.5700
G1 Z2.0000
G1 X-28.4295 Y16.0500
G1 F60.00
G1 Z0.7
G1 F60.00
G1 X-19.3802 Y16.0500
G1 X-19.6316 Y16.5300
G1 X-22.7505 Y16.5300
G1 Z2.0000
G1 X-22.4564 Y17.0100
G1 F60.00
G1 Z0.7
G1 F60.00
G1 X-20.1116 Y17.0100
G1 X-20.5916 Y17.4900
G1 X-22.3975 Y17.4900
G1 X-22.3975 Y17.9700
G1 X-21.0716 Y17.9700
G1 X-21.5516 Y18.4500
G1 X-22.4004 Y18.4500
G1 Z2.0000
G1 X-22.5312 Y18.9300
G1 F60.00
G1 Z0.7
G1 F60.00
G1 X-22.0316 Y18.9300
G1 X-22.5116 Y19.4100
G1 X-22.8598 Y19.4100
G1 Z2.0000
G1 X-24.4602 Y19.4100
G1 F60.00
G1 Z0.7
G1 F60.00
G1 X-35.0730 Y19.4100
G1 Z2.0000
G1 X-34.3941 Y19.8900
G1 F60.00
G1 Z0.7
G1 F60.00
G1 X-24.4602 Y19.8900
G1 X-24.5349 Y20.3700
G1 X-34.0930 Y20.3700
G1 Z2.0000
G1 X-33.9675 Y20.8500
G1 F60.00
G1 Z0.7
G1 F60.00
G1 X-24.8107 Y20.8500
G1 Z2.0000
G1 X-24.8599 Y21.3300
G1 F60.00
G1 Z0.7
G1 F60.00
G1 X-33.9779 Y21.3300
G1 Z2.0000
G1 X-33.9550 Y21.0600
G1 F60.00
G1 Z0.7
G1 F60.00
G1 X-33.9555 Y21.0796
G1 X-33.9616 Y21.2041
G1 X-33.9640 Y21.2334
G1 X-33.9664 Y21.2529
G1 X-33.9847 Y21.3762
G1 X-33.9900 Y21.4052
G1 X-33.9943 Y21.4243
G1 X-34.0246 Y21.5452
G1 X-34.0327 Y21.5735
G1 X-34.0388 Y21.5922
G1 X-34.0808 Y21.7095
G1 X-34.0916 Y21.7369
G1 X-34.0996 Y21.7549
G1 X-34.1529 Y21.8675
G1 X-34.1663 Y21.8937
G1 X-34.1760 Y21.9108
G1 X-34.2401 Y22.0177
G1 X-34.2560 Y22.0425
G1 X-34.2673 Y22.0585
G1 X-34.3416 Y22.1586
G1 X-34.3599 Y22.1817
G1 X-34.3727 Y22.1965
G1 X-34.4564 Y22.2889
G1 X-34.4769 Y22.3101
G1 X-34.4911 Y22.3236
G1 X-34.5835 Y22.4073
G1 X-34.6059 Y22.4263
G1 X-34.6214 Y22.4384
G1 X-34.7215 Y22.5127
G1 X-34.7457 Y22.5294
G1 X-34.7623 Y22.5399
G1 X-34.8692 Y22.6040
G1 X-34.8949 Y22.6183
G1 X-34.9125 Y22.6271
G1 X-35.0251 Y22.6804
G1 X-35.0522 Y22.6921
G1 X-35.0705 Y22.6992
G1 X-35.1878 Y22.7412
G1 X-35.2159 Y22.7502
G1 X-35.2348 Y22.7554
G1 X-35.3557 Y22.7857
G1 X-35.3845 Y22.7919
G1 X-35.4038 Y22.7953
G1 X-35.5271 Y22.8136
G1 X-35.5564 Y22.8169
G1 X-35.5759 Y22.8184
G1 X-35.7004 Y22.8245
G1 X-35.7299 Y22.8250
G1 X-35.7495 Y22.8245
G1 X-35.8740 Y22.8184
G1 X-35.9033 Y22.8160
G1 X-35.9228 Y22.8136
G1 X-36.0461 Y22.7953
G1 X-36.0751 Y22.7900
G1 X-36.0942 Y22.7857
G1 X-36.2151 Y22.7554
G1 X-36.2434 Y22.7473
G1 X-36.2621 Y22.7412
G1 X-36.3794 Y22.6992
G1 X-36.4068 Y22.6884
G1 X-36.4248 Y22.6804
G1 X-36.5374 Y22.6271
G1 X-36.5636 Y22.6137
G1 X-36.5807 Y22.6040
G1 X-36.6876 Y22.5399
G1 X-36.7124 Y22.5240
G1 X-36.7284 Y22.5127
G1 X-36.8285 Y22.4384
G1 X-36.8516 Y22.4201
G1 X-36.8664 Y22.4073
G1 X-36.9588 Y22.3236
G1 X-36.9800 Y22.3031
G1 X-36.9935 Y22.2889
G1 X-37.0772 Y22.1965
G1 X-37.0962 Y22.1741
G1 X-37.1083 Y22.1586
G1 X-37.1826 Y22.0585
G1 X-37.1993 Y22.0343
G1 X-37.2098 Y22.0177
G1 X-37.2739 Y21.9108
G1 X-37.2882 Y21.8851
G1 X-37.2970 Y21.8675
G1 X-37.3503 Y21.7549
G1 X-37.3620 Y21.7278
G1 X-37.3691 Y21.7095
G1 X-37.4111 Y21.5922
G1 X-37.4201 Y21.5641
G1 X-37.4253 Y21.5452
G1 X-37.4556 Y21.4243
G1 X-37.4618 Y21.3955
G1 X-37.4652 Y21.3762
G1 X-37.4835 Y21.2529
G1 X-37.4868 Y21.2236
G1 X-37.4883 Y21.2041
G1 X-37.4944 Y21.0796
G1 X-37.4949 Y21.0501
G1 X-37.4944 Y21.0305
G1 X-37.4883 Y20.9060
G1 X-37.4859 Y20.8767
G1 X-37.4835 Y20.8572
G1 X-37.4652 Y20.7339
G1 X-37.4599 Y20.7049
G1 X-37.4556 Y20.6858
G1 X-37.4253 Y20.5649
G1 X-37.4172 Y20.5366
G1 X-37.4111 Y20.5179
G1 X-37.3691 Y20.4006
G1 X-37.3583 Y20.3732
G1 X-37.3503 Y20.3552
G1 X-37.2970 Y20.2426
G1 X-37.2836 Y20.2164
G1 X-37.2739 Y20.1993
G1 X-37.2098 Y20.0924
G1 X-37.1939 Y20.0676
G1 X-37.1826 Y20.0516
G1 X-37.1083 Y19.9515
G1 X-37.0900 Y19.9284
G1 X-37.0772 Y19.9136
G1 X-36.9935 Y19.8212
G1 X-36.9730 Y19.8000
G1 X-36.9588 Y19.7865
G1 X-36.8664 Y19.7028
G1 X-36.8440 Y19.6838
G1 X-36.8285 Y19.6717
G1 X-36.7284 Y19.5974
G1 X-36.7042 Y19.5807
G1 X-36.6876 Y19.5702
G1 X-36.5807 Y19.5061
G1 X-36.5550 Y19.4918
G1 X-36.5374 Y19.4830
G1 X-36.4248 Y19.4297
G1 X-36.3977 Y19.4180
G1 X-36.3794 Y19.4109
G1 X-36.2621 Y19.3689
G1 X-36.2340 Y19.3599
G1 X-36.2151 Y19.3547
G1 X-36.0942 Y19.3244
G1 X-36.0654 Y19.3182
G1 X-36.0461 Y19.3148
G1 X-35.9228 Y19.2965
G1 X-35.8935 Y19.2932
G1 X-35.8740 Y19.2917
G1 X-35.7495 Y19.2856
G1 X-35.7200 Y19.2851
G1 X-35.7004 Y19.2856
G1 X-35.5759 Y19.2917
G1 X-35.5466 Y19.2941
G1 X-35.5271 Y19.2965
G1 X-35.4038 Y19.3148
G1 X-35.3748 Y19.3201
G1 X-35.3557 Y19.3244
G1 X-35.2348 Y19.3547
G1 X-35.2065 Y19.3628
G1 X-35.1878 Y19.3689
G1 X-35.0705 Y19.4109
G1 X-35.0431 Y19.4217
G1 X-35.0251 Y19.4297
G1 X-34.9125 Y19.4830
G1 X-34.8863 Y19.4964
G1 X-34.8692 Y19.5061
G1 X-34.7623 Y19.5702
G1 X-34.7375 Y19.5861
G1 X-34.7215 Y19.5974
G1 X-34.6214 Y19.6717
G1 X-34.5983 Y19.6900
G1 X-34.5835 Y19.7028
G1 X-34.4911 Y19.7865
G1 X-34.4699 Y19.8070
G1 X-34.4564 Y19.8212
G1 X-34.3727 Y19.9136
G1 X-34.3537 Y19.9360
G1 X-34.3416 Y19.9515
G1 X-34.2673 Y20.0516
G1 X-34.2506 Y20.0758
G1 X-34.2401 Y20.0924
G1 X-34.1760 Y20.1993
G1 X-34.1617 Y20.2250
G1 X-34.1529 Y20.2426
G1 X-34.0996 Y20.3552
G1 X-34.0879 Y20.3823
G1 X-34.0808 Y20.4006
G1 X-34.0388 Y20.5179
G1 X-34.0298 Y20.5460
G1 X-34.0246 Y20.5649
G1 X-33.9943 Y20.6858
G1 X-33.9881 Y20.7146
G1 X-33.9847 Y20.7339
G1 X-33.9664 Y20.8572
G1 X-33.9631 Y20.8865
G1 X-33.9616 Y20.9060
G1 X-33.9555 Y21.0305
G1 X-33.9550 Y21.0600
G1 Z2.0000
G1 X-34.1257 Y21.8100
G1 F60.00
G1 Z0.7
G1 F60.00
G1 X-24.8599 Y21.8100
G1 Z2.0000
G1 X-24.8555 Y22.2900
G1 F60.00
G1 Z0.7
G1 F60.00
G1 X-34.4574 Y22.2900
G1 Z2.0000
G1 X-35.2930 Y22.7700
G1 F60.00
G1 Z0.7
G1 F60.00
G1 X-24.7102 Y22.7700
G1 Z2.0000
G1 X-24.2225 Y23.2500
G1 F60.00
G1 Z0.7
G1 F60.00
G1 X-37.9966 Y23.2500
G1 X-38.2973 Y22.7700
G1 X-36.1569 Y22.7700
G1 Z2.0000
G1 X-36.9925 Y22.2900
G1 F60.00
G1 Z0.7
G1 F60.00
G1 X-38.3964 Y22.2900
G1 X-38.3999 Y21.8100
G1 X-37.3242 Y21.8100
G1 Z2.0000
G1 X-37.4720 Y21.3300
G1 F60.00
G1 Z0.7
G1 F60.00
G1 X-38.3999 Y21.3300
G1 X-38.3999 Y20.8500
G1 X-37.4824 Y20.8500
G1 Z2.0000
G1 X-37.3569 Y20.3700
G1 F60.00
G1 Z0.7
G1 F60.00
G1 X-38.3999 Y20.3700
G1 X-38.3999 Y19.8900
G1 X-37.0558 Y19.8900
G1 Z2.0000
G1 X-36.3769 Y19.4100
G1 F60.00
G1 Z0.7
G1 F60.00
G1 X-38.3999 Y19.4100
G1 X-38.3999 Y18.9300
G1 X-24.6637 Y18.9300
G1 Z2.0000
G1 X-24.7945 Y18.4500
G1 F60.00
G1 Z0.7
G1 F60.00
G1 X-38.3999 Y18.4500
G1 X-38.3999 Y17.9700
G1 X-24.7974 Y17.9700
G1 X-24.7974 Y17.4900
G1 X-28.7396 Y17.4900
G1 Z2.0000
G1 X-28.3939 Y17.0100
G1 F60.00
G1 Z0.7
G1 F60.00
G1 X-24.7385 Y17.0100
G1 Z2.0000
G1 X-24.4444 Y16.5300
G1 F60.00
G1 Z0.7
G1 F60.00
G1 X-28.3114 Y16.5300
G1 Z2.0000
G1 X-31.1731 Y15.5700
G1 F60.00
G1 Z0.7
G1 F60.00
G1 X-32.4583 Y15.5700
G1 X-32.9383 Y15.0900
G1 X-25.3575 Y15.0900
G1 Z2.0000
G1 X-25.6314 Y13.1700
G1 F60.00
G1 Z0.7
G1 F60.00
G1 X-33.7976 Y13.1700
G1 X-34.1609 Y12.6900
G1 X-30.9390 Y12.6900
G1 Z2.0000
G1 X-29.0809 Y12.6900
G1 F60.00
G1 Z0.7
G1 F60.00
G1 X-25.0989 Y12.6900
G1 Z2.0000
G1 X-23.4910 Y12.6900
G1 F60.00
G1 Z0.7
G1 F60.00
G1 X-22.1416 Y12.6900
G1 X-22.6216 Y13.1700
G1 X-22.9585 Y13.1700
G1 Z2.0000
G1 X-22.8065 Y12.2100
G1 F60.00
G1 Z0.7
G1 F60.00
G1 X-21.6598 Y12.2100
G1 X-22.8664 Y10.7700
G1 X-16.8402 Y10.7700
G1 X-16.8402 Y10.2900
G1 X-32.6782 Y10.2900
G1 X-33.1581 Y10.7698
G1 X-31.4029 Y10.7698
G1 X-31.3653 Y10.7285
G1 X-31.3515 Y10.7147
G1 X-31.2861 Y10.6553
G1 X-31.2636 Y10.6363
G1 X-31.1927 Y10.5836
G1 X-31.1766 Y10.5723
G1 X-31.1600 Y10.5618
G1 X-31.0842 Y10.5165
G1 X-31.0581 Y10.5029
G1 X-30.9871 Y10.4694
G1 X-30.9692 Y10.4614
G1 X-30.9509 Y10.4543
G1 X-30.8769 Y10.4279
G1 X-30.8583 Y10.4217
G1 X-30.8394 Y10.4165
G1 X-30.7632 Y10.3974
G1 X-30.7441 Y10.3931
G1 X-30.7247 Y10.3898
G1 X-30.6471 Y10.3782
G1 X-30.6276 Y10.3758
G1 X-30.6080 Y10.3744
G1 X-30.5198 Y10.3702
G1 X-29.5100 Y10.3701
G1 X-29.4903 Y10.3705
G1 X-29.4119 Y10.3744
G1 X-29.3923 Y10.3758
G1 X-29.3728 Y10.3782
G1 X-29.2952 Y10.3898
G1 X-29.2758 Y10.3931
G1 X-29.2567 Y10.3974
G1 X-29.1805 Y10.4165
G1 X-29.1616 Y10.4217
G1 X-29.1430 Y10.4279
G1 X-29.0690 Y10.4543
G1 X-29.0417 Y10.4653
G1 X-28.9618 Y10.5029
G1 X-28.9443 Y10.5117
G1 X-28.9272 Y10.5214
G1 X-28.8599 Y10.5618
G1 X-28.8352 Y10.5778
G1 X-28.7642 Y10.6304
G1 X-28.7412 Y10.6488
G1 X-28.6684 Y10.7147
G1 X-28.6546 Y10.7285
G1 X-28.6170 Y10.7698
G1 X-25.7234 Y10.7698
G1 X-25.7097 Y10.7539
G1 X-25.6570 Y10.6957
G1 X-25.6435 Y10.6815
G1 X-25.6293 Y10.6680
G1 X-25.5711 Y10.6153
G1 X-25.5486 Y10.5963
G1 X-25.4777 Y10.5436
G1 X-25.4616 Y10.5323
G1 X-25.4450 Y10.5218
G1 X-25.3777 Y10.4814
G1 X-25.3606 Y10.4717
G1 X-25.3431 Y10.4629
G1 X-25.2721 Y10.4294
G1 X-25.2542 Y10.4214
G1 X-25.2359 Y10.4143
G1 X-25.1619 Y10.3879
G1 X-25.1433 Y10.3817
G1 X-25.1244 Y10.3765
G1 X-25.0482 Y10.3574
G1 X-25.0291 Y10.3531
G1 X-25.0097 Y10.3498
G1 X-24.9321 Y10.3382
G1 X-24.9126 Y10.3358
G1 X-24.8930 Y10.3344
G1 X-24.8146 Y10.3305
G1 X-24.7950 Y10.3301
G1 X-23.7851 Y10.3302
G1 X-23.6969 Y10.3344
G1 X-23.6773 Y10.3358
G1 X-23.6578 Y10.3382
G1 X-23.5802 Y10.3498
G1 X-23.5608 Y10.3531
G1 X-23.5417 Y10.3574
G1 X-23.4655 Y10.3765
G1 X-23.4466 Y10.3817
G1 X-23.4280 Y10.3879
G1 X-23.3540 Y10.4143
G1 X-23.3357 Y10.4214
G1 X-23.3178 Y10.4294
G1 X-23.2468 Y10.4629
G1 X-23.2293 Y10.4717
G1 X-23.2122 Y10.4814
G1 X-23.1449 Y10.5218
G1 X-23.1202 Y10.5378
G1 X-23.0413 Y10.5963
G1 X-23.0188 Y10.6153
G1 X-22.9606 Y10.6680
G1 X-22.9464 Y10.6815
G1 X-22.9329 Y10.6957
G1 X-22.8737 Y10.7613
G1 X-22.8553 Y10.7843
G1 X-22.8085 Y10.8473
G1 X-22.7972 Y10.8634
G1 X-22.7867 Y10.8800
G1 X-22.7463 Y10.9473
G1 X-22.7366 Y10.9644
G1 X-22.7278 Y10.9819
G1 X-22.6943 Y11.0529
G1 X-22.6863 Y11.0708
G1 X-22.6792 Y11.0891
G1 X-22.6528 Y11.1631
G1 X-22.6466 Y11.1817
G1 X-22.6414 Y11.2006
G1 X-22.6223 Y11.2768
G1 X-22.6180 Y11.2959
G1 X-22.6147 Y11.3153
G1 X-22.6031 Y11.3929
G1 X-22.6007 Y11.4124
G1 X-22.5993 Y11.4320
G1 X-22.5954 Y11.5104
G1 X-22.5950 Y11.5300
G1 X-22.5954 Y11.5497
G1 X-22.5993 Y11.6281
G1 X-22.6018 Y11.6574
G1 X-22.6162 Y11.7545
G1 X-22.6223 Y11.7833
G1 X-22.6414 Y11.8595
G1 X-22.6466 Y11.8784
G1 X-22.6528 Y11.8970
G1 X-22.6826 Y11.9802
G1 X-22.6943 Y12.0072
G1 X-22.7278 Y12.0782
G1 X-22.7366 Y12.0957
G1 X-22.7463 Y12.1128
G1 X-22.7867 Y12.1801
G1 X-22.7972 Y12.1967
G1 X-22.8085 Y12.2128
G1 X-22.8553 Y12.2758
G1 X-22.8673 Y12.2913
G1 X-22.8802 Y12.3062
G1 X-22.9329 Y12.3644
G1 X-22.9464 Y12.3786
G1 X-22.9606 Y12.3921
G1 X-23.0188 Y12.4448
G1 X-23.0337 Y12.4577
G1 X-23.0492 Y12.4697
G1 X-23.1122 Y12.5165
G1 X-23.1283 Y12.5278
G1 X-23.1449 Y12.5383
G1 X-23.2122 Y12.5787
G1 X-23.2293 Y12.5884
G1 X-23.2468 Y12.5972
G1 X-23.3178 Y12.6307
G1 X-23.3448 Y12.6424
G1 X-23.4280 Y12.6722
G1 X-23.4466 Y12.6784
G1 X-23.4655 Y12.6836
G1 X-23.5417 Y12.7027
G1 X-23.5705 Y12.7088
G1 X-23.6676 Y12.7232
G1 X-23.6969 Y12.7257
G1 X-23.7753 Y12.7296
G1 X-23.7950 Y12.7300
G1 X-24.8048 Y12.7299
G1 X-24.8930 Y12.7257
G1 X-24.9126 Y12.7243
G1 X-24.9321 Y12.7219
G1 X-25.0194 Y12.7088
G1 X-25.0482 Y12.7027
G1 X-25.1244 Y12.6836
G1 X-25.1433 Y12.6784
G1 X-25.1619 Y12.6722
G1 X-25.2359 Y12.6458
G1 X-25.2542 Y12.6387
G1 X-25.2721 Y12.6307
G1 X-25.3431 Y12.5972
G1 X-25.3606 Y12.5884
G1 X-25.3777 Y12.5787
G1 X-25.4450 Y12.5383
G1 X-25.4616 Y12.5278
G1 X-25.4777 Y12.5165
G1 X-25.5407 Y12.4697
G1 X-25.5562 Y12.4577
G1 X-25.5711 Y12.4448
G1 X-25.6293 Y12.3921
G1 X-25.6435 Y12.3786
G1 X-25.6515 Y12.3702
G1 X-28.6170 Y12.3702
G1 X-28.6546 Y12.4116
G1 X-28.6684 Y12.4254
G1 X-28.7338 Y12.4848
G1 X-28.7563 Y12.5038
G1 X-28.8272 Y12.5565
G1 X-28.8433 Y12.5678
G1 X-28.8599 Y12.5783
G1 X-28.9357 Y12.6236
G1 X-28.9618 Y12.6372
G1 X-29.0328 Y12.6707
G1 X-29.0507 Y12.6787
G1 X-29.0690 Y12.6858
G1 X-29.1430 Y12.7122
G1 X-29.1616 Y12.7184
G1 X-29.1805 Y12.7236
G1 X-29.2567 Y12.7427
G1 X-29.2758 Y12.7470
G1 X-29.2952 Y12.7503
G1 X-29.3728 Y12.7619
G1 X-29.3923 Y12.7643
G1 X-29.4119 Y12.7657
G1 X-29.5001 Y12.7699
G1 X-30.5198 Y12.7699
G1 X-30.6080 Y12.7657
G1 X-30.6276 Y12.7643
G1 X-30.6471 Y12.7619
G1 X-30.7247 Y12.7503
G1 X-30.7441 Y12.7470
G1 X-30.7632 Y12.7427
G1 X-30.8394 Y12.7236
G1 X-30.8583 Y12.7184
G1 X-30.8769 Y12.7122
G1 X-30.9509 Y12.6858
G1 X-30.9782 Y12.6748
G1 X-31.0581 Y12.6372
G1 X-31.0756 Y12.6284
G1 X-31.0927 Y12.6187
G1 X-31.1600 Y12.5783
G1 X-31.1847 Y12.5623
G1 X-31.2557 Y12.5097
G1 X-31.2787 Y12.4913
G1 X-31.3515 Y12.4254
G1 X-31.3653 Y12.4116
G1 X-31.4029 Y12.3702
G1 X-33.6970 Y12.3702
G1 X-33.7346 Y12.4116
G1 X-33.7484 Y12.4254
G1 X-33.8138 Y12.4848
G1 X-33.8363 Y12.5038
G1 X-33.9072 Y12.5565
G1 X-33.9233 Y12.5678
G1 X-33.9399 Y12.5783
G1 X-34.0157 Y12.6236
G1 X-34.0418 Y12.6372
G1 X-34.1128 Y12.6707
G1 X-34.1307 Y12.6787
G1 X-34.1490 Y12.6858
G1 X-34.2230 Y12.7122
G1 X-34.2416 Y12.7184
G1 X-34.2605 Y12.7236
G1 X-34.3367 Y12.7427
G1 X-34.3558 Y12.7470
G1 X-34.3752 Y12.7503
G1 X-34.4528 Y12.7619
G1 X-34.4723 Y12.7643
G1 X-34.4919 Y12.7657
G1 X-34.5801 Y12.7699
G1 X-35.5900 Y12.7700
G1 X-35.6096 Y12.7696
G1 X-35.6880 Y12.7657
G1 X-35.7076 Y12.7643
G1 X-35.7271 Y12.7619
G1 X-35.8047 Y12.7503
G1 X-35.8241 Y12.7470
G1 X-35.8432 Y12.7427
G1 X-35.9194 Y12.7236
G1 X-35.9383 Y12.7184
G1 X-35.9569 Y12.7122
G1 X-36.0309 Y12.6858
G1 X-36.0492 Y12.6787
G1 X-36.0671 Y12.6707
G1 X-36.1381 Y12.6372
G1 X-36.1556 Y12.6284
G1 X-36.1727 Y12.6187
G1 X-36.2400 Y12.5783
G1 X-36.2566 Y12.5678
G1 X-36.2727 Y12.5565
G1 X-36.3357 Y12.5097
G1 X-36.3512 Y12.4977
G1 X-36.3661 Y12.4848
G1 X-36.4243 Y12.4321
G1 X-36.4385 Y12.4186
G1 X-36.4520 Y12.4044
G1 X-36.5047 Y12.3462
G1 X-36.5176 Y12.3313
G1 X-36.5296 Y12.3158
G1 X-36.5764 Y12.2528
G1 X-36.5877 Y12.2367
G1 X-36.5982 Y12.2201
G1 X-36.6386 Y12.1528
G1 X-36.6483 Y12.1357
G1 X-36.6571 Y12.1182
G1 X-36.6906 Y12.0472
G1 X-36.6986 Y12.0293
G1 X-36.7057 Y12.0110
G1 X-36.7321 Y11.9370
G1 X-36.7383 Y11.9184
G1 X-36.7435 Y11.8995
G1 X-36.7626 Y11.8233
G1 X-36.7669 Y11.8042
G1 X-36.7702 Y11.7848
G1 X-36.7818 Y11.7072
G1 X-36.7842 Y11.6877
G1 X-36.7856 Y11.6681
G1 X-36.7895 Y11.5897
G1 X-36.7899 Y11.5700
G1 X-36.7895 Y11.5504
G1 X-36.7856 Y11.4720
G1 X-36.7842 Y11.4524
G1 X-36.7818 Y11.4329
G1 X-36.7702 Y11.3553
G1 X-36.7669 Y11.3359
G1 X-36.7626 Y11.3168
G1 X-36.7435 Y11.2406
G1 X-36.7383 Y11.2217
G1 X-36.7321 Y11.2031
G1 X-36.7057 Y11.1291
G1 X-36.6986 Y11.1108
G1 X-36.6906 Y11.0929
G1 X-36.6571 Y11.0219
G1 X-36.6483 Y11.0044
G1 X-36.6386 Y10.9873
G1 X-36.5982 Y10.9200
G1 X-36.5877 Y10.9034
G1 X-36.5764 Y10.8873
G1 X-36.5296 Y10.8243
G1 X-36.5176 Y10.8088
G1 X-36.5047 Y10.7939
G1 X-36.4520 Y10.7357
G1 X-36.4385 Y10.7215
G1 X-36.4243 Y10.7080
G1 X-36.3661 Y10.6553
G1 X-36.3436 Y10.6363
G1 X-36.2647 Y10.5778
G1 X-36.2400 Y10.5618
G1 X-36.1727 Y10.5214
G1 X-36.1556 Y10.5117
G1 X-36.1381 Y10.5029
G1 X-36.0671 Y10.4694
G1 X-36.0492 Y10.4614
G1 X-36.0309 Y10.4543
G1 X-35.9569 Y10.4279
G1 X-35.9383 Y10.4217
G1 X-35.9194 Y10.4165
G1 X-35.8432 Y10.3974
G1 X-35.8241 Y10.3931
G1 X-35.8047 Y10.3898
G1 X-35.7271 Y10.3782
G1 X-35.7076 Y10.3758
G1 X-35.6880 Y10.3744
G1 X-35.5998 Y10.3702
G1 X-35.0216 Y10.3701
G1 X-33.4058 Y8.7542
G1 X-33.3916 Y8.7407
G1 X-33.3551 Y8.7078
G1 X-33.3321 Y8.6894
G1 X-33.3006 Y8.6660
G1 X-33.2845 Y8.6547
G1 X-33.2679 Y8.6442
G1 X-33.2342 Y8.6240
G1 X-33.2084 Y8.6098
G1 X-33.1552 Y8.5846
G1 X-33.1279 Y8.5737
G1 X-33.0909 Y8.5605
G1 X-33.0722 Y8.5543
G1 X-33.0533 Y8.5491
G1 X-33.0152 Y8.5395
G1 X-32.9961 Y8.5352
G1 X-32.9767 Y8.5319
G1 X-32.9379 Y8.5261
G1 X-32.9086 Y8.5229
G1 X-32.8596 Y8.5203
G1 X-32.8400 Y8.5198
G1 X-26.9239 Y8.5198
G1 X-21.5157 Y3.1116
G1 X-21.5211 Y3.0993
G1 X-21.5282 Y3.0810
G1 X-21.5546 Y3.0070
G1 X-21.5608 Y2.9884
G1 X-21.5660 Y2.9695
G1 X-21.5851 Y2.8933
G1 X-21.5894 Y2.8742
G1 X-21.5927 Y2.8548
G1 X-21.6043 Y2.7772
G1 X-21.6067 Y2.7577
G1 X-21.6081 Y2.7381
G1 X-21.6120 Y2.6597
G1 X-21.6124 Y2.6400
G1 X-21.6120 Y2.6204
G1 X-21.6081 Y2.5420
G1 X-21.6067 Y2.5224
G1 X-21.6043 Y2.5029
G1 X-21.5927 Y2.4253
G1 X-21.5894 Y2.4059
G1 X-21.5851 Y2.3868
G1 X-21.5660 Y2.3106
G1 X-21.5608 Y2.2917
G1 X-21.5546 Y2.2731
G1 X-21.5282 Y2.1991
G1 X-21.5211 Y2.1808
G1 X-21.5131 Y2.1629
G1 X-21.4796 Y2.0919
G1 X-21.4708 Y2.0744
G1 X-21.4611 Y2.0573
G1 X-21.4207 Y1.9900
G1 X-21.4102 Y1.9734
G1 X-21.3989 Y1.9573
G1 X-21.3521 Y1.8943
G1 X-21.3401 Y1.8788
G1 X-21.3272 Y1.8639
G1 X-21.2745 Y1.8057
G1 X-21.2610 Y1.7915
G1 X-21.2468 Y1.7780
G1 X-21.1886 Y1.7253
G1 X-21.1737 Y1.7124
G1 X-21.1582 Y1.7004
G1 X-21.0952 Y1.6536
G1 X-21.0791 Y1.6423
G1 X-21.0625 Y1.6318
G1 X-20.9952 Y1.5914
G1 X-20.9781 Y1.5817
G1 X-20.9606 Y1.5729
G1 X-20.8896 Y1.5394
G1 X-20.8626 Y1.5277
G1 X-20.7794 Y1.4979
G1 X-20.7608 Y1.4917
G1 X-20.7419 Y1.4865
G1 X-20.6562 Y1.4651
G1 X-20.6272 Y1.4598
G1 X-20.5496 Y1.4482
G1 X-20.5301 Y1.4458
G1 X-20.5105 Y1.4444
G1 X-20.4321 Y1.4405
G1 X-20.4125 Y1.4401
G1 X-19.4125 Y1.4401
G1 X-19.3928 Y1.4405
G1 X-19.3144 Y1.4444
G1 X-19.2851 Y1.4469
G1 X-19.1977 Y1.4598
G1 X-19.1783 Y1.4631
G1 X-19.1592 Y1.4674
G1 X-19.0830 Y1.4865
G1 X-19.0641 Y1.4917
G1 X-19.0455 Y1.4979
G1 X-18.9715 Y1.5243
G1 X-18.9532 Y1.5314
G1 X-18.9353 Y1.5394
G1 X-18.8555 Y1.5772
G1 X-18.8297 Y1.5914
G1 X-18.7624 Y1.6318
G1 X-18.7458 Y1.6423
G1 X-18.7297 Y1.6536
G1 X-18.6588 Y1.7063
G1 X-18.6363 Y1.7253
G1 X-18.5709 Y1.7847
G1 X-18.5571 Y1.7985
G1 X-18.5195 Y1.8398
G1 X-17.3842 Y1.8398
G1 X-17.3161 Y1.7778
G1 X-17.3012 Y1.7649
G1 X-17.2857 Y1.7529
G1 X-17.2227 Y1.7061
G1 X-17.2066 Y1.6948
G1 X-17.1900 Y1.6843
G1 X-17.1227 Y1.6439
G1 X-17.1056 Y1.6342
G1 X-17.0881 Y1.6254
G1 X-17.0171 Y1.5919
G1 X-16.9992 Y1.5839
G1 X-16.9809 Y1.5768
G1 X-16.9069 Y1.5504
G1 X-16.8883 Y1.5442
G1 X-16.8694 Y1.5390
G1 X-16.7932 Y1.5199
G1 X-16.7741 Y1.5156
G1 X-16.7547 Y1.5123
G1 X-16.6771 Y1.5007
G1 X-16.6576 Y1.4983
G1 X-16.6380 Y1.4969
G1 X-16.5498 Y1.4927
G1 X-15.5400 Y1.4926
G1 X-15.5203 Y1.4930
G1 X-15.4419 Y1.4969
G1 X-15.4223 Y1.4983
G1 X-15.4028 Y1.5007
G1 X-15.3252 Y1.5123
G1 X-15.3058 Y1.5156
G1 X-15.2867 Y1.5199
G1 X-15.2105 Y1.5390
G1 X-15.1916 Y1.5442
G1 X-15.1730 Y1.5504
G1 X-15.0990 Y1.5768
G1 X-15.0807 Y1.5839
G1 X-15.0628 Y1.5919
G1 X-14.9918 Y1.6254
G1 X-14.9743 Y1.6342
G1 X-14.9572 Y1.6439
G1 X-14.8899 Y1.6843
G1 X-14.8733 Y1.6948
G1 X-14.8572 Y1.7061
G1 X-14.7942 Y1.7529
G1 X-14.7787 Y1.7649
G1 X-14.7638 Y1.7778
G1 X-14.6957 Y1.8398
G1 X-11.7179 Y1.8398
G1 X-11.6803 Y1.7985
G1 X-11.6665 Y1.7847
G1 X-11.6011 Y1.7253
G1 X-11.5786 Y1.7063
G1 X-11.5077 Y1.6536
G1 X-11.4916 Y1.6423
G1 X-11.4750 Y1.6318
G1 X-11.3992 Y1.5865
G1 X-11.3731 Y1.5729
G1 X-11.3021 Y1.5394
G1 X-11.2842 Y1.5314
G1 X-11.2659 Y1.5243
G1 X-11.1919 Y1.4979
G1 X-11.1733 Y1.4917
G1 X-11.1544 Y1.4865
G1 X-11.0782 Y1.4674
G1 X-11.0591 Y1.4631
G1 X-11.0397 Y1.4598
G1 X-10.9621 Y1.4482
G1 X-10.9426 Y1.4458
G1 X-10.9230 Y1.4444
G1 X-10.8348 Y1.4402
G1 X-9.8250 Y1.4401
G1 X-9.8053 Y1.4405
G1 X-9.7269 Y1.4444
G1 X-9.7073 Y1.4458
G1 X-9.6878 Y1.4482
G1 X-9.6102 Y1.4598
G1 X-9.5908 Y1.4631
G1 X-9.5717 Y1.4674
G1 X-9.4955 Y1.4865
G1 X-9.4766 Y1.4917
G1 X-9.4580 Y1.4979
G1 X-9.3840 Y1.5243
G1 X-9.3567 Y1.5353
G1 X-9.2768 Y1.5729
G1 X-9.2593 Y1.5817
G1 X-9.2422 Y1.5914
G1 X-9.1749 Y1.6318
G1 X-9.1502 Y1.6478
G1 X-9.0792 Y1.7004
G1 X-9.0562 Y1.7188
G1 X-8.9834 Y1.7847
G1 X-8.9696 Y1.7985
G1 X-8.9320 Y1.8398
G1 X-8.2831 Y1.8400
G1 X-8.2341 Y1.8423
G1 X-8.2145 Y1.8437
G1 X-8.1950 Y1.8461
G1 X-8.1562 Y1.8519
G1 X-8.1272 Y1.8573
G1 X-8.0796 Y1.8691
G1 X-8.0607 Y1.8743
G1 X-8.0420 Y1.8805
G1 X-8.0050 Y1.8937
G1 X-7.9777 Y1.9046
G1 X-7.9245 Y1.9298
G1 X-7.8987 Y1.9440
G1 X-7.8650 Y1.9642
G1 X-7.8484 Y1.9747
G1 X-7.8323 Y1.9860
G1 X-7.7930 Y2.0154
G1 X-7.7704 Y2.0343
G1 X-7.7413 Y2.0607
G1 X-7.7271 Y2.0742
G1 X-2.7741 Y7.0272
G1 X-2.7606 Y7.0414
G1 X-2.7342 Y7.0705
G1 X-2.7214 Y7.0854
G1 X-2.7093 Y7.1009
G1 X-2.6859 Y7.1324
G1 X-2.6746 Y7.1485
G1 X-2.6641 Y7.1651
G1 X-2.6439 Y7.1988
G1 X-2.6342 Y7.2158
G1 X-2.6254 Y7.2334
G1 X-2.6045 Y7.2778
G1 X-2.5970 Y7.2959
G1 X-2.5804 Y7.3421
G1 X-2.5742 Y7.3608
G1 X-2.5690 Y7.3797
G1 X-2.5572 Y7.4273
G1 X-2.5533 Y7.4466
G1 X-2.5460 Y7.4951
G1 X-2.5436 Y7.5146
G1 X-2.5422 Y7.5342
G1 X-2.5402 Y7.5734
G1 X-2.5398 Y7.5930
G1 X-2.5398 Y10.3692
G1 X-2.5010 Y10.3790
G1 X-2.4822 Y10.3847
G1 X-2.3990 Y10.4143
G1 X-2.3717 Y10.4253
G1 X-2.2918 Y10.4629
G1 X-2.2743 Y10.4717
G1 X-2.2572 Y10.4814
G1 X-2.1815 Y10.5269
G1 X-2.1572 Y10.5436
G1 X-2.0942 Y10.5904
G1 X-2.0787 Y10.6024
G1 X-2.0638 Y10.6153
G1 X-2.0056 Y10.6680
G1 X-1.9914 Y10.6815
G1 X-1.9779 Y10.6957
G1 X-1.9252 Y10.7539
G1 X-1.9062 Y10.7764
G1 X-1.8535 Y10.8473
G1 X-1.8422 Y10.8634
G1 X-1.8317 Y10.8800
G1 X-1.7913 Y10.9473
G1 X-1.7816 Y10.9644
G1 X-1.7728 Y10.9819
G1 X-1.7393 Y11.0529
G1 X-1.7313 Y11.0708
G1 X-1.7242 Y11.0891
G1 X-1.6978 Y11.1631
G1 X-1.6916 Y11.1817
G1 X-1.6864 Y11.2006
G1 X-1.6673 Y11.2768
G1 X-1.6612 Y11.3056
G1 X-1.6481 Y11.3929
G1 X-1.6457 Y11.4124
G1 X-1.6443 Y11.4320
G1 X-1.6401 Y11.5202
G1 X-1.6404 Y11.5497
G1 X-1.6443 Y11.6281
G1 X-1.6457 Y11.6477
G1 X-1.6481 Y11.6672
G1 X-1.6597 Y11.7448
G1 X-1.6650 Y11.7738
G1 X-1.6864 Y11.8595
G1 X-1.6916 Y11.8784
G1 X-1.6978 Y11.8970
G1 X-1.7242 Y11.9710
G1 X-1.7313 Y11.9893
G1 X-1.7393 Y12.0072
G1 X-1.7728 Y12.0782
G1 X-1.7816 Y12.0957
G1 X-1.7913 Y12.1128
G1 X-1.8317 Y12.1801
G1 X-1.8422 Y12.1967
G1 X-1.8535 Y12.2128
G1 X-1.9003 Y12.2758
G1 X-1.9123 Y12.2913
G1 X-1.9252 Y12.3062
G1 X-1.9779 Y12.3644
G1 X-1.9914 Y12.3786
G1 X-2.0056 Y12.3921
G1 X-2.0638 Y12.4448
G1 X-2.0863 Y12.4638
G1 X-2.1572 Y12.5165
G1 X-2.1733 Y12.5278
G1 X-2.1899 Y12.5383
G1 X-2.2572 Y12.5787
G1 X-2.2743 Y12.5884
G1 X-2.2918 Y12.5972
G1 X-2.3628 Y12.6307
G1 X-2.3807 Y12.6387
G1 X-2.3990 Y12.6458
G1 X-2.4730 Y12.6722
G1 X-2.4916 Y12.6784
G1 X-2.5105 Y12.6836
G1 X-2.5867 Y12.7027
G1 X-2.6058 Y12.7070
G1 X-2.6252 Y12.7103
G1 X-2.7028 Y12.7219
G1 X-2.7223 Y12.7243
G1 X-2.7419 Y12.7257
G1 X-2.8203 Y12.7296
G1 X-2.8400 Y12.7300
G1 X-3.8498 Y12.7299
G1 X-3.9380 Y12.7257
G1 X-3.9576 Y12.7243
G1 X-3.9771 Y12.7219
G1 X-4.0644 Y12.7088
G1 X-4.0932 Y12.7027
G1 X-4.1694 Y12.6836
G1 X-4.1883 Y12.6784
G1 X-4.2069 Y12.6722
G1 X-4.2809 Y12.6458
G1 X-4.2992 Y12.6387
G1 X-4.3171 Y12.6307
G1 X-4.3969 Y12.5929
G1 X-4.4227 Y12.5787
G1 X-4.4900 Y12.5383
G1 X-4.5066 Y12.5278
G1 X-4.5227 Y12.5165
G1 X-4.5857 Y12.4697
G1 X-4.6012 Y12.4577
G1 X-4.6161 Y12.4448
G1 X-4.6743 Y12.3921
G1 X-4.6885 Y12.3786
G1 X-4.7020 Y12.3644
G1 X-4.7612 Y12.2988
G1 X-4.7796 Y12.2758
G1 X-4.8264 Y12.2128
G1 X-4.8377 Y12.1967
G1 X-4.8482 Y12.1801
G1 X-4.8886 Y12.1128
G1 X-4.8983 Y12.0957
G1 X-4.9071 Y12.0782
G1 X-4.9406 Y12.0072
G1 X-4.9486 Y11.9893
G1 X-4.9557 Y11.9710
G1 X-4.9821 Y11.8970
G1 X-4.9883 Y11.8784
G1 X-4.9935 Y11.8595
G1 X-5.0126 Y11.7833
G1 X-5.0169 Y11.7642
G1 X-5.0202 Y11.7448
G1 X-5.0318 Y11.6672
G1 X-5.0342 Y11.6477
G1 X-5.0356 Y11.6281
G1 X-5.0395 Y11.5497
G1 X-5.0399 Y11.5300
G1 X-5.0395 Y11.5104
G1 X-5.0356 Y11.4320
G1 X-5.0342 Y11.4124
G1 X-5.0318 Y11.3929
G1 X-5.0202 Y11.3153
G1 X-5.0169 Y11.2959
G1 X-5.0126 Y11.2768
G1 X-4.9935 Y11.2006
G1 X-4.9883 Y11.1817
G1 X-4.9821 Y11.1631
G1 X-4.9557 Y11.0891
G1 X-4.9486 Y11.0708
G1 X-4.9406 Y11.0529
G1 X-4.9071 Y10.9819
G1 X-4.8983 Y10.9644
G1 X-4.8886 Y10.9473
G1 X-4.8482 Y10.8800
G1 X-4.8377 Y10.8634
G1 X-4.8264 Y10.8473
G1 X-4.7796 Y10.7843
G1 X-4.7612 Y10.7613
G1 X-4.7020 Y10.6957
G1 X-4.6885 Y10.6815
G1 X-4.6743 Y10.6680
G1 X-4.6161 Y10.6153
G1 X-4.6012 Y10.6024
G1 X-4.5857 Y10.5904
G1 X-4.5227 Y10.5436
G1 X-4.4984 Y10.5269
G1 X-4.4227 Y10.4814
G1 X-4.4056 Y10.4717
G1 X-4.3881 Y10.4629
G1 X-4.3082 Y10.4253
G1 X-4.2809 Y10.4143
G1 X-4.1977 Y10.3847
G1 X-4.1789 Y10.3790
G1 X-4.1402 Y10.3692
G1 X-4.1402 Y7.9245
G1 X-8.6244 Y3.4402
G1 X-8.9320 Y3.4402
G1 X-8.9696 Y3.4816
G1 X-8.9834 Y3.4954
G1 X-9.0562 Y3.5613
G1 X-9.0792 Y3.5797
G1 X-9.1502 Y3.6323
G1 X-9.1749 Y3.6483
G1 X-9.2422 Y3.6887
G1 X-9.2593 Y3.6984
G1 X-9.2768 Y3.7072
G1 X-9.3567 Y3.7448
G1 X-9.3840 Y3.7558
G1 X-9.4580 Y3.7822
G1 X-9.4766 Y3.7884
G1 X-9.4955 Y3.7936
G1 X-9.5717 Y3.8127
G1 X-9.5908 Y3.8170
G1 X-9.6102 Y3.8203
G1 X-9.6878 Y3.8319
G1 X-9.7073 Y3.8343
G1 X-9.7269 Y3.8357
G1 X-9.8151 Y3.8399
G1 X-10.8348 Y3.8399
G1 X-10.9230 Y3.8357
G1 X-10.9426 Y3.8343
G1 X-10.9621 Y3.8319
G1 X-11.0397 Y3.8203
G1 X-11.0591 Y3.8170
G1 X-11.0782 Y3.8127
G1 X-11.1544 Y3.7936
G1 X-11.1733 Y3.7884
G1 X-11.1919 Y3.7822
G1 X-11.2659 Y3.7558
G1 X-11.2842 Y3.7487
G1 X-11.3021 Y3.7407
G1 X-11.3731 Y3.7072
G1 X-11.3992 Y3.6936
G1 X-11.4750 Y3.6483
G1 X-11.4916 Y3.6378
G1 X-11.5077 Y3.6265
G1 X-11.5786 Y3.5738
G1 X-11.6011 Y3.5548
G1 X-11.6665 Y3.4954
G1 X-11.6803 Y3.4816
G1 X-11.7179 Y3.4402
G1 X-14.6017 Y3.4402
G1 X-14.6187 Y3.4613
G1 X-14.6846 Y3.5341
G1 X-14.7056 Y3.5546
G1 X-14.7638 Y3.6073
G1 X-14.7863 Y3.6263
G1 X-14.8572 Y3.6790
G1 X-14.8733 Y3.6903
G1 X-14.8899 Y3.7008
G1 X-14.9572 Y3.7412
G1 X-14.9743 Y3.7509
G1 X-14.9918 Y3.7597
G1 X-15.0628 Y3.7932
G1 X-15.0807 Y3.8012
G1 X-15.0990 Y3.8083
G1 X-15.1730 Y3.8347
G1 X-15.1916 Y3.8409
G1 X-15.2105 Y3.8461
G1 X-15.2962 Y3.8675
G1 X-15.3252 Y3.8728
G1 X-15.4028 Y3.8844
G1 X-15.4223 Y3.8868
G1 X-15.4419 Y3.8882
G1 X-15.5301 Y3.8924
G1 X-16.5400 Y3.8925
G1 X-16.5596 Y3.8921
G1 X-16.6478 Y3.8876
G1 X-16.6771 Y3.8844
G1 X-16.7547 Y3.8728
G1 X-16.7741 Y3.8695
G1 X-16.7932 Y3.8652
G1 X-16.8694 Y3.8461
G1 X-16.8977 Y3.8379
G1 X-16.9901 Y3.8049
G1 X-17.0171 Y3.7932
G1 X-17.0969 Y3.7554
G1 X-17.1227 Y3.7412
G1 X-17.1900 Y3.7008
G1 X-17.2066 Y3.6903
G1 X-17.2227 Y3.6790
G1 X-17.2857 Y3.6322
G1 X-17.3012 Y3.6202
G1 X-17.3161 Y3.6073
G1 X-17.3743 Y3.5546
G1 X-17.3885 Y3.5411
G1 X-17.4020 Y3.5269
G1 X-17.4547 Y3.4687
G1 X-17.4676 Y3.4538
G1 X-17.4782 Y3.4402
G1 X-18.5195 Y3.4402
G1 X-18.5571 Y3.4816
G1 X-18.5709 Y3.4954
G1 X-18.6437 Y3.5613
G1 X-18.6667 Y3.5797
G1 X-18.7297 Y3.6265
G1 X-18.7540 Y3.6432
G1 X-18.8297 Y3.6887
G1 X-18.8468 Y3.6984
G1 X-18.8643 Y3.7072
G1 X-18.9353 Y3.7407
G1 X-18.9532 Y3.7487
G1 X-18.9715 Y3.7558
G1 X-19.0455 Y3.7822
G1 X-19.0735 Y3.7911
G1 X-19.1592 Y3.8127
G1 X-19.1880 Y3.8188
G1 X-19.2851 Y3.8332
G1 X-19.3144 Y3.8357
G1 X-19.3928 Y3.8396
G1 X-19.4125 Y3.8400
G1 X-19.9808 Y3.8400
G1 X-26.0266 Y9.8859
G1 X-26.0408 Y9.8994
G1 X-26.0699 Y9.9258
G1 X-26.0848 Y9.9386
G1 X-26.1003 Y9.9507
G1 X-26.1318 Y9.9741
G1 X-26.1561 Y9.9907
G1 X-26.1982 Y10.0161
G1 X-26.2152 Y10.0258
G1 X-26.2328 Y10.0346
G1 X-26.2683 Y10.0514
G1 X-26.2953 Y10.0630
G1 X-26.3508 Y10.0828
G1 X-26.3791 Y10.0910
G1 X-26.4172 Y10.1006
G1 X-26.4363 Y10.1049
G1 X-26.4557 Y10.1082
G1 X-26.4945 Y10.1140
G1 X-26.5238 Y10.1172
G1 X-26.5826 Y10.1201
G1 X-32.5085 Y10.1202
G1 X-33.1581 Y10.7698
G1 Z2.0000
G1 X-34.9416 Y10.2900
G1 F60.00
G1 Z0.7
G1 F60.00
G1 X-38.3999 Y10.2900
G1 X-38.3999 Y10.7700
G1 X-36.4831 Y10.7700
G1 Z2.0000
G1 X-36.7459 Y11.2500
G1 F60.00
G1 Z0.7
G1 F60.00
G1 X-38.3999 Y11.2500
G1 X-38.3999 Y11.7300
G1 X-36.7784 Y11.7300
G1 Z2.0000
G1 X-36.6043 Y12.2100
G1 F60.00
G1 Z0.7
G1 F60.00
G1 X-38.3999 Y12.2100
G1 X-38.3999 Y12.6900
G1 X-36.0190 Y12.6900
G1 X-36.3823 Y13.1700
G1 X-38.3999 Y13.1700
G1 X-38.3999 Y13.6500
G1 X-36.7131 Y13.6500
G1 Z2.0000
G1 X-36.7875 Y14.1300
G1 F60.00
G1 Z0.7
G1 F60.00
G1 X-38.3999 Y14.1300
G1 X-38.3999 Y14.6100
G1 X-36.6610 Y14.6100
G1 Z2.0000
G1 X-36.2206 Y15.0900
G1 F60.00
G1 Z0.7
G1 F60.00
G1 X-38.3999 Y15.0900
G1 X-38.3999 Y15.5700
G1 X-34.7217 Y15.5700
G1 X-34.2417 Y16.0500
G1 X-38.3999 Y16.0500
G1 X-38.3999 Y16.5300
G1 X-33.7617 Y16.5300
G1 X-33.2817 Y17.0100
G1 X-38.3999 Y17.0100
G1 X-38.3999 Y17.4900
G1 X-31.2803 Y17.4900
G1 Z2.0000
G1 X-33.1581 Y14.8702
G1 F60.00
G1 Z0.7
G1 F60.00
G1 X-32.2585 Y15.7698
G1 X-31.4029 Y15.7698
G1 X-31.3653 Y15.7285
G1 X-31.3515 Y15.7147
G1 X-31.2861 Y15.6553
G1 X-31.2636 Y15.6363
G1 X-31.1927 Y15.5836
G1 X-31.1766 Y15.5723
G1 X-31.1600 Y15.5618
G1 X-31.0927 Y15.5214
G1 X-31.0669 Y15.5072
G1 X-30.9871 Y15.4694
G1 X-30.9692 Y15.4614
G1 X-30.9509 Y15.4543
G1 X-30.8769 Y15.4279
G1 X-30.8583 Y15.4217
G1 X-30.8394 Y15.4165
G1 X-30.7632 Y15.3974
G1 X-30.7441 Y15.3931
G1 X-30.7247 Y15.3898
G1 X-30.6471 Y15.3782
G1 X-30.6276 Y15.3758
G1 X-30.6080 Y15.3744
G1 X-30.5296 Y15.3705
G1 X-30.5100 Y15.3701
G1 X-29.5100 Y15.3701
G1 X-29.4903 Y15.3705
G1 X-29.4119 Y15.3744
G1 X-29.3826 Y15.3769
G1 X-29.2952 Y15.3898
G1 X-29.2758 Y15.3931
G1 X-29.2567 Y15.3974
G1 X-29.1805 Y15.4165
G1 X-29.1616 Y15.4217
G1 X-29.1430 Y15.4279
G1 X-29.0690 Y15.4543
G1 X-29.0417 Y15.4653
G1 X-28.9618 Y15.5029
G1 X-28.9443 Y15.5117
G1 X-28.9272 Y15.5214
G1 X-28.8599 Y15.5618
G1 X-28.8433 Y15.5723
G1 X-28.8272 Y15.5836
G1 X-28.7642 Y15.6304
G1 X-28.7487 Y15.6424
G1 X-28.7338 Y15.6553
G1 X-28.6756 Y15.7080
G1 X-28.6614 Y15.7215
G1 X-28.6479 Y15.7357
G1 X-28.5952 Y15.7939
G1 X-28.5823 Y15.8088
G1 X-28.5703 Y15.8243
G1 X-28.5235 Y15.8873
G1 X-28.5122 Y15.9034
G1 X-28.5017 Y15.9200
G1 X-28.4613 Y15.9873
G1 X-28.4516 Y16.0044
G1 X-28.4428 Y16.0219
G1 X-28.4093 Y16.0929
G1 X-28.4013 Y16.1108
G1 X-28.3942 Y16.1291
G1 X-28.3678 Y16.2031
G1 X-28.3616 Y16.2217
G1 X-28.3564 Y16.2406
G1 X-28.3373 Y16.3168
G1 X-28.3330 Y16.3359
G1 X-28.3297 Y16.3553
G1 X-28.3181 Y16.4329
G1 X-28.3157 Y16.4524
G1 X-28.3143 Y16.4720
G1 X-28.3104 Y16.5504
G1 X-28.3100 Y16.5700
G1 X-28.3104 Y16.5897
G1 X-28.3143 Y16.6681
G1 X-28.3157 Y16.6877
G1 X-28.3181 Y16.7072
G1 X-28.3297 Y16.7848
G1 X-28.3330 Y16.8042
G1 X-28.3373 Y16.8233
G1 X-28.3564 Y16.8995
G1 X-28.3616 Y16.9184
G1 X-28.3678 Y16.9370
G1 X-28.3942 Y17.0110
G1 X-28.4052 Y17.0383
G1 X-28.4428 Y17.1182
G1 X-28.4516 Y17.1357
G1 X-28.4613 Y17.1528
G1 X-28.5017 Y17.2201
G1 X-28.5122 Y17.2367
G1 X-28.5235 Y17.2528
G1 X-28.5703 Y17.3158
G1 X-28.5823 Y17.3313
G1 X-28.5952 Y17.3462
G1 X-28.6479 Y17.4044
G1 X-28.6614 Y17.4186
G1 X-28.6756 Y17.4321
G1 X-28.7338 Y17.4848
G1 X-28.7487 Y17.4977
G1 X-28.7642 Y17.5097
G1 X-28.8352 Y17.5623
G1 X-28.8599 Y17.5783
G1 X-28.9272 Y17.6187
G1 X-28.9443 Y17.6284
G1 X-28.9618 Y17.6372
G1 X-29.0328 Y17.6707
G1 X-29.0507 Y17.6787
G1 X-29.0690 Y17.6858
G1 X-29.1430 Y17.7122
G1 X-29.1616 Y17.7184
G1 X-29.1805 Y17.7236
G1 X-29.2567 Y17.7427
G1 X-29.2758 Y17.7470
G1 X-29.2952 Y17.7503
G1 X-29.3728 Y17.7619
G1 X-29.3923 Y17.7643
G1 X-29.4119 Y17.7657
G1 X-29.4903 Y17.7696
G1 X-29.5100 Y17.7700
G1 X-30.5100 Y17.7700
G1 X-30.5296 Y17.7696
G1 X-30.6080 Y17.7657
G1 X-30.6373 Y17.7632
G1 X-30.7247 Y17.7503
G1 X-30.7441 Y17.7470
G1 X-30.7632 Y17.7427
G1 X-30.8394 Y17.7236
G1 X-30.8583 Y17.7184
G1 X-30.8769 Y17.7122
G1 X-30.9509 Y17.6858
G1 X-30.9692 Y17.6787
G1 X-30.9871 Y17.6707
G1 X-31.0669 Y17.6329
G1 X-31.0927 Y17.6187
G1 X-31.1600 Y17.5783
G1 X-31.1766 Y17.5678
G1 X-31.1927 Y17.5565
G1 X-31.2636 Y17.5038
G1 X-31.2861 Y17.4848
G1 X-31.3515 Y17.4254
G1 X-31.3653 Y17.4116
G1 X-31.4029 Y17.3702
G1 X-32.5900 Y17.3702
G1 X-32.6096 Y17.3698
G1 X-32.6488 Y17.3678
G1 X-32.6684 Y17.3664
G1 X-32.6879 Y17.3640
G1 X-32.7267 Y17.3582
G1 X-32.7461 Y17.3549
G1 X-32.7652 Y17.3506
G1 X-32.8033 Y17.3410
G1 X-32.8222 Y17.3358
G1 X-32.8409 Y17.3296
G1 X-32.8871 Y17.3130
G1 X-32.9141 Y17.3014
G1 X-32.9496 Y17.2846
G1 X-32.9672 Y17.2758
G1 X-32.9842 Y17.2661
G1 X-33.0179 Y17.2459
G1 X-33.0345 Y17.2354
G1 X-33.0506 Y17.2241
G1 X-33.0821 Y17.2007
G1 X-33.0976 Y17.1886
G1 X-33.1125 Y17.1758
G1 X-33.1488 Y17.1427
G1 X-35.0216 Y15.2700
G1 X-35.5998 Y15.2699
G1 X-35.6880 Y15.2657
G1 X-35.7173 Y15.2632
G1 X-35.8144 Y15.2488
G1 X-35.8432 Y15.2427
G1 X-35.9194 Y15.2236
G1 X-35.9383 Y15.2184
G1 X-35.9569 Y15.2122
G1 X-36.0309 Y15.1858
G1 X-36.0492 Y15.1787
G1 X-36.0671 Y15.1707
G1 X-36.1381 Y15.1372
G1 X-36.1556 Y15.1284
G1 X-36.1727 Y15.1187
G1 X-36.2400 Y15.0783
G1 X-36.2566 Y15.0678
G1 X-36.2727 Y15.0565
G1 X-36.3357 Y15.0097
G1 X-36.3512 Y14.9977
G1 X-36.3661 Y14.9848
G1 X-36.4315 Y14.9254
G1 X-36.4520 Y14.9044
G1 X-36.5047 Y14.8462
G1 X-36.5176 Y14.8313
G1 X-36.5296 Y14.8158
G1 X-36.5764 Y14.7528
G1 X-36.5877 Y14.7367
G1 X-36.5982 Y14.7201
G1 X-36.6386 Y14.6528
G1 X-36.6483 Y14.6357
G1 X-36.6571 Y14.6182
G1 X-36.6906 Y14.5472
G1 X-36.6986 Y14.5293
G1 X-36.7057 Y14.5110
G1 X-36.7321 Y14.4370
G1 X-36.7383 Y14.4184
G1 X-36.7435 Y14.3995
G1 X-36.7626 Y14.3233
G1 X-36.7669 Y14.3042
G1 X-36.7702 Y14.2848
G1 X-36.7818 Y14.2072
G1 X-36.7842 Y14.1877
G1 X-36.7856 Y14.1681
G1 X-36.7895 Y14.0897
G1 X-36.7899 Y14.0700
G1 X-36.7895 Y14.0504
G1 X-36.7856 Y13.9720
G1 X-36.7842 Y13.9524
G1 X-36.7818 Y13.9329
G1 X-36.7702 Y13.8553
G1 X-36.7669 Y13.8359
G1 X-36.7626 Y13.8168
G1 X-36.7435 Y13.7406
G1 X-36.7353 Y13.7123
G1 X-36.7057 Y13.6291
G1 X-36.6986 Y13.6108
G1 X-36.6906 Y13.5929
G1 X-36.6528 Y13.5131
G1 X-36.6386 Y13.4873
G1 X-36.5982 Y13.4200
G1 X-36.5877 Y13.4034
G1 X-36.5764 Y13.3873
G1 X-36.5296 Y13.3243
G1 X-36.5176 Y13.3088
G1 X-36.5047 Y13.2939
G1 X-36.4520 Y13.2357
G1 X-36.4385 Y13.2215
G1 X-36.4243 Y13.2080
G1 X-36.3661 Y13.1553
G1 X-36.3512 Y13.1424
G1 X-36.3357 Y13.1304
G1 X-36.2727 Y13.0836
G1 X-36.2566 Y13.0723
G1 X-36.2400 Y13.0618
G1 X-36.1727 Y13.0214
G1 X-36.1469 Y13.0072
G1 X-36.0671 Y12.9694
G1 X-36.0492 Y12.9614
G1 X-36.0309 Y12.9543
G1 X-35.9477 Y12.9247
G1 X-35.9194 Y12.9165
G1 X-35.8432 Y12.8974
G1 X-35.8241 Y12.8931
G1 X-35.8047 Y12.8898
G1 X-35.7271 Y12.8782
G1 X-35.7076 Y12.8758
G1 X-35.6880 Y12.8744
G1 X-35.5998 Y12.8702
G1 X-34.5801 Y12.8702
G1 X-34.4919 Y12.8744
G1 X-34.4723 Y12.8758
G1 X-34.4528 Y12.8782
G1 X-34.3752 Y12.8898
G1 X-34.3558 Y12.8931
G1 X-34.3367 Y12.8974
G1 X-34.2605 Y12.9165
G1 X-34.2416 Y12.9217
G1 X-34.2230 Y12.9279
G1 X-34.1490 Y12.9543
G1 X-34.1307 Y12.9614
G1 X-34.1128 Y12.9694
G1 X-34.0418 Y13.0029
G1 X-34.0157 Y13.0165
G1 X-33.9399 Y13.0618
G1 X-33.9233 Y13.0723
G1 X-33.9072 Y13.0836
G1 X-33.8363 Y13.1363
G1 X-33.8138 Y13.1553
G1 X-33.7484 Y13.2147
G1 X-33.7346 Y13.2285
G1 X-33.6970 Y13.2698
G1 X-25.7234 Y13.2698
G1 X-25.7097 Y13.2539
G1 X-25.6570 Y13.1957
G1 X-25.6435 Y13.1815
G1 X-25.6293 Y13.1680
G1 X-25.5711 Y13.1153
G1 X-25.5486 Y13.0963
G1 X-25.4777 Y13.0436
G1 X-25.4616 Y13.0323
G1 X-25.4450 Y13.0218
G1 X-25.3777 Y12.9814
G1 X-25.3606 Y12.9717
G1 X-25.3431 Y12.9629
G1 X-25.2721 Y12.9294
G1 X-25.2542 Y12.9214
G1 X-25.2359 Y12.9143
G1 X-25.1619 Y12.8879
G1 X-25.1433 Y12.8817
G1 X-25.1244 Y12.8765
G1 X-25.0387 Y12.8551
G1 X-25.0097 Y12.8498
G1 X-24.9321 Y12.8382
G1 X-24.9126 Y12.8358
G1 X-24.8930 Y12.8344
G1 X-24.8048 Y12.8302
G1 X-23.7851 Y12.8302
G1 X-23.6969 Y12.8344
G1 X-23.6773 Y12.8358
G1 X-23.6578 Y12.8382
G1 X-23.5802 Y12.8498
G1 X-23.5608 Y12.8531
G1 X-23.5417 Y12.8574
G1 X-23.4655 Y12.8765
G1 X-23.4466 Y12.8817
G1 X-23.4280 Y12.8879
G1 X-23.3540 Y12.9143
G1 X-23.3267 Y12.9253
G1 X-23.2468 Y12.9629
G1 X-23.2293 Y12.9717
G1 X-23.2122 Y12.9814
G1 X-23.1449 Y13.0218
G1 X-23.1202 Y13.0378
G1 X-23.0492 Y13.0904
G1 X-23.0262 Y13.1088
G1 X-22.9534 Y13.1747
G1 X-22.9396 Y13.1885
G1 X-22.9020 Y13.2298
G1 X-22.6814 Y13.2298
G1 X-21.6805 Y12.2290
G1 X-21.6425 Y12.1943
G1 X-21.6276 Y12.1815
G1 X-21.6121 Y12.1694
G1 X-21.5806 Y12.1460
G1 X-21.5563 Y12.1294
G1 X-21.5142 Y12.1040
G1 X-21.4972 Y12.0943
G1 X-21.4796 Y12.0855
G1 X-21.4441 Y12.0687
G1 X-21.4262 Y12.0608
G1 X-21.4079 Y12.0537
G1 X-21.3709 Y12.0405
G1 X-21.3428 Y12.0316
G1 X-21.2952 Y12.0195
G1 X-21.2664 Y12.0134
G1 X-21.2081 Y12.0048
G1 X-21.1788 Y12.0023
G1 X-21.1396 Y12.0003
G1 X-21.1200 Y11.9998
G1 X-19.7408 Y11.9998
G1 X-19.7310 Y11.9611
G1 X-19.7253 Y11.9423
G1 X-19.6957 Y11.8591
G1 X-19.6847 Y11.8318
G1 X-19.6471 Y11.7519
G1 X-19.6383 Y11.7344
G1 X-19.6286 Y11.7173
G1 X-19.5831 Y11.6416
G1 X-19.5664 Y11.6173
G1 X-19.5196 Y11.5543
G1 X-19.5076 Y11.5388
G1 X-19.4947 Y11.5239
G1 X-19.4420 Y11.4657
G1 X-19.4285 Y11.4515
G1 X-19.4143 Y11.4380
G1 X-19.3487 Y11.3788
G1 X-19.3257 Y11.3604
G1 X-19.2627 Y11.3136
G1 X-19.2466 Y11.3023
G1 X-19.2300 Y11.2918
G1 X-19.1627 Y11.2514
G1 X-19.1456 Y11.2417
G1 X-19.1281 Y11.2329
G1 X-19.0571 Y11.1994
G1 X-19.0392 Y11.1914
G1 X-19.0209 Y11.1843
G1 X-18.9469 Y11.1579
G1 X-18.9283 Y11.1517
G1 X-18.9094 Y11.1465
G1 X-18.8332 Y11.1274
G1 X-18.8141 Y11.1231
G1 X-18.7947 Y11.1198
G1 X-18.7171 Y11.1082
G1 X-18.6878 Y11.1050
G1 X-18.5996 Y11.1005
G1 X-18.5800 Y11.1001
G1 X-18.5603 Y11.1005
G1 X-18.4819 Y11.1044
G1 X-18.4623 Y11.1058
G1 X-18.4428 Y11.1082
G1 X-18.3652 Y11.1198
G1 X-18.3458 Y11.1231
G1 X-18.3267 Y11.1274
G1 X-18.2505 Y11.1465
G1 X-18.2316 Y11.1517
G1 X-18.2130 Y11.1579
G1 X-18.1390 Y11.1843
G1 X-18.1207 Y11.1914
G1 X-18.1028 Y11.1994
G1 X-18.0318 Y11.2329
G1 X-18.0143 Y11.2417
G1 X-17.9972 Y11.2514
G1 X-17.9299 Y11.2918
G1 X-17.9133 Y11.3023
G1 X-17.8972 Y11.3136
G1 X-17.8342 Y11.3604
G1 X-17.8112 Y11.3788
G1 X-17.7456 Y11.4380
G1 X-17.7314 Y11.4515
G1 X-17.7179 Y11.4657
G1 X-17.6652 Y11.5239
G1 X-17.6462 Y11.5464
G1 X-17.5877 Y11.6253
G1 X-17.5717 Y11.6500
G1 X-17.5313 Y11.7173
G1 X-17.5216 Y11.7344
G1 X-17.5128 Y11.7519
G1 X-17.4793 Y11.8229
G1 X-17.4713 Y11.8408
G1 X-17.4642 Y11.8591
G1 X-17.4378 Y11.9331
G1 X-17.4316 Y11.9517
G1 X-17.4264 Y11.9706
G1 X-17.4073 Y12.0468
G1 X-17.4012 Y12.0756
G1 X-17.3881 Y12.1629
G1 X-17.3857 Y12.1824
G1 X-17.3843 Y12.2020
G1 X-17.3804 Y12.2804
G1 X-17.3800 Y12.3000
G1 X-17.3801 Y13.3099
G1 X-17.3843 Y13.3981
G1 X-17.3857 Y13.4177
G1 X-17.3881 Y13.4372
G1 X-17.4012 Y13.5245
G1 X-17.4073 Y13.5533
G1 X-17.4264 Y13.6295
G1 X-17.4316 Y13.6484
G1 X-17.4378 Y13.6670
G1 X-17.4642 Y13.7410
G1 X-17.4713 Y13.7593
G1 X-17.4793 Y13.7772
G1 X-17.5128 Y13.8482
G1 X-17.5264 Y13.8743
G1 X-17.5717 Y13.9501
G1 X-17.5822 Y13.9667
G1 X-17.5935 Y13.9828
G1 X-17.6462 Y14.0537
G1 X-17.6652 Y14.0762
G1 X-17.7246 Y14.1416
G1 X-17.7384 Y14.1554
G1 X-17.7798 Y14.1930
G1 X-17.7799 Y16.6199
G1 X-17.7828 Y16.6787
G1 X-17.7860 Y16.7080
G1 X-17.7918 Y16.7468
G1 X-17.7951 Y16.7662
G1 X-17.7994 Y16.7853
G1 X-17.8090 Y16.8234
G1 X-17.8172 Y16.8517
G1 X-17.8370 Y16.9072
G1 X-17.8486 Y16.9342
G1 X-17.8654 Y16.9697
G1 X-17.8742 Y16.9873
G1 X-17.8839 Y17.0043
G1 X-17.9041 Y17.0380
G1 X-17.9146 Y17.0546
G1 X-17.9259 Y17.0707
G1 X-17.9493 Y17.1022
G1 X-17.9677 Y17.1252
G1 X-18.0006 Y17.1617
G1 X-18.0141 Y17.1759
G1 X-22.4600 Y21.6217
G1 X-22.4600 Y22.1900
G1 X-22.4604 Y22.2097
G1 X-22.4643 Y22.2881
G1 X-22.4668 Y22.3174
G1 X-22.4797 Y22.4048
G1 X-22.4830 Y22.4242
G1 X-22.4873 Y22.4433
G1 X-22.5064 Y22.5195
G1 X-22.5116 Y22.5384
G1 X-22.5178 Y22.5570
G1 X-22.5442 Y22.6310
G1 X-22.5513 Y22.6493
G1 X-22.5593 Y22.6672
G1 X-22.5928 Y22.7382
G1 X-22.6064 Y22.7643
G1 X-22.6517 Y22.8401
G1 X-22.6677 Y22.8648
G1 X-22.7262 Y22.9437
G1 X-22.7452 Y22.9662
G1 X-22.8046 Y23.0316
G1 X-22.8256 Y23.0521
G1 X-22.8838 Y23.1048
G1 X-22.8987 Y23.1177
G1 X-22.9142 Y23.1297
G1 X-22.9772 Y23.1765
G1 X-22.9933 Y23.1878
G1 X-23.0099 Y23.1983
G1 X-23.0772 Y23.2387
G1 X-23.0943 Y23.2484
G1 X-23.1118 Y23.2572
G1 X-23.1828 Y23.2907
G1 X-23.2007 Y23.2987
G1 X-23.2190 Y23.3058
G1 X-23.2930 Y23.3322
G1 X-23.3116 Y23.3384
G1 X-23.3305 Y23.3436
G1 X-23.4067 Y23.3627
G1 X-23.4355 Y23.3688
G1 X-23.5228 Y23.3819
G1 X-23.5423 Y23.3843
G1 X-23.5619 Y23.3857
G1 X-23.6403 Y23.3896
G1 X-23.6600 Y23.3900
G1 X-23.6796 Y23.3896
G1 X-23.7580 Y23.3857
G1 X-23.7776 Y23.3843
G1 X-23.7971 Y23.3819
G1 X-23.8747 Y23.3703
G1 X-23.8941 Y23.3670
G1 X-23.9132 Y23.3627
G1 X-23.9894 Y23.3436
G1 X-24.0083 Y23.3384
G1 X-24.0269 Y23.3322
G1 X-24.1009 Y23.3058
G1 X-24.1192 Y23.2987
G1 X-24.1371 Y23.2907
G1 X-24.2081 Y23.2572
G1 X-24.2256 Y23.2484
G1 X-24.2427 Y23.2387
G1 X-24.3100 Y23.1983
G1 X-24.3266 Y23.1878
G1 X-24.3427 Y23.1765
G1 X-24.4057 Y23.1297
G1 X-24.4212 Y23.1177
G1 X-24.4361 Y23.1048
G1 X-24.4943 Y23.0521
G1 X-24.5085 Y23.0386
G1 X-24.5220 Y23.0244
G1 X-24.5747 Y22.9662
G1 X-24.5876 Y22.9513
G1 X-24.5996 Y22.9358
G1 X-24.6464 Y22.8728
G1 X-24.6577 Y22.8567
G1 X-24.6682 Y22.8401
G1 X-24.7086 Y22.7728
G1 X-24.7183 Y22.7557
G1 X-24.7271 Y22.7382
G1 X-24.7606 Y22.6672
G1 X-24.7686 Y22.6493
G1 X-24.7757 Y22.6310
G1 X-24.8021 Y22.5570
G1 X-24.8083 Y22.5384
G1 X-24.8135 Y22.5195
G1 X-24.8326 Y22.4433
G1 X-24.8369 Y22.4242
G1 X-24.8402 Y22.4048
G1 X-24.8518 Y22.3272
G1 X-24.8542 Y22.3077
G1 X-24.8556 Y22.2881
G1 X-24.8595 Y22.2097
G1 X-24.8599 Y22.1900
G1 X-24.8598 Y21.1802
G1 X-24.8556 Y21.0920
G1 X-24.8542 Y21.0724
G1 X-24.8518 Y21.0529
G1 X-24.8387 Y20.9656
G1 X-24.8326 Y20.9368
G1 X-24.8135 Y20.8606
G1 X-24.8083 Y20.8417
G1 X-24.8021 Y20.8231
G1 X-24.7757 Y20.7491
G1 X-24.7686 Y20.7308
G1 X-24.7606 Y20.7129
G1 X-24.7271 Y20.6419
G1 X-24.7135 Y20.6158
G1 X-24.6682 Y20.5400
G1 X-24.6577 Y20.5234
G1 X-24.6464 Y20.5073
G1 X-24.5937 Y20.4364
G1 X-24.5747 Y20.4139
G1 X-24.5153 Y20.3485
G1 X-24.5015 Y20.3347
G1 X-24.4602 Y20.2971
G1 X-24.4602 Y19.2137
G1 X-24.5122 Y19.1562
G1 X-24.5251 Y19.1413
G1 X-24.5371 Y19.1258
G1 X-24.5839 Y19.0628
G1 X-24.5952 Y19.0467
G1 X-24.6057 Y19.0301
G1 X-24.6461 Y18.9628
G1 X-24.6558 Y18.9457
G1 X-24.6646 Y18.9282
G1 X-24.7022 Y18.8483
G1 X-24.7132 Y18.8210
G1 X-24.7396 Y18.7470
G1 X-24.7458 Y18.7284
G1 X-24.7510 Y18.7095
G1 X-24.7701 Y18.6333
G1 X-24.7744 Y18.6142
G1 X-24.7777 Y18.5948
G1 X-24.7893 Y18.5172
G1 X-24.7925 Y18.4879
G1 X-24.7970 Y18.3997
G1 X-24.7974 Y18.3800
G1 X-24.7974 Y17.3800
G1 X-24.7970 Y17.3604
G1 X-24.7931 Y17.2820
G1 X-24.7917 Y17.2624
G1 X-24.7893 Y17.2429
G1 X-24.7777 Y17.1653
G1 X-24.7724 Y17.1363
G1 X-24.7510 Y17.0506
G1 X-24.7458 Y17.0317
G1 X-24.7396 Y17.0131
G1 X-24.7098 Y16.9299
G1 X-24.6981 Y16.9029
G1 X-24.6646 Y16.8319
G1 X-24.6558 Y16.8144
G1 X-24.6461 Y16.7973
G1 X-24.6057 Y16.7300
G1 X-24.5952 Y16.7134
G1 X-24.5839 Y16.6973
G1 X-24.5371 Y16.6343
G1 X-24.5251 Y16.6188
G1 X-24.5122 Y16.6039
G1 X-24.4595 Y16.5457
G1 X-24.4460 Y16.5315
G1 X-24.4318 Y16.5180
G1 X-24.3736 Y16.4653
G1 X-24.3587 Y16.4524
G1 X-24.3432 Y16.4404
G1 X-24.2802 Y16.3936
G1 X-24.2641 Y16.3823
G1 X-24.2475 Y16.3718
G1 X-24.1802 Y16.3314
G1 X-24.1631 Y16.3217
G1 X-24.1456 Y16.3129
G1 X-24.0746 Y16.2794
G1 X-24.0567 Y16.2714
G1 X-24.0384 Y16.2643
G1 X-23.9644 Y16.2379
G1 X-23.9458 Y16.2317
G1 X-23.9269 Y16.2265
G1 X-23.8507 Y16.2074
G1 X-23.8316 Y16.2031
G1 X-23.8122 Y16.1998
G1 X-23.7346 Y16.1882
G1 X-23.7151 Y16.1858
G1 X-23.6955 Y16.1844
G1 X-23.6171 Y16.1805
G1 X-23.5975 Y16.1801
G1 X-23.5778 Y16.1805
G1 X-23.4994 Y16.1844
G1 X-23.4798 Y16.1858
G1 X-23.4603 Y16.1882
G1 X-23.3827 Y16.1998
G1 X-23.3633 Y16.2031
G1 X-23.3442 Y16.2074
G1 X-23.2680 Y16.2265
G1 X-23.2491 Y16.2317
G1 X-23.2305 Y16.2379
G1 X-23.1565 Y16.2643
G1 X-23.1382 Y16.2714
G1 X-23.1203 Y16.2794
G1 X-23.0493 Y16.3129
G1 X-23.0318 Y16.3217
G1 X-23.0147 Y16.3314
G1 X-22.9474 Y16.3718
G1 X-22.9308 Y16.3823
G1 X-22.9147 Y16.3936
G1 X-22.8517 Y16.4404
G1 X-22.8362 Y16.4524
G1 X-22.8213 Y16.4653
G1 X-22.7631 Y16.5180
G1 X-22.7489 Y16.5315
G1 X-22.7354 Y16.5457
G1 X-22.6827 Y16.6039
G1 X-22.6698 Y16.6188
G1 X-22.6578 Y16.6343
G1 X-22.6110 Y16.6973
G1 X-22.5997 Y16.7134
G1 X-22.5892 Y16.7300
G1 X-22.5488 Y16.7973
G1 X-22.5391 Y16.8144
G1 X-22.5303 Y16.8319
G1 X-22.4968 Y16.9029
G1 X-22.4888 Y16.9208
G1 X-22.4817 Y16.9391
G1 X-22.4553 Y17.0131
G1 X-22.4491 Y17.0317
G1 X-22.4439 Y17.0506
G1 X-22.4248 Y17.1268
G1 X-22.4187 Y17.1556
G1 X-22.4043 Y17.2527
G1 X-22.4018 Y17.2820
G1 X-22.3979 Y17.3604
G1 X-22.3975 Y17.3800
G1 X-22.3975 Y18.3800
G1 X-22.3979 Y18.3997
G1 X-22.4024 Y18.4879
G1 X-22.4056 Y18.5172
G1 X-22.4172 Y18.5948
G1 X-22.4205 Y18.6142
G1 X-22.4248 Y18.6333
G1 X-22.4439 Y18.7095
G1 X-22.4491 Y18.7284
G1 X-22.4553 Y18.7470
G1 X-22.4817 Y18.8210
G1 X-22.4888 Y18.8393
G1 X-22.4968 Y18.8572
G1 X-22.5303 Y18.9282
G1 X-22.5391 Y18.9457
G1 X-22.5488 Y18.9628
G1 X-22.5892 Y19.0301
G1 X-22.5997 Y19.0467
G1 X-22.6110 Y19.0628
G1 X-22.6578 Y19.1258
G1 X-22.6762 Y19.1488
G1 X-22.7354 Y19.2144
G1 X-22.7559 Y19.2354
G1 X-22.8287 Y19.3013
G1 X-22.8438 Y19.3138
G1 X-22.8598 Y19.3257
G1 X-22.8598 Y19.7582
G1 X-19.3802 Y16.2786
G1 X-19.3802 Y14.1930
G1 X-19.4215 Y14.1554
G1 X-19.4353 Y14.1416
G1 X-19.5012 Y14.0688
G1 X-19.5196 Y14.0458
G1 X-19.5664 Y13.9828
G1 X-19.5777 Y13.9667
G1 X-19.5882 Y13.9501
G1 X-19.6286 Y13.8828
G1 X-19.6383 Y13.8657
G1 X-19.6471 Y13.8482
G1 X-19.6847 Y13.7683
G1 X-19.6957 Y13.7410
G1 X-19.7253 Y13.6578
G1 X-19.7310 Y13.6390
G1 X-19.7408 Y13.6003
G1 X-20.7885 Y13.6002
G1 X-21.7894 Y14.6011
G1 X-21.8348 Y14.6423
G1 X-21.8578 Y14.6607
G1 X-21.8893 Y14.6841
G1 X-21.9054 Y14.6954
G1 X-21.9220 Y14.7059
G1 X-21.9641 Y14.7310
G1 X-21.9903 Y14.7446
G1 X-22.0258 Y14.7614
G1 X-22.0437 Y14.7693
G1 X-22.0620 Y14.7764
G1 X-22.0990 Y14.7896
G1 X-22.1177 Y14.7958
G1 X-22.1366 Y14.8010
G1 X-22.1747 Y14.8106
G1 X-22.1938 Y14.8149
G1 X-22.2132 Y14.8182
G1 X-22.2520 Y14.8240
G1 X-22.2715 Y14.8264
G1 X-22.2911 Y14.8278
G1 X-22.3303 Y14.8298
G1 X-22.3500 Y14.8302
G1 X-22.9020 Y14.8302
G1 X-22.9396 Y14.8716
G1 X-22.9534 Y14.8854
G1 X-23.0188 Y14.9448
G1 X-23.0413 Y14.9638
G1 X-23.1122 Y15.0165
G1 X-23.1283 Y15.0278
G1 X-23.1449 Y15.0383
G1 X-23.2122 Y15.0787
G1 X-23.2380 Y15.0929
G1 X-23.3178 Y15.1307
G1 X-23.3357 Y15.1387
G1 X-23.3540 Y15.1458
G1 X-23.4280 Y15.1722
G1 X-23.4466 Y15.1784
G1 X-23.4655 Y15.1836
G1 X-23.5417 Y15.2027
G1 X-23.5608 Y15.2070
G1 X-23.5802 Y15.2103
G1 X-23.6578 Y15.2219
G1 X-23.6773 Y15.2243
G1 X-23.6969 Y15.2257
G1 X-23.7753 Y15.2296
G1 X-23.7950 Y15.2300
G1 X-24.7950 Y15.2300
G1 X-24.8146 Y15.2296
G1 X-24.8930 Y15.2257
G1 X-24.9126 Y15.2243
G1 X-24.9321 Y15.2219
G1 X-25.0194 Y15.2088
G1 X-25.0482 Y15.2027
G1 X-25.1244 Y15.1836
G1 X-25.1433 Y15.1784
G1 X-25.1619 Y15.1722
G1 X-25.2359 Y15.1458
G1 X-25.2542 Y15.1387
G1 X-25.2721 Y15.1307
G1 X-25.3431 Y15.0972
G1 X-25.3606 Y15.0884
G1 X-25.3777 Y15.0787
G1 X-25.4450 Y15.0383
G1 X-25.4616 Y15.0278
G1 X-25.4777 Y15.0165
G1 X-25.5407 Y14.9697
G1 X-25.5562 Y14.9577
G1 X-25.5711 Y14.9448
G1 X-25.6293 Y14.8921
G1 X-25.6435 Y14.8786
G1 X-25.6515 Y14.8702
G1 X-33.1581 Y14.8702
G1 Z2.0000
G1 X-35.3484 Y20.3849
G1 F60.00
G1 Z0.7
G1 F60.00
G1 X-36.1015 Y20.3849
G1 X-36.4374 Y21.3449
G1 X-35.0125 Y21.3449
G1 X-34.9556 Y21.0550
G1 X-34.9593 Y21.1305
G1 X-34.9704 Y21.2051
G1 X-34.9887 Y21.2784
G1 X-35.0142 Y21.3495
G1 X-35.0464 Y21.4177
G1 X-35.0853 Y21.4825
G1 X-35.1302 Y21.5431
G1 X-35.1809 Y21.5991
G1 X-35.2369 Y21.6498
G1 X-35.2975 Y21.6947
G1 X-35.3623 Y21.7336
G1 X-35.4305 Y21.7658
G1 X-35.5016 Y21.7913
G1 X-35.5749 Y21.8096
G1 X-35.6495 Y21.8207
G1 X-35.7250 Y21.8244
G1 X-35.8004 Y21.8207
G1 X-35.8750 Y21.8096
G1 X-35.9483 Y21.7913
G1 X-36.0194 Y21.7658
G1 X-36.0876 Y21.7336
G1 X-36.1524 Y21.6947
G1 X-36.2130 Y21.6498
G1 X-36.2690 Y21.5991
G1 X-36.3197 Y21.5431
G1 X-36.3646 Y21.4825
G1 X-36.4035 Y21.4177
G1 X-36.4357 Y21.3495
G1 X-36.4612 Y21.2784
G1 X-36.4795 Y21.2051
G1 X-36.4906 Y21.1305
G1 X-36.4943 Y21.0550
G1 X-36.4906 Y20.9796
G1 X-36.4795 Y20.9050
G1 X-36.4612 Y20.8317
G1 X-36.4357 Y20.7606
G1 X-36.4035 Y20.6924
G1 X-36.3646 Y20.6276
G1 X-36.3197 Y20.5670
G1 X-36.2690 Y20.5110
G1 X-36.2130 Y20.4603
G1 X-36.1524 Y20.4154
G1 X-36.0876 Y20.3765
G1 X-36.0194 Y20.3443
G1 X-35.9483 Y20.3188
G1 X-35.8750 Y20.3005
G1 X-35.8004 Y20.2894
G1 X-35.7250 Y20.2857
G1 X-35.6495 Y20.2894
G1 X-35.5749 Y20.3005
G1 X-35.5016 Y20.3188
G1 X-35.4305 Y20.3443
G1 X-35.3623 Y20.3765
G1 X-35.2975 Y20.4154
G1 X-35.2369 Y20.4603
G1 X-35.1809 Y20.5110
G1 X-35.1302 Y20.5670
G1 X-35.0853 Y20.6276
G1 X-35.0464 Y20.6924
G1 X-35.0142 Y20.7606
G1 X-34.9887 Y20.8317
G1 X-34.9704 Y20.9050
G1 X-34.9593 Y20.9796
G1 X-34.9556 Y21.0550
G1 X-34.9804 Y20.8649
G1 X-36.4695 Y20.8649
G1 Z2.0000
G1 X-23.0974 Y23.2500
G1 F60.00
G1 Z0.7
G1 F60.00
G1 X-1.0683 Y23.2500
G1 X-2.9080 Y22.7700
G1 X-0.7676 Y22.7700
G1 X-0.6650 Y22.2178
G1 X-0.6728 Y22.3770
G1 X-0.6944 Y22.5226
G1 X-0.7302 Y22.6653
G1 X-0.7797 Y22.8038
G1 X-0.8426 Y22.9368
G1 X-0.9183 Y23.0630
G1 X-1.0059 Y23.1812
G1 X-1.1048 Y23.2902
G1 X-1.2138 Y23.3891
G1 X-1.3320 Y23.4767
G1 X-1.4582 Y23.5524
G1 X-1.5912 Y23.6153
G1 X-1.7297 Y23.6648
G1 X-1.8724 Y23.7006
G1 X-2.0180 Y23.7222
G1 X-2.1772 Y23.7300
G1 X-36.8877 Y23.7300
G1 X-37.0469 Y23.7222
G1 X-37.1925 Y23.7006
G1 X-37.3352 Y23.6648
G1 X-37.4737 Y23.6153
G1 X-37.6067 Y23.5524
G1 X-37.7329 Y23.4767
G1 X-37.8511 Y23.3891
G1 X-37.9601 Y23.2902
G1 X-38.0590 Y23.1812
G1 X-38.1466 Y23.0630
G1 X-38.2223 Y22.9368
G1 X-38.2852 Y22.8038
G1 X-38.3347 Y22.6653
G1 X-38.3705 Y22.5226
G1 X-38.3921 Y22.3770
G1 X-38.3999 Y22.2178
G1 X-38.3999 Y2.1123
G1 X-38.3921 Y1.9531
G1 X-38.3705 Y1.8075
G1 X-38.3347 Y1.6648
G1 X-38.2852 Y1.5263
G1 X-38.2223 Y1.3933
G1 X-38.1466 Y1.2671
G1 X-38.0590 Y1.1489
G1 X-37.9601 Y1.0399
G1 X-37.8511 Y0.9410
G1 X-37.7329 Y0.8534
G1 X-37.6067 Y0.7777
G1 X-37.4737 Y0.7148
G1 X-37.3352 Y0.6653
G1 X-37.1925 Y0.6295
G1 X-37.0469 Y0.6079
G1 X-36.8877 Y0.6001
G1 X-2.1772 Y0.6001
G1 X-2.0180 Y0.6079
G1 X-1.8724 Y0.6295
G1 X-1.7297 Y0.6653
G1 X-1.5912 Y0.7148
G1 X-1.4582 Y0.7777
G1 X-1.3320 Y0.8534
G1 X-1.2138 Y0.9410
G1 X-1.1048 Y1.0399
G1 X-1.0059 Y1.1489
G1 X-0.9183 Y1.2671
G1 X-0.8426 Y1.3933
G1 X-0.7797 Y1.5263
G1 X-0.7302 Y1.6648
G1 X-0.6944 Y1.8075
G1 X-0.6728 Y1.9531
G1 X-0.6650 Y2.1123
G1 X-0.6650 Y22.2178
G1 X-0.6685 Y22.2900
G1 X-2.0724 Y22.2900
G1 Z2.0000
G1 X-22.6097 Y22.7700
G1 F60.00
G1 Z0.7
G1 F60.00
G1 X-14.5210 Y22.7700
G1 Z2.0000
G1 X-22.4644 Y22.2900
G1 F60.00
G1 Z0.7
G1 F60.00
G1 X-15.0383 Y22.2900
G1 Z2.0000
G1 X-15.1939 Y21.8100
G1 F60.00
G1 Z0.7
G1 F60.00
G1 X-22.4600 Y21.8100
G1 X-22.1682 Y21.3300
G1 X-15.6267 Y21.3300
G1 X-16.1067 Y20.8500
G1 X-21.6882 Y20.8500
G1 X-21.2082 Y20.3700
G1 X-16.5867 Y20.3700
G1 Z2.0000
G1 X-16.8329 Y19.8900
G1 F60.00
G1 Z0.7
G1 F60.00
G1 X-20.7282 Y19.8900
G1 X-20.2482 Y19.4100
G1 X-16.8402 Y19.4100
G1 X-16.8402 Y18.9300
G1 X-19.7682 Y18.9300
G1 X-19.2882 Y18.4500
G1 X-16.8402 Y18.4500
G1 X-16.8402 Y17.9700
G1 X-18.8082 Y17.9700
G1 X-18.3282 Y17.4900
G1 X-16.8402 Y17.4900
G1 X-16.8402 Y17.0100
G1 X-17.8873 Y17.0100
G1 Z2.0000
G1 X-15.0714 Y17.4900
G1 F60.00
G1 Z0.7
G1 F60.00
G1 X-15.2398 Y17.4900
G1 X-15.2398 Y17.0100
G1 X-14.7629 Y17.0100
G1 Z2.0000
G1 X-15.1335 Y17.9700
G1 F60.00
G1 Z0.7
G1 F60.00
G1 X-15.2398 Y17.9700
G1 X-15.2398 Y18.4500
G1 X-14.9934 Y18.4500
G1 Z2.0000
G1 X-15.2398 Y18.9300
G1 F60.00
G1 Z0.7
G1 F60.00
G1 X-14.5179 Y18.9300
G1 X-15.2398 Y19.4100
G1 X-3.9919 Y19.4100
G1 Z2.0000
G1 X-4.6708 Y19.8900
G1 F60.00
G1 Z0.7
G1 F60.00
G1 X-14.8033 Y19.8900
G1 X-14.3233 Y20.3700
G1 X-4.9719 Y20.3700
G1 Z2.0000
G1 X-5.0974 Y20.8500
G1 F60.00
G1 Z0.7
G1 F60.00
G1 X-12.1432 Y20.8500
G1 Z2.0000
G1 X-11.8554 Y21.3300
G1 F60.00
G1 Z0.7
G1 F60.00
G1 X-5.0870 Y21.3300
G1 Z2.0000
G1 X-4.9392 Y21.8100
G1 F60.00
G1 Z0.7
G1 F60.00
G1 X-11.8060 Y21.8100
G1 Z2.0000
G1 X-11.9616 Y22.2900
G1 F60.00
G1 Z0.7
G1 F60.00
G1 X-4.6075 Y22.2900
G1 Z2.0000
G1 X-3.7719 Y22.7700
G1 F60.00
G1 Z0.7
G1 F60.00
G1 X-12.4789 Y22.7700
G1 Z2.0000
G1 X-12.3570 Y18.9300
G1 F60.00
G1 Z0.7
G1 F60.00
G1 X-0.6650 Y18.9300
G1 X-0.6650 Y18.4500
G1 X-11.8815 Y18.4500
G1 Z2.0000
G1 X-11.8035 Y17.4900
G1 F60.00
G1 Z0.7
G1 F60.00
G1 X-11.0045 Y17.4900
G1 X-11.7414 Y17.9700
G1 X-0.6650 Y17.9700
G1 X-0.6650 Y17.4900
G1 X-8.3754 Y17.4900
G1 Z2.0000
G1 X-8.5929 Y15.5700
G1 F60.00
G1 Z0.7
G1 F60.00
G1 X-6.0116 Y15.5700
G1 Z2.0000
G1 X-10.0783 Y15.0900
G1 F60.00
G1 Z0.7
G1 F60.00
G1 X-5.5316 Y15.0900
G1 X-5.0516 Y14.6100
G1 X-10.5583 Y14.6100
G1 X-11.0383 Y14.1300
G1 X-5.0355 Y14.1300
G1 Z2.0000
G1 X-4.9774 Y13.6500
G1 F60.00
G1 Z0.7
G1 F60.00
G1 X-11.5183 Y13.6500
G1 X-11.9983 Y13.1700
G1 X-4.6764 Y13.1700
G1 Z2.0000
G1 X-4.1439 Y12.6900
G1 F60.00
G1 Z0.7
G1 F60.00
G1 X-12.3000 Y12.6900
G1 Z2.0000
G1 X-12.3039 Y12.2100
G1 F60.00
G1 Z0.7
G1 F60.00
G1 X-4.8284 Y12.2100
G1 Z2.0000
G1 X-5.0224 Y11.7300
G1 F60.00
G1 Z0.7
G1 F60.00
G1 X-12.4441 Y11.7300
G1 Z2.0000
G1 X-12.9196 Y11.2500
G1 F60.00
G1 Z0.7
G1 F60.00
G1 X-5.0059 Y11.2500
G1 Z2.0000
G1 X-4.7685 Y10.7700
G1 F60.00
G1 Z0.7
G1 F60.00
G1 X-15.2398 Y10.7700
G1 X-15.2398 Y11.2500
G1 X-14.0803 Y11.2500
G1 Z2.0000
G1 X-14.5558 Y11.7300
G1 F60.00
G1 Z0.7
G1 F60.00
G1 X-14.9841 Y11.7300
G1 Z2.0000
G1 X-14.8439 Y12.2100
G1 F60.00
G1 Z0.7
G1 F60.00
G1 X-14.6960 Y12.2100
G1 Z2.0000
G1 X-14.6999 Y12.6900
G1 F60.00
G1 Z0.7
G1 F60.00
G1 X-14.8400 Y12.6900
G1 X-14.8400 Y13.1700
G1 X-14.6999 Y13.1700
G1 Z2.0000
G1 X-14.6478 Y13.6500
G1 F60.00
G1 Z0.7
G1 F60.00
G1 X-14.8921 Y13.6500
G1 Z2.0000
G1 X-15.1739 Y14.1300
G1 F60.00
G1 Z0.7
G1 F60.00
G1 X-14.3660 Y14.1300
G1 X-15.2398 Y14.6100
G1 X-12.8217 Y14.6100
G1 X-13.0284 Y14.4033
G1 X-13.0407 Y14.4087
G1 X-13.0590 Y14.4158
G1 X-13.1330 Y14.4422
G1 X-13.1516 Y14.4484
G1 X-13.1705 Y14.4536
G1 X-13.2467 Y14.4727
G1 X-13.2658 Y14.4770
G1 X-13.2852 Y14.4803
G1 X-13.3628 Y14.4919
G1 X-13.3823 Y14.4943
G1 X-13.4019 Y14.4957
G1 X-13.4803 Y14.4996
G1 X-13.5000 Y14.5000
G1 X-13.5196 Y14.4996
G1 X-13.5980 Y14.4957
G1 X-13.6176 Y14.4943
G1 X-13.6371 Y14.4919
G1 X-13.7147 Y14.4803
G1 X-13.7437 Y14.4750
G1 X-13.8294 Y14.4536
G1 X-13.8483 Y14.4484
G1 X-13.8669 Y14.4422
G1 X-13.9409 Y14.4158
G1 X-13.9592 Y14.4087
G1 X-13.9771 Y14.4007
G1 X-14.0481 Y14.3672
G1 X-14.0742 Y14.3536
G1 X-14.1500 Y14.3083
G1 X-14.1747 Y14.2923
G1 X-14.2536 Y14.2338
G1 X-14.2761 Y14.2148
G1 X-14.3415 Y14.1554
G1 X-14.3620 Y14.1344
G1 X-14.4147 Y14.0762
G1 X-14.4276 Y14.0613
G1 X-14.4396 Y14.0458
G1 X-14.4864 Y13.9828
G1 X-14.4977 Y13.9667
G1 X-14.5082 Y13.9501
G1 X-14.5486 Y13.8828
G1 X-14.5583 Y13.8657
G1 X-14.5671 Y13.8482
G1 X-14.6006 Y13.7772
G1 X-14.6086 Y13.7593
G1 X-14.6157 Y13.7410
G1 X-14.6421 Y13.6670
G1 X-14.6483 Y13.6484
G1 X-14.6535 Y13.6295
G1 X-14.6726 Y13.5533
G1 X-14.6769 Y13.5342
G1 X-14.6802 Y13.5148
G1 X-14.6918 Y13.4372
G1 X-14.6942 Y13.4177
G1 X-14.6956 Y13.3981
G1 X-14.6998 Y13.3099
G1 X-14.6999 Y12.3000
G1 X-14.6995 Y12.2804
G1 X-14.6950 Y12.1922
G1 X-14.6918 Y12.1629
G1 X-14.6802 Y12.0853
G1 X-14.6769 Y12.0659
G1 X-14.6726 Y12.0468
G1 X-14.6535 Y11.9706
G1 X-14.6483 Y11.9517
G1 X-14.6421 Y11.9331
G1 X-14.6157 Y11.8591
G1 X-14.6086 Y11.8408
G1 X-14.6006 Y11.8229
G1 X-14.5671 Y11.7519
G1 X-14.5583 Y11.7344
G1 X-14.5486 Y11.7173
G1 X-14.5082 Y11.6500
G1 X-14.4977 Y11.6334
G1 X-14.4864 Y11.6173
G1 X-14.4396 Y11.5543
G1 X-14.4276 Y11.5388
G1 X-14.4147 Y11.5239
G1 X-14.3620 Y11.4657
G1 X-14.3485 Y11.4515
G1 X-14.3343 Y11.4380
G1 X-14.2761 Y11.3853
G1 X-14.2612 Y11.3724
G1 X-14.2457 Y11.3604
G1 X-14.1827 Y11.3136
G1 X-14.1584 Y11.2969
G1 X-14.0827 Y11.2514
G1 X-14.0656 Y11.2417
G1 X-14.0481 Y11.2329
G1 X-13.9771 Y11.1994
G1 X-13.9592 Y11.1914
G1 X-13.9409 Y11.1843
G1 X-13.8669 Y11.1579
G1 X-13.8483 Y11.1517
G1 X-13.8294 Y11.1465
G1 X-13.7532 Y11.1274
G1 X-13.7341 Y11.1231
G1 X-13.7147 Y11.1198
G1 X-13.6371 Y11.1082
G1 X-13.6176 Y11.1058
G1 X-13.5980 Y11.1044
G1 X-13.5098 Y11.1002
G1 X-13.4803 Y11.1005
G1 X-13.4019 Y11.1044
G1 X-13.3823 Y11.1058
G1 X-13.3628 Y11.1082
G1 X-13.2852 Y11.1198
G1 X-13.2658 Y11.1231
G1 X-13.2467 Y11.1274
G1 X-13.1705 Y11.1465
G1 X-13.1516 Y11.1517
G1 X-13.1330 Y11.1579
G1 X-13.0590 Y11.1843
G1 X-13.0407 Y11.1914
G1 X-13.0228 Y11.1994
G1 X-12.9518 Y11.2329
G1 X-12.9343 Y11.2417
G1 X-12.9172 Y11.2514
G1 X-12.8499 Y11.2918
G1 X-12.8252 Y11.3078
G1 X-12.7542 Y11.3604
G1 X-12.7312 Y11.3788
G1 X-12.6584 Y11.4447
G1 X-12.6379 Y11.4657
G1 X-12.5787 Y11.5313
G1 X-12.5603 Y11.5543
G1 X-12.5135 Y11.6173
G1 X-12.5022 Y11.6334
G1 X-12.4917 Y11.6500
G1 X-12.4513 Y11.7173
G1 X-12.4416 Y11.7344
G1 X-12.4328 Y11.7519
G1 X-12.3993 Y11.8229
G1 X-12.3913 Y11.8408
G1 X-12.3842 Y11.8591
G1 X-12.3578 Y11.9331
G1 X-12.3516 Y11.9517
G1 X-12.3464 Y11.9706
G1 X-12.3273 Y12.0468
G1 X-12.3230 Y12.0659
G1 X-12.3197 Y12.0853
G1 X-12.3081 Y12.1629
G1 X-12.3057 Y12.1824
G1 X-12.3043 Y12.2020
G1 X-12.3001 Y12.2902
G1 X-12.3000 Y12.8684
G1 X-9.7583 Y15.4100
G1 X-9.1900 Y15.4101
G1 X-9.1703 Y15.4105
G1 X-9.0919 Y15.4144
G1 X-9.0626 Y15.4169
G1 X-8.9655 Y15.4313
G1 X-8.9367 Y15.4374
G1 X-8.8510 Y15.4590
G1 X-8.8230 Y15.4679
G1 X-8.7490 Y15.4943
G1 X-8.7307 Y15.5014
G1 X-8.7128 Y15.5094
G1 X-8.6418 Y15.5429
G1 X-8.6243 Y15.5517
G1 X-8.6072 Y15.5614
G1 X-8.5315 Y15.6069
G1 X-8.5072 Y15.6236
G1 X-8.4442 Y15.6704
G1 X-8.4212 Y15.6888
G1 X-8.3484 Y15.7547
G1 X-8.3346 Y15.7685
G1 X-8.2970 Y15.8098
G1 X-6.2514 Y15.8098
G1 X-4.9432 Y14.5016
G1 X-4.9486 Y14.4893
G1 X-4.9557 Y14.4710
G1 X-4.9821 Y14.3970
G1 X-4.9883 Y14.3784
G1 X-4.9935 Y14.3595
G1 X-5.0126 Y14.2833
G1 X-5.0169 Y14.2642
G1 X-5.0202 Y14.2448
G1 X-5.0318 Y14.1672
G1 X-5.0342 Y14.1477
G1 X-5.0356 Y14.1281
G1 X-5.0395 Y14.0497
G1 X-5.0399 Y14.0300
G1 X-5.0395 Y14.0104
G1 X-5.0356 Y13.9320
G1 X-5.0342 Y13.9124
G1 X-5.0318 Y13.8929
G1 X-5.0202 Y13.8153
G1 X-5.0169 Y13.7959
G1 X-5.0126 Y13.7768
G1 X-4.9935 Y13.7006
G1 X-4.9883 Y13.6817
G1 X-4.9821 Y13.6631
G1 X-4.9557 Y13.5891
G1 X-4.9486 Y13.5708
G1 X-4.9406 Y13.5529
G1 X-4.9071 Y13.4819
G1 X-4.8935 Y13.4558
G1 X-4.8431 Y13.3716
G1 X-4.8264 Y13.3473
G1 X-4.7796 Y13.2843
G1 X-4.7676 Y13.2688
G1 X-4.7547 Y13.2539
G1 X-4.7020 Y13.1957
G1 X-4.6815 Y13.1747
G1 X-4.6161 Y13.1153
G1 X-4.6012 Y13.1024
G1 X-4.5857 Y13.0904
G1 X-4.5227 Y13.0436
G1 X-4.5066 Y13.0323
G1 X-4.4900 Y13.0218
G1 X-4.4227 Y12.9814
G1 X-4.4056 Y12.9717
G1 X-4.3881 Y12.9629
G1 X-4.3171 Y12.9294
G1 X-4.2992 Y12.9214
G1 X-4.2809 Y12.9143
G1 X-4.2069 Y12.8879
G1 X-4.1883 Y12.8817
G1 X-4.1694 Y12.8765
G1 X-4.0932 Y12.8574
G1 X-4.0741 Y12.8531
G1 X-4.0547 Y12.8498
G1 X-3.9771 Y12.8382
G1 X-3.9576 Y12.8358
G1 X-3.9380 Y12.8344
G1 X-3.8596 Y12.8305
G1 X-3.8400 Y12.8301
G1 X-2.8301 Y12.8302
G1 X-2.7419 Y12.8344
G1 X-2.7223 Y12.8358
G1 X-2.7028 Y12.8382
G1 X-2.6252 Y12.8498
G1 X-2.6058 Y12.8531
G1 X-2.5867 Y12.8574
G1 X-2.5105 Y12.8765
G1 X-2.4916 Y12.8817
G1 X-2.4730 Y12.8879
G1 X-2.3990 Y12.9143
G1 X-2.3807 Y12.9214
G1 X-2.3628 Y12.9294
G1 X-2.2918 Y12.9629
G1 X-2.2743 Y12.9717
G1 X-2.2572 Y12.9814
G1 X-2.1899 Y13.0218
G1 X-2.1733 Y13.0323
G1 X-2.1572 Y13.0436
G1 X-2.0942 Y13.0904
G1 X-2.0787 Y13.1024
G1 X-2.0638 Y13.1153
G1 X-2.0056 Y13.1680
G1 X-1.9914 Y13.1815
G1 X-1.9779 Y13.1957
G1 X-1.9252 Y13.2539
G1 X-1.9123 Y13.2688
G1 X-1.9003 Y13.2843
G1 X-1.8535 Y13.3473
G1 X-1.8422 Y13.3634
G1 X-1.8317 Y13.3800
G1 X-1.7913 Y13.4473
G1 X-1.7816 Y13.4644
G1 X-1.7728 Y13.4819
G1 X-1.7393 Y13.5529
G1 X-1.7313 Y13.5708
G1 X-1.7242 Y13.5891
G1 X-1.6978 Y13.6631
G1 X-1.6916 Y13.6817
G1 X-1.6864 Y13.7006
G1 X-1.6673 Y13.7768
G1 X-1.6612 Y13.8056
G1 X-1.6481 Y13.8929
G1 X-1.6457 Y13.9124
G1 X-1.6443 Y13.9320
G1 X-1.6404 Y14.0104
G1 X-1.6401 Y14.0399
G1 X-1.6449 Y14.1379
G1 X-1.6481 Y14.1672
G1 X-1.6597 Y14.2448
G1 X-1.6630 Y14.2642
G1 X-1.6673 Y14.2833
G1 X-1.6864 Y14.3595
G1 X-1.6916 Y14.3784
G1 X-1.6978 Y14.3970
G1 X-1.7242 Y14.4710
G1 X-1.7313 Y14.4893
G1 X-1.7393 Y14.5072
G1 X-1.7728 Y14.5782
G1 X-1.7816 Y14.5957
G1 X-1.7913 Y14.6128
G1 X-1.8317 Y14.6801
G1 X-1.8422 Y14.6967
G1 X-1.8535 Y14.7128
G1 X-1.9003 Y14.7758
G1 X-1.9123 Y14.7913
G1 X-1.9252 Y14.8062
G1 X-1.9779 Y14.8644
G1 X-1.9914 Y14.8786
G1 X-2.0056 Y14.8921
G1 X-2.0638 Y14.9448
G1 X-2.0787 Y14.9577
G1 X-2.0942 Y14.9697
G1 X-2.1572 Y15.0165
G1 X-2.1733 Y15.0278
G1 X-2.1899 Y15.0383
G1 X-2.2572 Y15.0787
G1 X-2.2830 Y15.0929
G1 X-2.3628 Y15.1307
G1 X-2.3807 Y15.1387
G1 X-2.3990 Y15.1458
G1 X-2.4730 Y15.1722
G1 X-2.5010 Y15.1811
G1 X-2.5962 Y15.2050
G1 X-2.6252 Y15.2103
G1 X-2.7028 Y15.2219
G1 X-2.7223 Y15.2243
G1 X-2.7419 Y15.2257
G1 X-2.8301 Y15.2299
G1 X-3.4083 Y15.2300
G1 X-5.3594 Y17.1811
G1 X-5.3974 Y17.2158
G1 X-5.4123 Y17.2286
G1 X-5.4278 Y17.2407
G1 X-5.4593 Y17.2641
G1 X-5.4754 Y17.2754
G1 X-5.4920 Y17.2859
G1 X-5.5257 Y17.3061
G1 X-5.5427 Y17.3158
G1 X-5.5603 Y17.3246
G1 X-5.5958 Y17.3414
G1 X-5.6228 Y17.3530
G1 X-5.6690 Y17.3696
G1 X-5.6877 Y17.3758
G1 X-5.7066 Y17.3810
G1 X-5.7447 Y17.3906
G1 X-5.7638 Y17.3949
G1 X-5.7832 Y17.3982
G1 X-5.8220 Y17.4040
G1 X-5.8415 Y17.4064
G1 X-5.8611 Y17.4078
G1 X-5.9101 Y17.4101
G1 X-8.2970 Y17.4102
G1 X-8.3346 Y17.4516
G1 X-8.3484 Y17.4654
G1 X-8.4212 Y17.5313
G1 X-8.4442 Y17.5497
G1 X-8.5152 Y17.6023
G1 X-8.5399 Y17.6183
G1 X-8.6072 Y17.6587
G1 X-8.6243 Y17.6684
G1 X-8.6418 Y17.6772
G1 X-8.7217 Y17.7148
G1 X-8.7490 Y17.7258
G1 X-8.8230 Y17.7522
G1 X-8.8416 Y17.7584
G1 X-8.8605 Y17.7636
G1 X-8.9367 Y17.7827
G1 X-8.9558 Y17.7870
G1 X-8.9752 Y17.7903
G1 X-9.0528 Y17.8019
G1 X-9.0723 Y17.8043
G1 X-9.0919 Y17.8057
G1 X-9.1703 Y17.8096
G1 X-9.1900 Y17.8100
G1 X-10.1998 Y17.8099
G1 X-10.2880 Y17.8057
G1 X-10.3076 Y17.8043
G1 X-10.3271 Y17.8019
G1 X-10.4047 Y17.7903
G1 X-10.4337 Y17.7850
G1 X-10.5194 Y17.7636
G1 X-10.5383 Y17.7584
G1 X-10.5569 Y17.7522
G1 X-10.6309 Y17.7258
G1 X-10.6492 Y17.7187
G1 X-10.6671 Y17.7107
G1 X-10.7381 Y17.6772
G1 X-10.7642 Y17.6636
G1 X-10.8400 Y17.6183
G1 X-10.8566 Y17.6078
G1 X-10.8727 Y17.5965
G1 X-10.9436 Y17.5438
G1 X-10.9661 Y17.5248
G1 X-11.0315 Y17.4654
G1 X-11.0453 Y17.4516
G1 X-11.0829 Y17.4102
G1 X-11.8334 Y17.4102
G1 X-11.8288 Y17.4208
G1 X-11.8217 Y17.4391
G1 X-11.7953 Y17.5131
G1 X-11.7891 Y17.5317
G1 X-11.7839 Y17.5506
G1 X-11.7648 Y17.6268
G1 X-11.7605 Y17.6459
G1 X-11.7572 Y17.6653
G1 X-11.7456 Y17.7429
G1 X-11.7432 Y17.7624
G1 X-11.7418 Y17.7820
G1 X-11.7376 Y17.8702
G1 X-11.7379 Y17.8997
G1 X-11.7418 Y17.9781
G1 X-11.7432 Y17.9977
G1 X-11.7456 Y18.0172
G1 X-11.7572 Y18.0948
G1 X-11.7605 Y18.1142
G1 X-11.7648 Y18.1333
G1 X-11.7839 Y18.2095
G1 X-11.7891 Y18.2284
G1 X-11.7953 Y18.2470
G1 X-11.8217 Y18.3210
G1 X-11.8327 Y18.3483
G1 X-11.8746 Y18.4370
G1 X-11.8888 Y18.4628
G1 X-11.9343 Y18.5385
G1 X-11.9510 Y18.5628
G1 X-11.9978 Y18.6258
G1 X-12.0098 Y18.6413
G1 X-12.0227 Y18.6562
G1 X-12.0754 Y18.7144
G1 X-12.0959 Y18.7354
G1 X-12.1687 Y18.8013
G1 X-12.1917 Y18.8197
G1 X-12.2547 Y18.8665
G1 X-12.2708 Y18.8778
G1 X-12.2874 Y18.8883
G1 X-12.3632 Y18.9336
G1 X-12.3893 Y18.9472
G1 X-12.4603 Y18.9807
G1 X-12.4782 Y18.9887
G1 X-12.4965 Y18.9958
G1 X-12.5705 Y19.0222
G1 X-12.5891 Y19.0284
G1 X-12.6080 Y19.0336
G1 X-12.6842 Y19.0527
G1 X-12.7033 Y19.0570
G1 X-12.7227 Y19.0603
G1 X-12.8003 Y19.0719
G1 X-12.8296 Y19.0751
G1 X-12.9178 Y19.0796
G1 X-12.9375 Y19.0800
G1 X-13.9375 Y19.0800
G1 X-13.9571 Y19.0796
G1 X-14.0453 Y19.0751
G1 X-14.0746 Y19.0719
G1 X-14.1522 Y19.0603
G1 X-14.1716 Y19.0570
G1 X-14.1907 Y19.0527
G1 X-14.2669 Y19.0336
G1 X-14.2858 Y19.0284
G1 X-14.3044 Y19.0222
G1 X-14.3784 Y18.9958
G1 X-14.3967 Y18.9887
G1 X-14.4146 Y18.9807
G1 X-14.4856 Y18.9472
G1 X-14.5031 Y18.9384
G1 X-14.5202 Y18.9287
G1 X-14.5875 Y18.8883
G1 X-14.6041 Y18.8778
G1 X-14.6202 Y18.8665
G1 X-14.6832 Y18.8197
G1 X-14.7062 Y18.8013
G1 X-14.7718 Y18.7421
G1 X-14.7860 Y18.7286
G1 X-14.7995 Y18.7144
G1 X-14.8522 Y18.6562
G1 X-14.8712 Y18.6337
G1 X-14.9239 Y18.5628
G1 X-14.9406 Y18.5385
G1 X-14.9910 Y18.4543
G1 X-15.0046 Y18.4282
G1 X-15.0381 Y18.3572
G1 X-15.0498 Y18.3302
G1 X-15.0828 Y18.2378
G1 X-15.0910 Y18.2095
G1 X-15.1124 Y18.1238
G1 X-15.1177 Y18.0948
G1 X-15.1293 Y18.0172
G1 X-15.1317 Y17.9977
G1 X-15.1331 Y17.9781
G1 X-15.1370 Y17.8997
G1 X-15.1374 Y17.8800
G1 X-15.1370 Y17.8604
G1 X-15.1331 Y17.7820
G1 X-15.1317 Y17.7624
G1 X-15.1293 Y17.7429
G1 X-15.1177 Y17.6653
G1 X-15.1144 Y17.6459
G1 X-15.1101 Y17.6268
G1 X-15.0910 Y17.5506
G1 X-15.0858 Y17.5317
G1 X-15.0796 Y17.5131
G1 X-15.0532 Y17.4391
G1 X-15.0461 Y17.4208
G1 X-15.0381 Y17.4029
G1 X-15.0046 Y17.3319
G1 X-14.9958 Y17.3144
G1 X-14.9861 Y17.2973
G1 X-14.9457 Y17.2300
G1 X-14.9352 Y17.2134
G1 X-14.9239 Y17.1973
G1 X-14.8771 Y17.1343
G1 X-14.8651 Y17.1188
G1 X-14.8522 Y17.1039
G1 X-14.7995 Y17.0457
G1 X-14.7790 Y17.0247
G1 X-14.7136 Y16.9653
G1 X-14.6987 Y16.9524
G1 X-14.6832 Y16.9404
G1 X-14.6202 Y16.8936
G1 X-14.6041 Y16.8823
G1 X-14.5875 Y16.8718
G1 X-14.5202 Y16.8314
G1 X-14.5031 Y16.8217
G1 X-14.4856 Y16.8129
G1 X-14.4146 Y16.7794
G1 X-14.3967 Y16.7714
G1 X-14.3784 Y16.7643
G1 X-14.3044 Y16.7379
G1 X-14.2858 Y16.7317
G1 X-14.2669 Y16.7265
G1 X-14.1907 Y16.7074
G1 X-14.1619 Y16.7013
G1 X-14.0648 Y16.6869
G1 X-14.0355 Y16.6844
G1 X-13.9473 Y16.6802
G1 X-13.3691 Y16.6801
G1 X-12.7333 Y16.0442
G1 X-12.7191 Y16.0307
G1 X-12.6900 Y16.0043
G1 X-12.6674 Y15.9854
G1 X-12.6281 Y15.9560
G1 X-12.6120 Y15.9447
G1 X-12.5954 Y15.9342
G1 X-12.5533 Y15.9091
G1 X-12.5359 Y15.8998
G1 X-12.4916 Y15.8787
G1 X-12.4646 Y15.8671
G1 X-12.4184 Y15.8505
G1 X-12.3997 Y15.8443
G1 X-12.3808 Y15.8391
G1 X-12.3427 Y15.8295
G1 X-12.3236 Y15.8252
G1 X-12.3042 Y15.8219
G1 X-12.2556 Y15.8148
G1 X-12.2361 Y15.8129
G1 X-12.1871 Y15.8103
G1 X-12.1675 Y15.8098
G1 X-11.6218 Y15.8098
G1 X-13.0284 Y14.4033
G1 X-12.3417 Y15.0900
G1 X-15.2398 Y15.0900
G1 X-15.2398 Y15.5700
G1 X-11.8617 Y15.5700
G1 Z2.0000
G1 X-12.7391 Y16.0500
G1 F60.00
G1 Z0.7
G1 F60.00
G1 X-15.2398 Y16.0500
G1 X-15.2398 Y16.5300
G1 X-13.2191 Y16.5300
G1 Z2.0000
G1 X-11.0650 Y9.8100
G1 F60.00
G1 Z0.7
G1 F60.00
G1 X-15.2398 Y9.8100
G1 X-15.2398 Y10.2900
G1 X-4.1402 Y10.2900
G1 X-6.0947 Y5.9700
G1 X-8.9589 Y5.9700
G1 Z2.0000
G1 X-8.6771 Y5.4900
G1 F60.00
G1 Z0.7
G1 F60.00
G1 X-6.5747 Y5.4900
G1 X-7.0547 Y5.0100
G1 X-8.6322 Y5.0100
G1 Z2.0000
G1 X-8.7927 Y4.5300
G1 F60.00
G1 Z0.7
G1 F60.00
G1 X-7.5347 Y4.5300
G1 X-8.0147 Y4.0500
G1 X-9.3253 Y4.0500
G1 Z2.0000
G1 X-9.0666 Y3.5700
G1 F60.00
G1 Z0.7
G1 F60.00
G1 X-8.4947 Y3.5700
G1 Z2.0000
G1 X-7.1913 Y2.6100
G1 F60.00
G1 Z0.7
G1 F60.00
G1 X-4.9801 Y2.6100
G1 Z2.0000
G1 X-5.1001 Y3.0900
G1 F60.00
G1 Z0.7
G1 F60.00
G1 X-6.7113 Y3.0900
G1 X-6.2313 Y3.5700
G1 X-5.0841 Y3.5700
G1 Z2.0000
G1 X-4.9298 Y4.0500
G1 F60.00
G1 Z0.7
G1 F60.00
G1 X-5.7513 Y4.0500
G1 X-5.2713 Y4.5300
G1 X-4.5881 Y4.5300
G1 Z2.0000
G1 X-3.6298 Y3.9875
G1 F60.00
G1 Z0.7
G1 F60.00
G1 X-3.6298 Y2.5626
G1 X-3.1498 Y2.5305
G1 X-3.1498 Y4.0196
G1 X-2.5706 Y3.2750
G1 X-2.5743 Y3.3505
G1 X-2.5854 Y3.4251
G1 X-2.6037 Y3.4984
G1 X-2.6292 Y3.5695
G1 X-2.6614 Y3.6377
G1 X-2.7003 Y3.7025
G1 X-2.7452 Y3.7631
G1 X-2.7959 Y3.8191
G1 X-2.8519 Y3.8698
G1 X-2.9125 Y3.9147
G1 X-2.9773 Y3.9536
G1 X-3.0455 Y3.9858
G1 X-3.1166 Y4.0113
G1 X-3.1899 Y4.0296
G1 X-3.2645 Y4.0407
G1 X-3.3400 Y4.0444
G1 X-3.4154 Y4.0407
G1 X-3.4900 Y4.0296
G1 X-3.5633 Y4.0113
G1 X-3.6344 Y3.9858
G1 X-3.7026 Y3.9536
G1 X-3.7674 Y3.9147
G1 X-3.8280 Y3.8698
G1 X-3.8840 Y3.8191
G1 X-3.9347 Y3.7631
G1 X-3.9796 Y3.7025
G1 X-4.0185 Y3.6377
G1 X-4.0507 Y3.5695
G1 X-4.0762 Y3.4984
G1 X-4.0945 Y3.4251
G1 X-4.1056 Y3.3505
G1 X-4.1093 Y3.2750
G1 X-4.1056 Y3.1996
G1 X-4.0945 Y3.1250
G1 X-4.0762 Y3.0517
G1 X-4.0507 Y2.9806
G1 X-4.0185 Y2.9124
G1 X-3.9796 Y2.8476
G1 X-3.9347 Y2.7870
G1 X-3.8840 Y2.7310
G1 X-3.8280 Y2.6803
G1 X-3.7674 Y2.6354
G1 X-3.7026 Y2.5965
G1 X-3.6344 Y2.5643
G1 X-3.5633 Y2.5388
G1 X-3.4900 Y2.5205
G1 X-3.4154 Y2.5094
G1 X-3.3400 Y2.5057
G1 X-3.2645 Y2.5094
G1 X-3.1899 Y2.5205
G1 X-3.1166 Y2.5388
G1 X-3.0455 Y2.5643
G1 X-2.9773 Y2.5965
G1 X-2.9125 Y2.6354
G1 X-2.8519 Y2.6803
G1 X-2.7959 Y2.7310
G1 X-2.7452 Y2.7870
G1 X-2.7003 Y2.8476
G1 X-2.6614 Y2.9124
G1 X-2.6292 Y2.9806
G1 X-2.6037 Y3.0517
G1 X-2.5854 Y3.1250
G1 X-2.5743 Y3.1996
G1 X-2.5706 Y3.2750
G1 X-2.6698 Y2.8985
G1 X-2.6698 Y3.6516
G1 Z2.0000
G1 X-2.9898 Y5.0100
G1 F60.00
G1 Z0.7
G1 F60.00
G1 X-0.6650 Y5.0100
G1 X-0.6650 Y5.4900
G1 X-4.3113 Y5.4900
G1 X-4.7913 Y5.0100
G1 X-3.6901 Y5.0100
G1 X-3.8313 Y5.9700
G1 X-0.6650 Y5.9700
G1 X-0.6650 Y6.4500
G1 X-3.3513 Y6.4500
G1 X-2.8713 Y6.9300
G1 X-0.6650 Y6.9300
G1 X-0.6650 Y7.4100
G1 X-2.5614 Y7.4100
G1 Z2.0000
G1 X-2.5398 Y7.8900
G1 F60.00
G1 Z0.7
G1 F60.00
G1 X-0.6650 Y7.8900
G1 X-0.6650 Y8.3700
G1 X-2.5398 Y8.3700
G1 X-2.5398 Y8.8500
G1 X-0.6650 Y8.8500
G1 X-0.6650 Y9.3300
G1 X-2.5398 Y9.3300
G1 X-2.5398 Y9.8100
G1 X-0.6650 Y9.8100
G1 X-0.6650 Y10.2900
G1 X-2.5398 Y10.2900
G1 Z2.0000
G1 X-1.9114 Y10.7700
G1 F60.00
G1 Z0.7
G1 F60.00
G1 X-0.6650 Y10.7700
G1 X-0.6650 Y11.2500
G1 X-1.6740 Y11.2500
G1 Z2.0000
G1 X-1.6575 Y11.7300
G1 F60.00
G1 Z0.7
G1 F60.00
G1 X-0.6650 Y11.7300
G1 X-0.6650 Y12.2100
G1 X-1.8515 Y12.2100
G1 Z2.0000
G1 X-2.5360 Y12.6900
G1 F60.00
G1 Z0.7
G1 F60.00
G1 X-0.6650 Y12.6900
G1 X-0.6650 Y13.1700
G1 X-2.0035 Y13.1700
G1 Z2.0000
G1 X-1.7025 Y13.6500
G1 F60.00
G1 Z0.7
G1 F60.00
G1 X-0.6650 Y13.6500
G1 X-0.6650 Y14.1300
G1 X-1.6444 Y14.1300
G1 Z2.0000
G1 X-1.7897 Y14.6100
G1 F60.00
G1 Z0.7
G1 F60.00
G1 X-0.6650 Y14.6100
G1 X-0.6650 Y15.0900
G1 X-2.2774 Y15.0900
G1 Z2.0000
G1 X-3.7482 Y15.5700
G1 F60.00
G1 Z0.7
G1 F60.00
G1 X-0.6650 Y15.5700
G1 X-0.6650 Y16.0500
G1 X-4.2282 Y16.0500
G1 X-4.7082 Y16.5300
G1 X-0.6650 Y16.5300
G1 X-0.6650 Y17.0100
G1 X-5.1882 Y17.0100
G1 Z2.0000
G1 X-2.6880 Y19.4100
G1 F60.00
G1 Z0.7
G1 F60.00
G1 X-0.6650 Y19.4100
G1 X-0.6650 Y19.8900
G1 X-2.0091 Y19.8900
G1 Z2.0000
G1 X-1.7080 Y20.3700
G1 F60.00
G1 Z0.7
G1 F60.00
G1 X-0.6650 Y20.3700
G1 X-0.6650 Y20.8500
G1 X-1.5825 Y20.8500
G1 Z2.0000
G1 X-1.5700 Y21.0600
G1 F60.00
G1 Z0.7
G1 F60.00
G1 X-1.5705 Y21.0796
G1 X-1.5766 Y21.2041
G1 X-1.5790 Y21.2334
G1 X-1.5814 Y21.2529
G1 X-1.5997 Y21.3762
G1 X-1.6050 Y21.4052
G1 X-1.6093 Y21.4243
G1 X-1.6396 Y21.5452
G1 X-1.6477 Y21.5735
G1 X-1.6538 Y21.5922
G1 X-1.6958 Y21.7095
G1 X-1.7066 Y21.7369
G1 X-1.7146 Y21.7549
G1 X-1.7679 Y21.8675
G1 X-1.7813 Y21.8937
G1 X-1.7910 Y21.9108
G1 X-1.8551 Y22.0177
G1 X-1.8710 Y22.0425
G1 X-1.8823 Y22.0585
G1 X-1.9566 Y22.1586
G1 X-1.9749 Y22.1817
G1 X-1.9877 Y22.1965
G1 X-2.0714 Y22.2889
G1 X-2.0919 Y22.3101
G1 X-2.1061 Y22.3236
G1 X-2.1985 Y22.4073
G1 X-2.2209 Y22.4263
G1 X-2.2364 Y22.4384
G1 X-2.3365 Y22.5127
G1 X-2.3607 Y22.5294
G1 X-2.3773 Y22.5399
G1 X-2.4842 Y22.6040
G1 X-2.5099 Y22.6183
G1 X-2.5275 Y22.6271
G1 X-2.6401 Y22.6804
G1 X-2.6672 Y22.6921
G1 X-2.6855 Y22.6992
G1 X-2.8028 Y22.7412
G1 X-2.8309 Y22.7502
G1 X-2.8498 Y22.7554
G1 X-2.9707 Y22.7857
G1 X-2.9995 Y22.7919
G1 X-3.0188 Y22.7953
G1 X-3.1421 Y22.8136
G1 X-3.1714 Y22.8169
G1 X-3.1909 Y22.8184
G1 X-3.3154 Y22.8245
G1 X-3.3449 Y22.8250
G1 X-3.3645 Y22.8245
G1 X-3.4890 Y22.8184
G1 X-3.5183 Y22.8160
G1 X-3.5378 Y22.8136
G1 X-3.6611 Y22.7953
G1 X-3.6901 Y22.7900
G1 X-3.7092 Y22.7857
G1 X-3.8301 Y22.7554
G1 X-3.8584 Y22.7473
G1 X-3.8771 Y22.7412
G1 X-3.9944 Y22.6992
G1 X-4.0218 Y22.6884
G1 X-4.0398 Y22.6804
G1 X-4.1524 Y22.6271
G1 X-4.1786 Y22.6137
G1 X-4.1957 Y22.6040
G1 X-4.3026 Y22.5399
G1 X-4.3274 Y22.5240
G1 X-4.3434 Y22.5127
G1 X-4.4435 Y22.4384
G1 X-4.4666 Y22.4201
G1 X-4.4814 Y22.4073
G1 X-4.5738 Y22.3236
G1 X-4.5950 Y22.3031
G1 X-4.6085 Y22.2889
G1 X-4.6922 Y22.1965
G1 X-4.7112 Y22.1741
G1 X-4.7233 Y22.1586
G1 X-4.7976 Y22.0585
G1 X-4.8143 Y22.0343
G1 X-4.8248 Y22.0177
G1 X-4.8889 Y21.9108
G1 X-4.9032 Y21.8851
G1 X-4.9120 Y21.8675
G1 X-4.9653 Y21.7549
G1 X-4.9770 Y21.7278
G1 X-4.9841 Y21.7095
G1 X-5.0261 Y21.5922
G1 X-5.0351 Y21.5641
G1 X-5.0403 Y21.5452
G1 X-5.0706 Y21.4243
G1 X-5.0768 Y21.3955
G1 X-5.0802 Y21.3762
G1 X-5.0985 Y21.2529
G1 X-5.1018 Y21.2236
G1 X-5.1033 Y21.2041
G1 X-5.1094 Y21.0796
G1 X-5.1099 Y21.0501
G1 X-5.1094 Y21.0305
G1 X-5.1033 Y20.9060
G1 X-5.1009 Y20.8767
G1 X-5.0985 Y20.8572
G1 X-5.0802 Y20.7339
G1 X-5.0749 Y20.7049
G1 X-5.0706 Y20.6858
G1 X-5.0403 Y20.5649
G1 X-5.0322 Y20.5366
G1 X-5.0261 Y20.5179
G1 X-4.9841 Y20.4006
G1 X-4.9733 Y20.3732
G1 X-4.9653 Y20.3552
G1 X-4.9120 Y20.2426
G1 X-4.8986 Y20.2164
G1 X-4.8889 Y20.1993
G1 X-4.8248 Y20.0924
G1 X-4.8089 Y20.0676
G1 X-4.7976 Y20.0516
G1 X-4.7233 Y19.9515
G1 X-4.7050 Y19.9284
G1 X-4.6922 Y19.9136
G1 X-4.6085 Y19.8212
G1 X-4.5880 Y19.8000
G1 X-4.5738 Y19.7865
G1 X-4.4814 Y19.7028
G1 X-4.4590 Y19.6838
G1 X-4.4435 Y19.6717
G1 X-4.3434 Y19.5974
G1 X-4.3192 Y19.5807
G1 X-4.3026 Y19.5702
G1 X-4.1957 Y19.5061
G1 X-4.1700 Y19.4918
G1 X-4.1524 Y19.4830
G1 X-4.0398 Y19.4297
G1 X-4.0127 Y19.4180
G1 X-3.9944 Y19.4109
G1 X-3.8771 Y19.3689
G1 X-3.8490 Y19.3599
G1 X-3.8301 Y19.3547
G1 X-3.7092 Y19.3244
G1 X-3.6804 Y19.3182
G1 X-3.6611 Y19.3148
G1 X-3.5378 Y19.2965
G1 X-3.5085 Y19.2932
G1 X-3.4890 Y19.2917
G1 X-3.3645 Y19.2856
G1 X-3.3350 Y19.2851
G1 X-3.3154 Y19.2856
G1 X-3.1909 Y19.2917
G1 X-3.1616 Y19.2941
G1 X-3.1421 Y19.2965
G1 X-3.0188 Y19.3148
G1 X-2.9898 Y19.3201
G1 X-2.9707 Y19.3244
G1 X-2.8498 Y19.3547
G1 X-2.8215 Y19.3628
G1 X-2.8028 Y19.3689
G1 X-2.6855 Y19.4109
G1 X-2.6581 Y19.4217
G1 X-2.6401 Y19.4297
G1 X-2.5275 Y19.4830
G1 X-2.5013 Y19.4964
G1 X-2.4842 Y19.5061
G1 X-2.3773 Y19.5702
G1 X-2.3525 Y19.5861
G1 X-2.3365 Y19.5974
G1 X-2.2364 Y19.6717
G1 X-2.2133 Y19.6900
G1 X-2.1985 Y19.7028
G1 X-2.1061 Y19.7865
G1 X-2.0849 Y19.8070
G1 X-2.0714 Y19.8212
G1 X-1.9877 Y19.9136
G1 X-1.9687 Y19.9360
G1 X-1.9566 Y19.9515
G1 X-1.8823 Y20.0516
G1 X-1.8656 Y20.0758
G1 X-1.8551 Y20.0924
G1 X-1.7910 Y20.1993
G1 X-1.7767 Y20.2250
G1 X-1.7679 Y20.2426
G1 X-1.7146 Y20.3552
G1 X-1.7029 Y20.3823
G1 X-1.6958 Y20.4006
G1 X-1.6538 Y20.5179
G1 X-1.6448 Y20.5460
G1 X-1.6396 Y20.5649
G1 X-1.6093 Y20.6858
G1 X-1.6031 Y20.7146
G1 X-1.5997 Y20.7339
G1 X-1.5814 Y20.8572
G1 X-1.5781 Y20.8865
G1 X-1.5766 Y20.9060
G1 X-1.5705 Y21.0305
G1 X-1.5700 Y21.0600
G1 Z2.0000
G1 X-1.5929 Y21.3300
G1 F60.00
G1 Z0.7
G1 F60.00
G1 X-0.6650 Y21.3300
G1 X-0.6650 Y21.8100
G1 X-1.7407 Y21.8100
G1 Z2.0000
G1 X-2.5706 Y21.0550
G1 F60.00
G1 Z0.7
G1 F60.00
G1 X-2.5743 Y21.1305
G1 X-2.5854 Y21.2051
G1 X-2.6037 Y21.2784
G1 X-2.6292 Y21.3495
G1 X-2.6614 Y21.4177
G1 X-2.7003 Y21.4825
G1 X-2.7452 Y21.5431
G1 X-2.7959 Y21.5991
G1 X-2.8519 Y21.6498
G1 X-2.9125 Y21.6947
G1 X-2.9773 Y21.7336
G1 X-3.0455 Y21.7658
G1 X-3.1166 Y21.7913
G1 X-3.1899 Y21.8096
G1 X-3.2645 Y21.8207
G1 X-3.3400 Y21.8244
G1 X-3.4154 Y21.8207
G1 X-3.4900 Y21.8096
G1 X-3.5633 Y21.7913
G1 X-3.6344 Y21.7658
G1 X-3.7026 Y21.7336
G1 X-3.7674 Y21.6947
G1 X-3.8280 Y21.6498
G1 X-3.8840 Y21.5991
G1 X-3.9347 Y21.5431
G1 X-3.9796 Y21.4825
G1 X-4.0185 Y21.4177
G1 X-4.0507 Y21.3495
G1 X-4.0762 Y21.2784
G1 X-4.0945 Y21.2051
G1 X-4.1056 Y21.1305
G1 X-4.1093 Y21.0550
G1 X-4.1056 Y20.9796
G1 X-4.0945 Y20.9050
G1 X-4.0762 Y20.8317
G1 X-4.0507 Y20.7606
G1 X-4.0185 Y20.6924
G1 X-3.9796 Y20.6276
G1 X-3.9347 Y20.5670
G1 X-3.8840 Y20.5110
G1 X-3.8280 Y20.4603
G1 X-3.7674 Y20.4154
G1 X-3.7026 Y20.3765
G1 X-3.6344 Y20.3443
G1 X-3.5633 Y20.3188
G1 X-3.4900 Y20.3005
G1 X-3.4154 Y20.2894
G1 X-3.3400 Y20.2857
G1 X-3.2645 Y20.2894
G1 X-3.1899 Y20.3005
G1 X-3.1166 Y20.3188
G1 X-3.0455 Y20.3443
G1 X-2.9773 Y20.3765
G1 X-2.9125 Y20.4154
G1 X-2.8519 Y20.4603
G1 X-2.7959 Y20.5110
G1 X-2.7452 Y20.5670
G1 X-2.7003 Y20.6276
G1 X-2.6614 Y20.6924
G1 X-2.6292 Y20.7606
G1 X-2.6037 Y20.8317
G1 X-2.5854 Y20.9050
G1 X-2.5743 Y20.9796
G1 X-2.5706 Y21.0550
G1 X-2.6698 Y20.6785
G1 X-2.6698 Y21.4316
G1 X-3.6298 Y21.7675
G1 X-3.6298 Y20.3426
G1 X-3.1498 Y20.3105
G1 X-3.1498 Y21.7996
G1 Z2.0000
G1 X-8.3149 Y9.8100
G1 F60.00
G1 Z0.7
G1 F60.00
G1 X-4.1402 Y9.8100
G1 X-4.1402 Y9.3300
G1 X-8.0392 Y9.3300
G1 Z2.0000
G1 X-7.9986 Y8.8500
G1 F60.00
G1 Z0.7
G1 F60.00
G1 X-4.1402 Y8.8500
G1 X-4.1402 Y8.3700
G1 X-8.1637 Y8.3700
G1 Z2.0000
G1 X-8.7114 Y7.8900
G1 F60.00
G1 Z0.7
G1 F60.00
G1 X-4.1747 Y7.8900
G1 X-4.6547 Y7.4100
G1 X-12.5513 Y7.4100
G1 Z2.0000
G1 X-10.6685 Y7.8900
G1 F60.00
G1 Z0.7
G1 F60.00
G1 X-12.0713 Y7.8900
G1 X-13.7932 Y5.9700
G1 X-11.6910 Y5.9700
G1 Z2.0000
G1 X-12.8947 Y9.3300
G1 F60.00
G1 Z0.7
G1 F60.00
G1 X-15.2398 Y9.3300
G1 X-15.0362 Y8.8500
G1 X-13.3747 Y8.8500
G1 Z2.0000
G1 X-13.1581 Y6.9300
G1 F60.00
G1 Z0.7
G1 F60.00
G1 X-5.1347 Y6.9300
G1 X-5.6147 Y6.4500
G1 X-14.2732 Y6.4500
G1 Z2.0000
G1 X-11.5027 Y1.6500
G1 F60.00
G1 Z0.7
G1 F60.00
G1 X-14.9471 Y1.6500
G1 Z2.0000
G1 X-9.1472 Y1.6500
G1 F60.00
G1 Z0.7
G1 F60.00
G1 X-4.0404 Y1.6500
G1 Z2.0000
G1 X-4.6890 Y2.1300
G1 F60.00
G1 Z0.7
G1 F60.00
G1 X-7.6713 Y2.1300
G1 Z2.0000
G1 X-2.6395 Y1.6500
G1 F60.00
G1 Z0.7
G1 F60.00
G1 X-0.7355 Y1.6500
G1 X-0.9903 Y1.1700
G1 X-29.3676 Y1.1700
G1 Z2.0000
G1 X-1.9909 Y2.1300
G1 F60.00
G1 Z0.7
G1 F60.00
G1 X-0.6650 Y2.1300
G1 X-0.6650 Y2.6100
G1 X-1.6998 Y2.6100
G1 Z2.0000
G1 X-1.5798 Y3.0900
G1 F60.00
G1 Z0.7
G1 F60.00
G1 X-0.6650 Y3.0900
G1 X-0.6650 Y3.5700
G1 X-1.5958 Y3.5700
G1 Z2.0000
G1 X-1.5700 Y3.2800
G1 F60.00
G1 Z0.7
G1 F60.00
G1 X-1.5705 Y3.2996
G1 X-1.5766 Y3.4241
G1 X-1.5790 Y3.4534
G1 X-1.5814 Y3.4729
G1 X-1.5997 Y3.5962
G1 X-1.6050 Y3.6252
G1 X-1.6093 Y3.6443
G1 X-1.6396 Y3.7652
G1 X-1.6477 Y3.7935
G1 X-1.6538 Y3.8122
G1 X-1.6958 Y3.9295
G1 X-1.7066 Y3.9569
G1 X-1.7146 Y3.9749
G1 X-1.7679 Y4.0875
G1 X-1.7813 Y4.1137
G1 X-1.7910 Y4.1308
G1 X-1.8551 Y4.2377
G1 X-1.8710 Y4.2625
G1 X-1.8823 Y4.2785
G1 X-1.9566 Y4.3786
G1 X-1.9749 Y4.4017
G1 X-1.9877 Y4.4165
G1 X-2.0714 Y4.5089
G1 X-2.0919 Y4.5301
G1 X-2.1061 Y4.5436
G1 X-2.1985 Y4.6273
G1 X-2.2209 Y4.6463
G1 X-2.2364 Y4.6584
G1 X-2.3365 Y4.7327
G1 X-2.3607 Y4.7494
G1 X-2.3773 Y4.7599
G1 X-2.4842 Y4.8240
G1 X-2.5099 Y4.8383
G1 X-2.5275 Y4.8471
G1 X-2.6401 Y4.9004
G1 X-2.6672 Y4.9121
G1 X-2.6855 Y4.9192
G1 X-2.8028 Y4.9612
G1 X-2.8309 Y4.9702
G1 X-2.8498 Y4.9754
G1 X-2.9707 Y5.0057
G1 X-2.9995 Y5.0119
G1 X-3.0188 Y5.0153
G1 X-3.1421 Y5.0336
G1 X-3.1714 Y5.0369
G1 X-3.1909 Y5.0384
G1 X-3.3154 Y5.0445
G1 X-3.3449 Y5.0450
G1 X-3.3645 Y5.0445
G1 X-3.4890 Y5.0384
G1 X-3.5183 Y5.0360
G1 X-3.5378 Y5.0336
G1 X-3.6611 Y5.0153
G1 X-3.6901 Y5.0100
G1 X-3.7092 Y5.0057
G1 X-3.8301 Y4.9754
G1 X-3.8584 Y4.9673
G1 X-3.8771 Y4.9612
G1 X-3.9944 Y4.9192
G1 X-4.0218 Y4.9084
G1 X-4.0398 Y4.9004
G1 X-4.1524 Y4.8471
G1 X-4.1786 Y4.8337
G1 X-4.1957 Y4.8240
G1 X-4.3026 Y4.7599
G1 X-4.3274 Y4.7440
G1 X-4.3434 Y4.7327
G1 X-4.4435 Y4.6584
G1 X-4.4666 Y4.6401
G1 X-4.4814 Y4.6273
G1 X-4.5738 Y4.5436
G1 X-4.5950 Y4.5231
G1 X-4.6085 Y4.5089
G1 X-4.6922 Y4.4165
G1 X-4.7112 Y4.3941
G1 X-4.7233 Y4.3786
G1 X-4.7976 Y4.2785
G1 X-4.8143 Y4.2543
G1 X-4.8248 Y4.2377
G1 X-4.8889 Y4.1308
G1 X-4.9032 Y4.1051
G1 X-4.9120 Y4.0875
G1 X-4.9653 Y3.9749
G1 X-4.9770 Y3.9478
G1 X-4.9841 Y3.9295
G1 X-5.0261 Y3.8122
G1 X-5.0351 Y3.7841
G1 X-5.0403 Y3.7652
G1 X-5.0706 Y3.6443
G1 X-5.0768 Y3.6155
G1 X-5.0802 Y3.5962
G1 X-5.0985 Y3.4729
G1 X-5.1018 Y3.4436
G1 X-5.1033 Y3.4241
G1 X-5.1094 Y3.2996
G1 X-5.1099 Y3.2701
G1 X-5.1094 Y3.2505
G1 X-5.1033 Y3.1260
G1 X-5.1009 Y3.0967
G1 X-5.0985 Y3.0772
G1 X-5.0802 Y2.9539
G1 X-5.0749 Y2.9249
G1 X-5.0706 Y2.9058
G1 X-5.0403 Y2.7849
G1 X-5.0322 Y2.7566
G1 X-5.0261 Y2.7379
G1 X-4.9841 Y2.6206
G1 X-4.9733 Y2.5932
G1 X-4.9653 Y2.5752
G1 X-4.9120 Y2.4626
G1 X-4.8986 Y2.4364
G1 X-4.8889 Y2.4193
G1 X-4.8248 Y2.3124
G1 X-4.8089 Y2.2876
G1 X-4.7976 Y2.2716
G1 X-4.7233 Y2.1715
G1 X-4.7050 Y2.1484
G1 X-4.6922 Y2.1336
G1 X-4.6085 Y2.0412
G1 X-4.5880 Y2.0200
G1 X-4.5738 Y2.0065
G1 X-4.4814 Y1.9228
G1 X-4.4590 Y1.9038
G1 X-4.4435 Y1.8917
G1 X-4.3434 Y1.8174
G1 X-4.3192 Y1.8007
G1 X-4.3026 Y1.7902
G1 X-4.1957 Y1.7261
G1 X-4.1700 Y1.7118
G1 X-4.1524 Y1.7030
G1 X-4.0398 Y1.6497
G1 X-4.0127 Y1.6380
G1 X-3.9944 Y1.6309
G1 X-3.8771 Y1.5889
G1 X-3.8490 Y1.5799
G1 X-3.8301 Y1.5747
G1 X-3.7092 Y1.5444
G1 X-3.6804 Y1.5382
G1 X-3.6611 Y1.5348
G1 X-3.5378 Y1.5165
G1 X-3.5085 Y1.5132
G1 X-3.4890 Y1.5117
G1 X-3.3645 Y1.5056
G1 X-3.3350 Y1.5051
G1 X-3.3154 Y1.5056
G1 X-3.1909 Y1.5117
G1 X-3.1616 Y1.5141
G1 X-3.1421 Y1.5165
G1 X-3.0188 Y1.5348
G1 X-2.9898 Y1.5401
G1 X-2.9707 Y1.5444
G1 X-2.8498 Y1.5747
G1 X-2.8215 Y1.5828
G1 X-2.8028 Y1.5889
G1 X-2.6855 Y1.6309
G1 X-2.6581 Y1.6417
G1 X-2.6401 Y1.6497
G1 X-2.5275 Y1.7030
G1 X-2.5013 Y1.7164
G1 X-2.4842 Y1.7261
G1 X-2.3773 Y1.7902
G1 X-2.3525 Y1.8061
G1 X-2.3365 Y1.8174
G1 X-2.2364 Y1.8917
G1 X-2.2133 Y1.9100
G1 X-2.1985 Y1.9228
G1 X-2.1061 Y2.0065
G1 X-2.0849 Y2.0270
G1 X-2.0714 Y2.0412
G1 X-1.9877 Y2.1336
G1 X-1.9687 Y2.1560
G1 X-1.9566 Y2.1715
G1 X-1.8823 Y2.2716
G1 X-1.8656 Y2.2958
G1 X-1.8551 Y2.3124
G1 X-1.7910 Y2.4193
G1 X-1.7767 Y2.4450
G1 X-1.7679 Y2.4626
G1 X-1.7146 Y2.5752
G1 X-1.7029 Y2.6023
G1 X-1.6958 Y2.6206
G1 X-1.6538 Y2.7379
G1 X-1.6448 Y2.7660
G1 X-1.6396 Y2.7849
G1 X-1.6093 Y2.9058
G1 X-1.6031 Y2.9346
G1 X-1.5997 Y2.9539
G1 X-1.5814 Y3.0772
G1 X-1.5781 Y3.1065
G1 X-1.5766 Y3.1260
G1 X-1.5705 Y3.2505
G1 X-1.5700 Y3.2800
G1 Z2.0000
G1 X-1.7501 Y4.0500
G1 F60.00
G1 Z0.7
G1 F60.00
G1 X-0.6650 Y4.0500
G1 X-0.6650 Y4.5300
G1 X-2.0918 Y4.5300
G1 Z2.0000
G1 X-34.9556 Y3.2750
G1 F60.00
G1 Z0.7
G1 F60.00
G1 X-34.9593 Y3.1996
G1 X-34.9704 Y3.1250
G1 X-34.9887 Y3.0517
G1 X-35.0142 Y2.9806
G1 X-35.0464 Y2.9124
G1 X-35.0853 Y2.8476
G1 X-35.1302 Y2.7870
G1 X-35.1809 Y2.7310
G1 X-35.2369 Y2.6803
G1 X-35.2975 Y2.6354
G1 X-35.3623 Y2.5965
G1 X-35.4305 Y2.5643
G1 X-35.5016 Y2.5388
G1 X-35.5749 Y2.5205
G1 X-35.6495 Y2.5094
G1 X-35.7250 Y2.5057
G1 X-35.8004 Y2.5094
G1 X-35.8750 Y2.5205
G1 X-35.9483 Y2.5388
G1 X-36.0194 Y2.5643
G1 X-36.0876 Y2.5965
G1 X-36.1524 Y2.6354
G1 X-36.2130 Y2.6803
G1 X-36.2690 Y2.7310
G1 X-36.3197 Y2.7870
G1 X-36.3646 Y2.8476
G1 X-36.4035 Y2.9124
G1 X-36.4357 Y2.9806
G1 X-36.4612 Y3.0517
G1 X-36.4795 Y3.1250
G1 X-36.4906 Y3.1996
G1 X-36.4943 Y3.2750
G1 X-36.4906 Y3.3505
G1 X-36.4795 Y3.4251
G1 X-36.4612 Y3.4984
G1 X-36.4357 Y3.5695
G1 X-36.4035 Y3.6377
G1 X-36.3646 Y3.7025
G1 X-36.3197 Y3.7631
G1 X-36.2690 Y3.8191
G1 X-36.2130 Y3.8698
G1 X-36.1524 Y3.9147
G1 X-36.0876 Y3.9536
G1 X-36.0194 Y3.9858
G1 X-35.9483 Y4.0113
G1 X-35.8750 Y4.0296
G1 X-35.8004 Y4.0407
G1 X-35.7250 Y4.0444
G1 X-35.6495 Y4.0407
G1 X-35.5749 Y4.0296
G1 X-35.5016 Y4.0113
G1 X-35.4305 Y3.9858
G1 X-35.3623 Y3.9536
G1 X-35.2975 Y3.9147
G1 X-35.2369 Y3.8698
G1 X-35.1809 Y3.8191
G1 X-35.1302 Y3.7631
G1 X-35.0853 Y3.7025
G1 X-35.0464 Y3.6377
G1 X-35.0142 Y3.5695
G1 X-34.9887 Y3.4984
G1 X-34.9704 Y3.4251
G1 X-34.9593 Y3.3505
G1 X-34.9556 Y3.2750
G1 X-34.9804 Y3.0849
G1 X-36.4695 Y3.0849
G1 X-36.4374 Y3.5649
G1 X-35.0125 Y3.5649
G1 X-35.3484 Y2.6049
G1 X-36.1015 Y2.6049
G1 Z2.0000
G1 X-36.4254 Y1.6500
G1 F60.00
G1 Z0.7
G1 F60.00
G1 X-38.3294 Y1.6500
G1 X-38.3999 Y2.1300
G1 X-37.0740 Y2.1300
G1 Z2.0000
G1 X-37.3651 Y2.6100
G1 F60.00
G1 Z0.7
G1 F60.00
G1 X-38.3999 Y2.6100
G1 X-38.3999 Y3.0900
G1 X-37.4851 Y3.0900
G1 Z2.0000
G1 X-37.4691 Y3.5700
G1 F60.00
G1 Z0.7
G1 F60.00
G1 X-38.3999 Y3.5700
G1 X-38.3999 Y4.0500
G1 X-37.3148 Y4.0500
G1 Z2.0000
G1 X-36.9731 Y4.5300
G1 F60.00
G1 Z0.7
G1 F60.00
G1 X-38.3999 Y4.5300
G1 X-38.3999 Y5.0100
G1 X-36.0751 Y5.0100
G1 Z2.0000

G1 Z2.0000
G1 Z15.00


